word_id	ref	surface	lemma	morph
06xeN	Josh.1.1	וַ/יְהִ֗י	c/1961	HC/Vqw3ms
06Nvk	Josh.1.1	אַחֲרֵ֛י	310 a	HR
06TyA	Josh.1.1	מ֥וֹת	4194	HNcmsc
06vuQ	Josh.1.1	מֹשֶׁ֖ה	4872	HNp
06TSc	Josh.1.1	עֶ֣בֶד	5650	HNcmsc
06k5P	Josh.1.1	יְהוָ֑ה	3068	HNp
06nPh	Josh.1.1	וַ/יֹּ֤אמֶר	c/559	HC/Vqw3ms
06LN3	Josh.1.1	יְהוָה֙	3068	HNp
06Qzf	Josh.1.1	אֶל	413	HR
06aPd	Josh.1.1	יְהוֹשֻׁ֣עַ	3091	HNp
06eYX	Josh.1.1	בִּן	1121 a	HNcmsc
06C5U	Josh.1.1	נ֔וּן	5126	HNp
06qNN	Josh.1.1	מְשָׁרֵ֥ת	8334	HVprmsc
06EVS	Josh.1.1	מֹשֶׁ֖ה	4872	HNp
06PB6	Josh.1.1	לֵ/אמֹֽר	l/559	HR/Vqc
0637c	Josh.1.2	מֹשֶׁ֥ה	4872	HNp
06x9c	Josh.1.2	עַבְדִּ֖/י	5650	HNcmsc/Sp1cs
06yNB	Josh.1.2	מֵ֑ת	4191	HVqp3ms
0629t	Josh.1.2	וְ/עַתָּה֩	c/6258	HC/D
06KZG	Josh.1.2	ק֨וּם	6965 b	HVqv2ms
06TZE	Josh.1.2	עֲבֹ֜ר	5674 a	HVqv2ms
06thY	Josh.1.2	אֶת	853	HTo
06JM7	Josh.1.2	הַ/יַּרְדֵּ֣ן	d/3383	HTd/Np
06fpo	Josh.1.2	הַ/זֶּ֗ה	d/2088	HTd/Pdxms
06W26	Josh.1.2	אַתָּה֙	859 a	HPp2ms
06yw4	Josh.1.2	וְ/כָל	c/3605	HC/Ncmsc
06jbg	Josh.1.2	הָ/עָ֣ם	d/5971 a	HTd/Ncmsa
06USR	Josh.1.2	הַ/זֶּ֔ה	d/2088	HTd/Pdxms
06v6U	Josh.1.2	אֶל	413	HR
065SS	Josh.1.2	הָ/אָ֕רֶץ	d/776	HTd/Ncbsa
06GzE	Josh.1.2	אֲשֶׁ֧ר	834 a	HTr
06qCU	Josh.1.2	אָנֹכִ֛י	595	HPp1cs
06g2y	Josh.1.2	נֹתֵ֥ן	5414	HVqrmsa
06jQb	Josh.1.2	לָ/הֶ֖ם	l	HR/Sp3mp
06794	Josh.1.2	לִ/בְנֵ֥י	l/1121 a	HR/Ncmpc
06CsU	Josh.1.2	יִשְׂרָאֵֽל	3478	HNp
06XR4	Josh.1.3	כָּל	3605	HNcmsc
06KvS	Josh.1.3	מָק֗וֹם	4725	HNcmsa
06dBc	Josh.1.3	אֲשֶׁ֨ר	834 a	HTr
06nAB	Josh.1.3	תִּדְרֹ֧ךְ	1869	HVqi3fs
06kfX	Josh.1.3	כַּֽף	3709	HNcfsc
06Wkf	Josh.1.3	רַגְלְ/כֶ֛ם	7272	HNcfsc/Sp2mp
06wrL	Josh.1.3	בּ֖/וֹ	b	HR/Sp3ms
063TL	Josh.1.3	לָ/כֶ֣ם	l	HR/Sp2mp
06LeN	Josh.1.3	נְתַתִּ֑י/ו	5414	HVqp1cs/Sp3ms
06sMn	Josh.1.3	כַּ/אֲשֶׁ֥ר	k/834 d	HR/Tr
06Y3z	Josh.1.3	דִּבַּ֖רְתִּי	1696	HVpp1cs
06NQN	Josh.1.3	אֶל	413	HR
06uLf	Josh.1.3	מֹשֶֽׁה	4872	HNp
06kA7	Josh.1.4	מֵ/הַ/מִּדְבָּר֩	m/d/4057 b	HR/Td/Ncmsa
063TS	Josh.1.4	וְ/הַ/לְּבָנ֨וֹן	c/d/3844	HC/Td/Np
06NFp	Josh.1.4	הַ/זֶּ֜ה	d/2088	HTd/Pdxms
067am	Josh.1.4	וְֽ/עַד	c/5704	HC/R
06hh7	Josh.1.4	הַ/נָּהָ֧ר	d/5104	HTd/Ncmsa
06BsK	Josh.1.4	הַ/גָּד֣וֹל	d/1419 a	HTd/Aamsa
06fsu	Josh.1.4	נְהַר	5104	HNcmsc
068M6	Josh.1.4	פְּרָ֗ת	6578	HNp
06wM5	Josh.1.4	כֹּ֚ל	3605	HNcmsc
06qty	Josh.1.4	אֶ֣רֶץ	776	HNcbsc
065gQ	Josh.1.4	הַֽ/חִתִּ֔ים	d/2850	HTd/Ngmpa
06Xw6	Josh.1.4	וְ/עַד	c/5704	HC/R
06eHJ	Josh.1.4	הַ/יָּ֥ם	d/3220	HTd/Ncmsa
06H6L	Josh.1.4	הַ/גָּד֖וֹל	d/1419 a	HTd/Aamsa
06bmv	Josh.1.4	מְב֣וֹא	3996	HNcmsc
06FV9	Josh.1.4	הַ/שָּׁ֑מֶשׁ	d/8121	HTd/Ncbsa
06Xm1	Josh.1.4	יִֽהְיֶ֖ה	1961	HVqi3ms
06UE6	Josh.1.4	גְּבוּלְ/כֶֽם	1366	HNcmsc/Sp2mp
06goK	Josh.1.5	לֹֽא	3808	HTn
06CyH	Josh.1.5	יִתְיַצֵּ֥ב	3320	HVti3ms
06A4a	Josh.1.5	אִישׁ֙	376	HNcmsa
065Pr	Josh.1.5	לְ/פָנֶ֔י/ךָ	l/6440	HR/Ncbpc/Sp2ms
06L4k	Josh.1.5	כֹּ֖ל	3605	HNcmsc
06Mnv	Josh.1.5	יְמֵ֣י	3117	HNcmpc
06mwU	Josh.1.5	חַיֶּ֑י/ךָ	2416 e	HNcmpc/Sp2ms
06tKT	Josh.1.5	כַּֽ/אֲשֶׁ֨ר	k/834 d	HR/Tr
06NRT	Josh.1.5	הָיִ֤יתִי	1961	HVqp1cs
06sRU	Josh.1.5	עִם	5973 a	HR
06Wxq	Josh.1.5	מֹשֶׁה֙	4872	HNp
069qY	Josh.1.5	אֶהְיֶ֣ה	1961	HVqi1cs
06n5f	Josh.1.5	עִמָּ֔/ךְ	5973 a	HR/Sp2fs
06YUq	Josh.1.5	לֹ֥א	3808	HTn
06fQr	Josh.1.5	אַרְפְּ/ךָ֖	7503	HVhi1cs/Sp2ms
06L7t	Josh.1.5	וְ/לֹ֥א	c/3808	HC/Tn
06A74	Josh.1.5	אֶעֶזְבֶֽ/ךָּ	5800 a	HVqi1cs/Sp2ms
06dNE	Josh.1.6	חֲזַ֖ק	2388	HVqv2ms
06xdF	Josh.1.6	וֶ/אֱמָ֑ץ	c/553	HC/Vqv2ms
06AYg	Josh.1.6	כִּ֣י	3588 a	HC
06Ls9	Josh.1.6	אַתָּ֗ה	859 a	HPp2ms
06Snp	Josh.1.6	תַּנְחִיל֙	5157	HVhi2ms
0687B	Josh.1.6	אֶת	853	HTo
06nLp	Josh.1.6	הָ/עָ֣ם	d/5971 a	HTd/Ncmsa
06PzC	Josh.1.6	הַ/זֶּ֔ה	d/2088	HTd/Pdxms
06NPq	Josh.1.6	אֶת	853	HTo
06d5m	Josh.1.6	הָ/אָ֕רֶץ	d/776	HTd/Ncbsa
06BYa	Josh.1.6	אֲשֶׁר	834 a	HTr
06LJh	Josh.1.6	נִשְׁבַּ֥עְתִּי	7650	HVNp1cs
06tRR	Josh.1.6	לַ/אֲבוֹתָ֖/ם	l/1	HR/Ncmpc/Sp3mp
06Q7E	Josh.1.6	לָ/תֵ֥ת	l/5414	HR/Vqc
06dv1	Josh.1.6	לָ/הֶֽם	l	HR/Sp3mp
06QwM	Josh.1.7	רַק֩	7535	HTa
06a62	Josh.1.7	חֲזַ֨ק	2388	HVqv2ms
06KvD	Josh.1.7	וֶֽ/אֱמַ֜ץ	c/553	HC/Vqv2ms
06GLz	Josh.1.7	מְאֹ֗ד	3966	HD
06BU7	Josh.1.7	לִ/שְׁמֹ֤ר	l/8104	HR/Vqc
06iy2	Josh.1.7	לַ/עֲשׂוֹת֙	l/6213 a	HR/Vqc
06zQ2	Josh.1.7	כְּ/כָל	k/3605	HR/Ncmsc
06Wxx	Josh.1.7	הַ/תּוֹרָ֗ה	d/8451	HTd/Ncfsa
06jQ8	Josh.1.7	אֲשֶׁ֤ר	834 a	HTr
06Haa	Josh.1.7	צִוְּ/ךָ֙	6680	HVpp3ms/Sp2ms
06fJN	Josh.1.7	מֹשֶׁ֣ה	4872	HNp
069KV	Josh.1.7	עַבְדִּ֔/י	5650	HNcmsc/Sp1cs
06F1s	Josh.1.7	אַל	408	HTn
06dns	Josh.1.7	תָּס֥וּר	5493	HVqj2ms
06GK3	Josh.1.7	מִמֶּ֖/נּוּ	4480 a	HR/Sp1cp
06nRZ	Josh.1.7	יָמִ֣ין	3225	HNcfsa
06cpb	Josh.1.7	וּ/שְׂמֹ֑אול	c/8040	HC/Ncmsa
06zio	Josh.1.7	לְמַ֣עַן	4616	HR
06Qsh	Josh.1.7	תַּשְׂכִּ֔יל	7919 a	HVhi2ms
06zTj	Josh.1.7	בְּ/כֹ֖ל	b/3605	HR/Ncmsa
06fPi	Josh.1.7	אֲשֶׁ֥ר	834 a	HTr
06GYe	Josh.1.7	תֵּלֵֽךְ	3212	HVqi2ms
06Bbz	Josh.1.8	לֹֽא	3808	HTn
06VA9	Josh.1.8	יָמ֡וּשׁ	4185	HVqi3ms
06fV3	Josh.1.8	סֵפֶר֩	5612 a	HNcmsc
06Sov	Josh.1.8	הַ/תּוֹרָ֨ה	d/8451	HTd/Ncfsa
06V27	Josh.1.8	הַ/זֶּ֜ה	d/2088	HTd/Pdxms
06ifp	Josh.1.8	מִ/פִּ֗י/ךָ	m/6310	HR/Ncmsc/Sp2ms
067ZG	Josh.1.8	וְ/הָגִ֤יתָ	c/1897	HC/Vqq2ms
06B2d	Josh.1.8	בּ/וֹ֙	b	HR/Sp3ms
06ewe	Josh.1.8	יוֹמָ֣ם	3119	HD
06SV6	Josh.1.8	וָ/לַ֔יְלָה	c/3915	HC/Ncmsa
06G83	Josh.1.8	לְמַ֨עַן֙	4616	HR
06vzS	Josh.1.8	תִּשְׁמֹ֣ר	8104	HVqi2ms
06Gq9	Josh.1.8	לַ/עֲשׂ֔וֹת	l/6213 a	HR/Vqc
063y8	Josh.1.8	כְּ/כָל	k/3605	HR/Ncmsc
06TXw	Josh.1.8	הַ/כָּת֖וּב	d/3789	HTd/Vqsmsa
06Y4K	Josh.1.8	בּ֑/וֹ	b	HR/Sp3ms
06C32	Josh.1.8	כִּי	3588 a	HC
06aMT	Josh.1.8	אָ֛ז	227 a	HD
06Cof	Josh.1.8	תַּצְלִ֥יחַ	6743 b	HVhi2ms
06YWU	Josh.1.8	אֶת	853	HTo
06rAQ	Josh.1.8	דְּרָכֶ֖/ךָ	1870	HNcbpc/Sp2ms
06fLi	Josh.1.8	וְ/אָ֥ז	c/227 a	HC/D
06Ptj	Josh.1.8	תַּשְׂכִּֽיל	7919 a	HVhi2ms
06AJj	Josh.1.9	הֲ/ל֤וֹא	i/3808	HTi/Tn
069Hv	Josh.1.9	צִוִּיתִ֨י/ךָ֙	6680	HVpp1cs/Sp2ms
06j1i	Josh.1.9	חֲזַ֣ק	2388	HVqv2ms
06J9J	Josh.1.9	וֶ/אֱמָ֔ץ	c/553	HC/Vqv2ms
06U4n	Josh.1.9	אַֽל	408	HTn
062Kt	Josh.1.9	תַּעֲרֹ֖ץ	6206	HVqj2ms
06RmH	Josh.1.9	וְ/אַל	c/408	HC/Tn
06SWL	Josh.1.9	תֵּחָ֑ת	2865	HVNj2ms
0675P	Josh.1.9	כִּ֤י	3588 a	HC
063Lj	Josh.1.9	עִמְּ/ךָ֙	5973 a	HR/Sp2ms
06Qa3	Josh.1.9	יְהוָ֣ה	3068	HNp
06WTe	Josh.1.9	אֱלֹהֶ֔י/ךָ	430	HNcmpc/Sp2ms
066VM	Josh.1.9	בְּ/כֹ֖ל	b/3605	HR/Ncmsa
06sKn	Josh.1.9	אֲשֶׁ֥ר	834 a	HTr
06oAj	Josh.1.9	תֵּלֵֽךְ	3212	HVqi2ms
06AxB	Josh.1.10	וַ/יְצַ֣ו	c/6680	HC/Vpw3ms
06Ap3	Josh.1.10	יְהוֹשֻׁ֔עַ	3091	HNp
06CEu	Josh.1.10	אֶת	853	HTo
06zpy	Josh.1.10	שֹׁטְרֵ֥י	7860	HNcmpc
06FiN	Josh.1.10	הָ/עָ֖ם	d/5971 a	HTd/Ncmsa
06cLk	Josh.1.10	לֵ/אמֹֽר	l/559	HR/Vqc
0692v	Josh.1.11	עִבְר֣וּ	5674 a	HVqv2mp
06j63	Josh.1.11	בְּ/קֶ֣רֶב	b/7130	HR/Ncmsc
06LFW	Josh.1.11	הַֽ/מַּחֲנֶ֗ה	d/4264	HTd/Ncbsa
06FbT	Josh.1.11	וְ/צַוּ֤וּ	c/6680	HC/Vpv2mp
06Bx7	Josh.1.11	אֶת	853	HTo
06btu	Josh.1.11	הָ/עָם֙	d/5971 a	HTd/Ncmsa
06rTK	Josh.1.11	לֵ/אמֹ֔ר	l/559	HR/Vqc
06SHw	Josh.1.11	הָכִ֥ינוּ	3559 a	HVhv2mp
06VuH	Josh.1.11	לָ/כֶ֖ם	l	HR/Sp2mp
06Axb	Josh.1.11	צֵידָ֑ה	6720	HNcbsa
06xva	Josh.1.11	כִּ֞י	3588 a	HC
06NrT	Josh.1.11	בְּ/ע֣וֹד	b/5750	HR/D
06iAD	Josh.1.11	שְׁלֹ֣שֶׁת	7969	HAcmsc
06372	Josh.1.11	יָמִ֗ים	3117	HNcmpa
06FMU	Josh.1.11	אַתֶּם֙	859 d	HPp2mp
06SaV	Josh.1.11	עֹֽבְרִים֙	5674 a	HVqrmpa
064W9	Josh.1.11	אֶת	853	HTo
06MmM	Josh.1.11	הַ/יַּרְדֵּ֣ן	d/3383	HTd/Np
06wJn	Josh.1.11	הַ/זֶּ֔ה	d/2088	HTd/Pdxms
06CQo	Josh.1.11	לָ/בוֹא֙	l/935	HR/Vqc
06XyU	Josh.1.11	לָ/רֶ֣שֶׁת	l/3423	HR/Vqc
06BG4	Josh.1.11	אֶת	853	HTo
06YHH	Josh.1.11	הָ/אָ֔רֶץ	d/776	HTd/Ncbsa
06sHf	Josh.1.11	אֲשֶׁר֙	834 a	HTr
06iee	Josh.1.11	יְהוָ֣ה	3068	HNp
063eS	Josh.1.11	אֱלֹֽהֵי/כֶ֔ם	430	HNcmpc/Sp2mp
06ddd	Josh.1.11	נֹתֵ֥ן	5414	HVqrmsa
06hxo	Josh.1.11	לָ/כֶ֖ם	l	HR/Sp2mp
06TW6	Josh.1.11	לְ/רִשְׁתָּֽ/הּ	l/3423	HR/Vqc/Sp3fs
06PVx	Josh.1.12	וְ/לָ/רֽאוּבֵנִי֙	c/l/7206	HC/Rd/Ngmsa
06PGK	Josh.1.12	וְ/לַ/גָּדִ֔י	c/l/1425	HC/Rd/Ngmsa
06U4a	Josh.1.12	וְ/לַ/חֲצִ֖י	c/l/2677	HC/R/Ncmsc
06dSQ	Josh.1.12	שֵׁ֣בֶט	7626	HNcmsc
06Qbs	Josh.1.12	הַֽ/מְנַשֶּׁ֑ה	d/4519	HTd/Np
06ndZ	Josh.1.12	אָמַ֥ר	559	HVqp3ms
06Xa1	Josh.1.12	יְהוֹשֻׁ֖עַ	3091	HNp
063yJ	Josh.1.12	לֵ/אמֹֽר	l/559	HR/Vqc
06B6c	Josh.1.13	זָכוֹר֙	2142	HVqa
06bju	Josh.1.13	אֶת	853	HTo
06cn3	Josh.1.13	הַ/דָּבָ֔ר	d/1697	HTd/Ncmsa
067mS	Josh.1.13	אֲשֶׁ֨ר	834 a	HTr
06dJe	Josh.1.13	צִוָּ֥ה	6680	HVpp3ms
06WvG	Josh.1.13	אֶתְ/כֶ֛ם	853	HTo/Sp2mp
06RXg	Josh.1.13	מֹשֶׁ֥ה	4872	HNp
06pqY	Josh.1.13	עֶֽבֶד	5650	HNcmsc
06n9v	Josh.1.13	יְהוָ֖ה	3068	HNp
06gYe	Josh.1.13	לֵ/אמֹ֑ר	l/559	HR/Vqc
06eXj	Josh.1.13	יְהוָ֤ה	3068	HNp
068ro	Josh.1.13	אֱלֹהֵי/כֶם֙	430	HNcmpc/Sp2mp
06v5z	Josh.1.13	מֵנִ֣יחַ	5117	HVhrmsa
06bCC	Josh.1.13	לָ/כֶ֔ם	l	HR/Sp2mp
066By	Josh.1.13	וְ/נָתַ֥ן	c/5414	HC/Vqq3ms
06CZB	Josh.1.13	לָ/כֶ֖ם	l	HR/Sp2mp
06VTb	Josh.1.13	אֶת	853	HTo
066qf	Josh.1.13	הָ/אָ֥רֶץ	d/776	HTd/Ncbsa
06efz	Josh.1.13	הַ/זֹּֽאת	d/2063	HTd/Pdxfs
06QG5	Josh.1.14	נְשֵׁי/כֶ֣ם	802	HNcfpc/Sp2mp
063k3	Josh.1.14	טַפְּ/כֶם֮	2945	HNcmsc/Sp2mp
061rL	Josh.1.14	וּ/מִקְנֵי/כֶם֒	c/4735	HC/Ncmpc/Sp2mp
06W2c	Josh.1.14	יֵשְׁב֕וּ	3427	HVqi3mp
06mL3	Josh.1.14	בָּ/אָ֕רֶץ	b/776	HRd/Ncbsa
06zfc	Josh.1.14	אֲשֶׁ֨ר	834 a	HTr
06sYp	Josh.1.14	נָתַ֥ן	5414	HVqp3ms
06GvF	Josh.1.14	לָ/כֶ֛ם	l	HR/Sp2mp
06dAC	Josh.1.14	מֹשֶׁ֖ה	4872	HNp
06i4W	Josh.1.14	בְּ/עֵ֣בֶר	b/5676	HR/Ncmsc
06chR	Josh.1.14	הַ/יַּרְדֵּ֑ן	d/3383	HTd/Np
06Ddq	Josh.1.14	וְ/אַתֶּם֩	c/859 d	HC/Pp2mp
06dSp	Josh.1.14	תַּעַבְר֨וּ	5674 a	HVqi2mp
06ecS	Josh.1.14	חֲמֻשִׁ֜ים	2571	HVqsmpa
062tG	Josh.1.14	לִ/פְנֵ֣י	l/6440	HR/Ncbpc
06Xzm	Josh.1.14	אֲחֵי/כֶ֗ם	251	HNcmpc/Sp2mp
06CCj	Josh.1.14	כֹּ֚ל	3605	HNcmsc
06gV8	Josh.1.14	גִּבּוֹרֵ֣י	1368	HAampc
06Czz	Josh.1.14	הַ/חַ֔יִל	d/2428	HTd/Ncmsa
06uXX	Josh.1.14	וַ/עֲזַרְתֶּ֖ם	c/5826	HC/Vqq2mp
06xCL	Josh.1.14	אוֹתָֽ/ם	853	HTo/Sp3mp
06Qnr	Josh.1.15	עַ֠ד	5704	HR
066kU	Josh.1.15	אֲשֶׁר	834 a	HTr
06qry	Josh.1.15	יָנִ֨יחַ	5117	HVhi3ms
06bvP	Josh.1.15	יְהוָ֥ה	3068	HNp
06wjj	Josh.1.15	לַֽ/אֲחֵי/כֶם֮	l/251	HR/Ncmpc/Sp2mp
06Tn7	Josh.1.15	כָּ/כֶם֒	k	HR/Sp2mp
06hEs	Josh.1.15	וְ/יָרְשׁ֣וּ	c/3423	HC/Vqq3cp
06xAF	Josh.1.15	גַם	1571	HD
06qg1	Josh.1.15	הֵ֔מָּה	1992	HPp3mp
066w9	Josh.1.15	אֶת	853	HTo
06wA4	Josh.1.15	הָ/אָ֕רֶץ	d/776	HTd/Ncbsa
06ibe	Josh.1.15	אֲשֶׁר	834 a	HTr
06v8V	Josh.1.15	יְהוָ֥ה	3068	HNp
06T2S	Josh.1.15	אֱלֹֽהֵי/כֶ֖ם	430	HNcmpc/Sp2mp
06tkJ	Josh.1.15	נֹתֵ֣ן	5414	HVqrmsa
06EXL	Josh.1.15	לָ/הֶ֑ם	l	HR/Sp3mp
06ZPN	Josh.1.15	וְ/שַׁבְתֶּ֞ם	c/7725	HC/Vqq2mp
06q1G	Josh.1.15	לְ/אֶ֤רֶץ	l/776	HR/Ncbsc
06bYD	Josh.1.15	יְרֻשַּׁתְ/כֶם֙	3425	HNcfsc/Sp2mp
06v2F	Josh.1.15	וִֽ/ירִשְׁתֶּ֣ם	c/3423	HC/Vqq2mp
067vt	Josh.1.15	אוֹתָ֔/הּ	853	HTo/Sp3fs
06kDm	Josh.1.15	אֲשֶׁ֣ר	834 a	HTr
06doW	Josh.1.15	נָתַ֣ן	5414	HVqp3ms
06eRa	Josh.1.15	לָ/כֶ֗ם	l	HR/Sp2mp
06kDf	Josh.1.15	מֹשֶׁה֙	4872	HNp
0663G	Josh.1.15	עֶ֣בֶד	5650	HNcmsc
06WPn	Josh.1.15	יְהוָ֔ה	3068	HNp
061jv	Josh.1.15	בְּ/עֵ֥בֶר	b/5676	HR/Ncmsc
06cK8	Josh.1.15	הַ/יַּרְדֵּ֖ן	d/3383	HTd/Np
06DDb	Josh.1.15	מִזְרַ֥ח	4217	HNcmsc
06RCg	Josh.1.15	הַ/שָּֽׁמֶשׁ	d/8121	HTd/Ncbsa
065KE	Josh.1.16	וַֽ/יַּעֲנ֔וּ	c/6030 b	HC/Vqw3mp
06qVd	Josh.1.16	אֶת	853	HTo
06koG	Josh.1.16	יְהוֹשֻׁ֖עַ	3091	HNp
06e6B	Josh.1.16	לֵ/אמֹ֑ר	l/559	HR/Vqc
068GY	Josh.1.16	כֹּ֤ל	3605	HNcmsa
06GpK	Josh.1.16	אֲשֶׁר	834 a	HTr
0668C	Josh.1.16	צִוִּיתָ֨/נוּ֙	6680	HVpp2ms/Sp1cp
06CMz	Josh.1.16	נַֽעֲשֶׂ֔ה	6213 a	HVqi1cp
06D4c	Josh.1.16	וְ/אֶֽל	c/413	HC/R
06ta1	Josh.1.16	כָּל	3605	HNcmsc
06JnD	Josh.1.16	אֲשֶׁ֥ר	834 a	HTr
06jfz	Josh.1.16	תִּשְׁלָחֵ֖/נוּ	7971	HVqi2ms/Sp1cp
06ErQ	Josh.1.16	נֵלֵֽךְ	3212	HVqi1cp
064fv	Josh.1.17	כְּ/כֹ֤ל	k/3605	HR/Ncmsa
06yDv	Josh.1.17	אֲשֶׁר	834 a	HTr
06jyT	Josh.1.17	שָׁמַ֨עְנוּ֙	8085	HVqp1cp
06Unh	Josh.1.17	אֶל	413	HR
06QH2	Josh.1.17	מֹשֶׁ֔ה	4872	HNp
06xxn	Josh.1.17	כֵּ֖ן	3651 c	HTm
06ou4	Josh.1.17	נִשְׁמַ֣ע	8085	HVqi1cp
063KZ	Josh.1.17	אֵלֶ֑י/ךָ	413	HR/Sp2ms
06jNE	Josh.1.17	רַ֠ק	7535	HTa
06hj3	Josh.1.17	יִֽהְיֶ֞ה	1961	HVqi3ms
06iDs	Josh.1.17	יְהוָ֤ה	3068	HNp
066Lo	Josh.1.17	אֱלֹהֶ֨י/ךָ֙	430	HNcmpc/Sp2ms
06JZq	Josh.1.17	עִמָּ֔/ךְ	5973 a	HR/Sp2fs
06ZpQ	Josh.1.17	כַּ/אֲשֶׁ֥ר	k/834 d	HR/Tr
069gS	Josh.1.17	הָיָ֖ה	1961	HVqp3ms
06LAe	Josh.1.17	עִם	5973 a	HR
06qK3	Josh.1.17	מֹשֶֽׁה	4872	HNp
061Cv	Josh.1.18	כָּל	3605	HNcmsc
06PBQ	Josh.1.18	אִ֞ישׁ	376	HNcmsa
06mr5	Josh.1.18	אֲשֶׁר	834 a	HTr
06QDu	Josh.1.18	יַמְרֶ֣ה	4784	HVhi3ms
06PbY	Josh.1.18	אֶת	853	HTo
06Ew6	Josh.1.18	פִּ֗י/ךָ	6310	HNcmsc/Sp2ms
0674R	Josh.1.18	וְ/לֹֽא	c/3808	HC/Tn
066zt	Josh.1.18	יִשְׁמַ֧ע	8085	HVqi3ms
06zEm	Josh.1.18	אֶת	853	HTo
062dm	Josh.1.18	דְּבָרֶ֛י/ךָ	1697	HNcmpc/Sp2ms
06uYh	Josh.1.18	לְ/כֹ֥ל	l/3605	HR/Ncmsa
06YxK	Josh.1.18	אֲשֶׁר	834 a	HTr
06aSJ	Josh.1.18	תְּצַוֶּ֖/נּוּ	6680	HVpi2ms/Sp3ms
06Kz2	Josh.1.18	יוּמָ֑ת	4191	HVHi3ms
06YhQ	Josh.1.18	רַ֖ק	7535	HTa
06azZ	Josh.1.18	חֲזַ֥ק	2388	HVqv2ms
06oiy	Josh.1.18	וֶ/אֱמָֽץ	c/553	HC/Vqv2ms
06gPX	Josh.2.1	וַ/יִּשְׁלַ֣ח	c/7971	HC/Vqw3ms
06gtq	Josh.2.1	יְהוֹשֻׁ֣עַ	3091	HNp
06HSQ	Josh.2.1	בִּן	1121 a	HNcmsc
06fbB	Josh.2.1	נ֠וּן	5126	HNp
06k1L	Josh.2.1	מִֽן	4480 a	HR
062tS	Josh.2.1	הַ/שִּׁטִּ֞ים	d/7851	HTd/Np
06EVu	Josh.2.1	שְׁנַֽיִם	8147	HAcmda
06ygU	Josh.2.1	אֲנָשִׁ֤ים	376	HNcmpa
06swV	Josh.2.1	מְרַגְּלִים֙	7270	HVprmpa
06HjU	Josh.2.1	חֶ֣רֶשׁ	2791 a	HNcmsa
06d3U	Josh.2.1	לֵ/אמֹ֔ר	l/559	HR/Vqc
06NtK	Josh.2.1	לְכ֛וּ	3212	HVqv2mp
06U94	Josh.2.1	רְא֥וּ	7200	HVqv2mp
06zqr	Josh.2.1	אֶת	853	HTo
066JA	Josh.2.1	הָ/אָ֖רֶץ	d/776	HTd/Ncbsa
06JyD	Josh.2.1	וְ/אֶת	c/853	HC/To
06jjy	Josh.2.1	יְרִיח֑וֹ	3405	HNp
0679E	Josh.2.1	וַ/יֵּ֨לְכ֜וּ	c/3212	HC/Vqw3mp
06Zuo	Josh.2.1	וַ֠/יָּבֹאוּ	c/935	HC/Vqw3mp
06LXS	Josh.2.1	בֵּית	1004 b	HNcmsc
06mR4	Josh.2.1	אִשָּׁ֥ה	802	HNcfsa
06MC8	Josh.2.1	זוֹנָ֛ה	2181	HVqrfsa
06BnR	Josh.2.1	וּ/שְׁמָ֥/הּ	c/8034	HC/Ncmsc/Sp3fs
06PUg	Josh.2.1	רָחָ֖ב	7343	HNp
06pUN	Josh.2.1	וַ/יִּשְׁכְּבוּ	c/7901	HC/Vqw3mp
06gc8	Josh.2.1	שָֽׁמָּ/ה	8033	HD/Sd
06Lsp	Josh.2.2	וַ/יֵּ֣אָמַ֔ר	c/559	HC/VNw3ms
06SAE	Josh.2.2	לְ/מֶ֥לֶךְ	l/4428	HR/Ncmsc
063gY	Josh.2.2	יְרִיח֖וֹ	3405	HNp
06RuM	Josh.2.2	לֵ/אמֹ֑ר	l/559	HR/Vqc
06WFU	Josh.2.2	הִנֵּ֣ה	2009	HTm
06BJv	Josh.2.2	אֲ֠נָשִׁים	376	HNcmpa
06ExP	Josh.2.2	בָּ֣אוּ	935	HVqp3cp
06ypu	Josh.2.2	הֵ֧נָּה	2008	HD
06mP3	Josh.2.2	הַ/לַּ֛יְלָה	d/3915	HTd/Ncmsa
06V8b	Josh.2.2	מִ/בְּנֵ֥י	m/1121 a	HR/Ncmpc
06suQ	Josh.2.2	יִשְׂרָאֵ֖ל	3478	HNp
061Su	Josh.2.2	לַ/חְפֹּ֥ר	l/2658	HR/Vqc
06MEz	Josh.2.2	אֶת	853	HTo
06Q2u	Josh.2.2	הָ/אָֽרֶץ	d/776	HTd/Ncbsa
06yT5	Josh.2.3	וַ/יִּשְׁלַח֙	c/7971	HC/Vqw3ms
06b5Q	Josh.2.3	מֶ֣לֶךְ	4428	HNcmsc
06F88	Josh.2.3	יְרִיח֔וֹ	3405	HNp
06AXb	Josh.2.3	אֶל	413	HR
06Wjz	Josh.2.3	רָחָ֖ב	7343	HNp
06bPJ	Josh.2.3	לֵ/אמֹ֑ר	l/559	HR/Vqc
06hS1	Josh.2.3	ה֠וֹצִיאִי	3318	HVhv2fs
06h53	Josh.2.3	הָ/אֲנָשִׁ֨ים	d/376	HTd/Ncmpa
06vpK	Josh.2.3	הַ/בָּאִ֤ים	d/935	HTd/Vqrmpa
06G6E	Josh.2.3	אֵלַ֨יִ/ךְ֙	413	HR/Sp2fs
064vX	Josh.2.3	אֲשֶׁר	834 a	HTr
06X1R	Josh.2.3	בָּ֣אוּ	935	HVqp3cp
06bsu	Josh.2.3	לְ/בֵיתֵ֔/ךְ	l/1004 b	HR/Ncmsc/Sp2fs
06Ygn	Josh.2.3	כִּ֛י	3588 a	HC
062gM	Josh.2.3	לַ/חְפֹּ֥ר	l/2658	HR/Vqc
06pAw	Josh.2.3	אֶת	853	HTo
06mVV	Josh.2.3	כָּל	3605	HNcmsc
06FMa	Josh.2.3	הָ/אָ֖רֶץ	d/776	HTd/Ncbsa
06KPU	Josh.2.3	בָּֽאוּ	935	HVqp3cp
06ki2	Josh.2.4	וַ/תִּקַּ֧ח	c/3947	HC/Vqw3fs
065pZ	Josh.2.4	הָֽ/אִשָּׁ֛ה	d/802	HTd/Ncfsa
06HWo	Josh.2.4	אֶת	853	HTo
06zkA	Josh.2.4	שְׁנֵ֥י	8147	HAcmdc
06JMT	Josh.2.4	הָ/אֲנָשִׁ֖ים	d/376	HTd/Ncmpa
06jEX	Josh.2.4	וַֽ/תִּצְפְּנ֑/וֹ	c/6845	HC/Vqw3fs/Sp3ms
06uUA	Josh.2.4	וַ/תֹּ֣אמֶר	c/559	HC/Vqw3fs
06tKf	Josh.2.4	כֵּ֗ן	3651 a	HTm
06awE	Josh.2.4	בָּ֤אוּ	935	HVqp3cp
06yNT	Josh.2.4	אֵלַ/י֙	413	HR/Sp1cs
06Azu	Josh.2.4	הָֽ/אֲנָשִׁ֔ים	d/376	HTd/Ncmpa
06884	Josh.2.4	וְ/לֹ֥א	c/3808	HC/Tn
06XMu	Josh.2.4	יָדַ֖עְתִּי	3045	HVqp1cs
06mrn	Josh.2.4	מֵ/אַ֥יִן	m/370	HR/Ti
06Xh9	Josh.2.4	הֵֽמָּה	1992	HPp3mp
06D3a	Josh.2.5	וַ/יְהִ֨י	c/1961	HC/Vqw3ms
06wEr	Josh.2.5	הַ/שַּׁ֜עַר	d/8179	HTd/Ncmsa
06Rvc	Josh.2.5	לִ/סְגּ֗וֹר	l/5462	HR/Vqc
06c6V	Josh.2.5	בַּ/חֹ֨שֶׁךְ֙	b/2822	HRd/Ncmsa
068eM	Josh.2.5	וְ/הָ/אֲנָשִׁ֣ים	c/d/376	HC/Td/Ncmpa
06xkK	Josh.2.5	יָצָ֔אוּ	3318	HVqp3cp
06rGa	Josh.2.5	לֹ֣א	3808	HTn
06fp1	Josh.2.5	יָדַ֔עְתִּי	3045	HVqp1cs
06Y9g	Josh.2.5	אָ֥נָה	575	HD
06mGU	Josh.2.5	הָלְכ֖וּ	1980	HVqp3cp
06gBW	Josh.2.5	הָֽ/אֲנָשִׁ֑ים	d/376	HTd/Ncmpa
06eLD	Josh.2.5	רִדְפ֥וּ	7291	HVqv2mp
0693F	Josh.2.5	מַהֵ֛ר	4118 b	HVpa
06eyL	Josh.2.5	אַחֲרֵי/הֶ֖ם	310 a	HR/Sp3mp
06pm7	Josh.2.5	כִּ֥י	3588 a	HC
06teU	Josh.2.5	תַשִּׂיגֽוּ/ם	5381	HVhi2mp/Sp3mp
06c58	Josh.2.6	וְ/הִ֖יא	c/1931	HC/Pp3fs
06MRA	Josh.2.6	הֶעֱלָ֣תַ/ם	5927	HVhp3fs/Sp3mp
06xp4	Josh.2.6	הַ/גָּ֑גָ/ה	d/1406	HTd/Ncmsa/Sd
06Hki	Josh.2.6	וַֽ/תִּטְמְנֵ/ם֙	c/2934	HC/Vqw3fs/Sp3mp
06QvZ	Josh.2.6	בְּ/פִשְׁתֵּ֣י	b/6593	HR/Ncmpc
06S38	Josh.2.6	הָ/עֵ֔ץ	d/6086	HTd/Ncmsa
06eN1	Josh.2.6	הָ/עֲרֻכ֥וֹת	d/6186 a	HTd/Vqsfpa
06HoD	Josh.2.6	לָ֖/הּ	l	HR/Sp3fs
06P5s	Josh.2.6	עַל	5921 a	HR
065QX	Josh.2.6	הַ/גָּֽג	d/1406	HTd/Ncmsa
06Mxy	Josh.2.7	וְ/הָ/אֲנָשִׁ֗ים	c/d/376	HC/Td/Ncmpa
06w6u	Josh.2.7	רָדְפ֤וּ	7291	HVqp3cp
06e3z	Josh.2.7	אַֽחֲרֵי/הֶם֙	310 a	HR/Sp3mp
062c6	Josh.2.7	דֶּ֣רֶךְ	1870	HNcbsc
063RL	Josh.2.7	הַ/יַּרְדֵּ֔ן	d/3383	HTd/Np
06JUf	Josh.2.7	עַ֖ל	5921 a	HR
06ce9	Josh.2.7	הַֽ/מַּעְבְּר֑וֹת	d/4569 b	HTd/Ncfpa
06dPK	Josh.2.7	וְ/הַ/שַּׁ֣עַר	c/d/8179	HC/Td/Ncmsa
06vLv	Josh.2.7	סָגָ֔רוּ	5462	HVqp3cp
06UrG	Josh.2.7	אַחֲרֵ֕י	310 a	HR
06Sxc	Josh.2.7	כַּ/אֲשֶׁ֛ר	k/834 d	HR/Tr
06xwN	Josh.2.7	יָצְא֥וּ	3318	HVqp3cp
06GjY	Josh.2.7	הָ/רֹדְפִ֖ים	d/7291	HTd/Vqrmpa
06KNo	Josh.2.7	אַחֲרֵי/הֶֽם	310 a	HR/Sp3mp
06NLD	Josh.2.8	וְ/הֵ֖מָּה	c/1992	HC/Pp3mp
06GUh	Josh.2.8	טֶ֣רֶם	2962	HD
065aF	Josh.2.8	יִשְׁכָּב֑וּ/ן	7901	HVqi3mp/Sn
06taY	Josh.2.8	וְ/הִ֛יא	c/1931	HC/Pp3fs
06EZz	Josh.2.8	עָלְתָ֥ה	5927	HVqp3fs
06Hnw	Josh.2.8	עֲלֵי/הֶ֖ם	5921 a	HR/Sp3mp
06pXi	Josh.2.8	עַל	5921 a	HR
06Nq4	Josh.2.8	הַ/גָּֽג	d/1406	HTd/Ncmsa
06rZH	Josh.2.9	וַ/תֹּ֨אמֶר֙	c/559	HC/Vqw3fs
06GtT	Josh.2.9	אֶל	413	HR
06kwz	Josh.2.9	הָ֣/אֲנָשִׁ֔ים	d/376	HTd/Ncmpa
06tc4	Josh.2.9	יָדַ֕עְתִּי	3045	HVqp1cs
06CMD	Josh.2.9	כִּֽי	3588 a	HC
065eq	Josh.2.9	נָתַ֧ן	5414	HVqp3ms
06Cj2	Josh.2.9	יְהוָ֛ה	3068	HNp
06Ttm	Josh.2.9	לָ/כֶ֖ם	l	HR/Sp2mp
066Vi	Josh.2.9	אֶת	853	HTo
06V8W	Josh.2.9	הָ/אָ֑רֶץ	d/776	HTd/Ncbsa
06zg2	Josh.2.9	וְ/כִֽי	c/3588 a	HC/C
06gXh	Josh.2.9	נָפְלָ֤ה	5307	HVqp3fs
063iR	Josh.2.9	אֵֽימַתְ/כֶם֙	367	HNcfsc/Sp2mp
06RoG	Josh.2.9	עָלֵ֔י/נוּ	5921 a	HR/Sp1cp
06jP7	Josh.2.9	וְ/כִ֥י	c/3588 a	HC/C
06vCn	Josh.2.9	נָמֹ֛גוּ	4127	HVNp3cp
06jv3	Josh.2.9	כָּל	3605	HNcmsc
06ggL	Josh.2.9	יֹשְׁבֵ֥י	3427	HVqrmpc
06MVq	Josh.2.9	הָ/אָ֖רֶץ	d/776	HTd/Ncbsa
06g1y	Josh.2.9	מִ/פְּנֵי/כֶֽם	m/6440	HR/Ncbpc/Sp2mp
06CBH	Josh.2.10	כִּ֣י	3588 a	HC
063t6	Josh.2.10	שָׁמַ֗עְנוּ	8085	HVqp1cp
06g33	Josh.2.10	אֵ֠ת	853	HTo
06LDn	Josh.2.10	אֲשֶׁר	834 a	HTr
063jG	Josh.2.10	הוֹבִ֨ישׁ	3001	HVhp3ms
06WDP	Josh.2.10	יְהוָ֜ה	3068	HNp
06eeF	Josh.2.10	אֶת	853	HTo
06idA	Josh.2.10	מֵ֤י	4325	HNcmpc
06Z4D	Josh.2.10	יַם	3220	HNcmsc
06VMC	Josh.2.10	סוּף֙	5488	HNcmsa
06K8W	Josh.2.10	מִ/פְּנֵי/כֶ֔ם	m/6440	HR/Ncbpc/Sp2mp
066RX	Josh.2.10	בְּ/צֵאתְ/כֶ֖ם	b/3318	HR/Vqc/Sp2mp
06bYm	Josh.2.10	מִ/מִּצְרָ֑יִם	m/4714	HR/Np
06M7H	Josh.2.10	וַ/אֲשֶׁ֣ר	c/834 a	HC/Tr
06gcK	Josh.2.10	עֲשִׂיתֶ֡ם	6213 a	HVqp2mp
06p7s	Josh.2.10	לִ/שְׁנֵי֩	l/8147	HR/Acmdc
06ZBR	Josh.2.10	מַלְכֵ֨י	4428	HNcmpc
06ACh	Josh.2.10	הָ/אֱמֹרִ֜י	d/567	HTd/Ngmsa
06mnL	Josh.2.10	אֲשֶׁ֨ר	834 a	HTr
0689r	Josh.2.10	בְּ/עֵ֤בֶר	b/5676	HR/Ncmsc
06GmF	Josh.2.10	הַ/יַּרְדֵּן֙	d/3383	HTd/Np
06fcv	Josh.2.10	לְ/סִיחֹ֣ן	l/5511	HR/Np
06knb	Josh.2.10	וּ/לְ/ע֔וֹג	c/l/5747	HC/R/Np
06Qpj	Josh.2.10	אֲשֶׁ֥ר	834 a	HTr
06MDS	Josh.2.10	הֶחֱרַמְתֶּ֖ם	2763 a	HVhp2mp
06YBx	Josh.2.10	אוֹתָֽ/ם	853	HTo/Sp3mp
06kMZ	Josh.2.11	וַ/נִּשְׁמַע֙	c/8085	HC/Vqw1cp
06uqC	Josh.2.11	וַ/יִּמַּ֣ס	c/4549	HC/VNw3ms
06VY5	Josh.2.11	לְבָבֵ֔/נוּ	3824	HNcmsc/Sp1cp
06WJY	Josh.2.11	וְ/לֹא	c/3808	HC/Tn
06brh	Josh.2.11	קָ֨מָה	6965 b	HVqp3fs
06w1U	Josh.2.11	ע֥וֹד	5750	HD
06aqT	Josh.2.11	ר֛וּחַ	7307	HNcbsa
06zXi	Josh.2.11	בְּ/אִ֖ישׁ	b/376	HR/Ncmsa
06H8a	Josh.2.11	מִ/פְּנֵי/כֶ֑ם	m/6440	HR/Ncbpc/Sp2mp
06Sjh	Josh.2.11	כִּ֚י	3588 a	HC
06oYp	Josh.2.11	יְהוָ֣ה	3068	HNp
06Pht	Josh.2.11	אֱלֹֽהֵי/כֶ֔ם	430	HNcmpc/Sp2mp
06idy	Josh.2.11	ה֤וּא	1931	HPp3ms
06PU6	Josh.2.11	אֱלֹהִים֙	430	HNcmpa
06FCP	Josh.2.11	בַּ/שָּׁמַ֣יִם	b/8064	HRd/Ncmpa
06YuY	Josh.2.11	מִ/מַּ֔עַל	m/4605	HR/D
068Js	Josh.2.11	וְ/עַל	c/5921 a	HC/R
06FyK	Josh.2.11	הָ/אָ֖רֶץ	d/776	HTd/Ncbsa
06XjR	Josh.2.11	מִ/תָּֽחַת	m/8478	HR/R
06jaD	Josh.2.12	וְ/עַתָּ֗ה	c/6258	HC/D
06W7V	Josh.2.12	הִשָּֽׁבְעוּ	7650	HVNv2mp
06U2Y	Josh.2.12	נָ֥א	4994	HTe
068na	Josh.2.12	לִ/י֙	l	HR/Sp1cs
06sgw	Josh.2.12	בַּֽ/יהוָ֔ה	b/3068	HR/Np
06MDX	Josh.2.12	כִּי	3588 a	HC
06pPp	Josh.2.12	עָשִׂ֥יתִי	6213 a	HVqp1cs
06ieN	Josh.2.12	עִמָּ/כֶ֖ם	5973 a	HR/Sp2mp
06Csj	Josh.2.12	חָ֑סֶד	2617 a	HNcmsa
06rHn	Josh.2.12	וַ/עֲשִׂיתֶ֨ם	c/6213 a	HC/Vqq2mp
06ViB	Josh.2.12	גַּם	1571	HTa
06CFo	Josh.2.12	אַתֶּ֜ם	859 d	HPp2mp
065Ja	Josh.2.12	עִם	5973 a	HR
06UXS	Josh.2.12	בֵּ֤ית	1004 b	HNcmsc
06YQ8	Josh.2.12	אָבִ/י֙	1	HNcmsc/Sp1cs
06Abd	Josh.2.12	חֶ֔סֶד	2617 a	HNcmsa
062UV	Josh.2.12	וּ/נְתַתֶּ֥ם	c/5414	HC/Vqq2mp
06ZtS	Josh.2.12	לִ֖/י	l	HR/Sp1cs
06gMU	Josh.2.12	א֥וֹת	226	HNcbsc
06nWb	Josh.2.12	אֱמֶֽת	571	HNcfsa
06GXk	Josh.2.13	וְ/הַחֲיִתֶ֞ם	c/2421	HC/Vhq2mp
06TZa	Josh.2.13	אֶת	853	HTo
065qp	Josh.2.13	אָבִ֣/י	1	HNcmsc/Sp1cs
06uHZ	Josh.2.13	וְ/אֶת	c/853	HC/To
06pAL	Josh.2.13	אִמִּ֗/י	517	HNcfsc/Sp1cs
06hSr	Josh.2.13	וְ/אֶת	c/853	HC/To
06ZMk	Josh.2.13	אַחַ/י֙	251	HNcmpc/Sp1cs
06irW	Josh.2.13	וְ/אֶת	c/853	HC/To
06x72	Josh.2.13	אחות/י	269	HNcfsc/Sp1cs
06FYV	Josh.2.13	אַחְיוֹתַ֔/י	269	HNcfpc/Sp1cs
06Uoo	Josh.2.13	וְ/אֵ֖ת	c/853	HC/To
06sC3	Josh.2.13	כָּל	3605	HNcmsc
064CS	Josh.2.13	אֲשֶׁ֣ר	834 a	HTr
066n2	Josh.2.13	לָ/הֶ֑ם	l	HR/Sp3mp
06HqY	Josh.2.13	וְ/הִצַּלְתֶּ֥ם	c/5337	HC/Vhq2mp
06BFZ	Josh.2.13	אֶת	853	HTo
06shy	Josh.2.13	נַפְשֹׁתֵ֖י/נוּ	5315	HNcbpc/Sp1cp
06nzj	Josh.2.13	מִ/מָּֽוֶת	m/4194	HR/Ncmsa
06vpT	Josh.2.14	וַ/יֹּ֧אמְרוּ	c/559	HC/Vqw3mp
063Sx	Josh.2.14	לָ֣/הּ	l	HR/Sp3fs
06qVv	Josh.2.14	הָ/אֲנָשִׁ֗ים	d/376	HTd/Ncmpa
06Kov	Josh.2.14	נַפְשֵׁ֤/נוּ	5315	HNcbsc/Sp1cp
06HNy	Josh.2.14	תַחְתֵּי/כֶם֙	8478	HR/Sp2mp
06Ta6	Josh.2.14	לָ/מ֔וּת	l/4191	HR/Vqc
06ER2	Josh.2.14	אִ֚ם	518 a	HC
06yP1	Josh.2.14	לֹ֣א	3808	HTn
06w4T	Josh.2.14	תַגִּ֔ידוּ	5046	HVhi2mp
06Cyx	Josh.2.14	אֶת	853	HTo
06qTT	Josh.2.14	דְּבָרֵ֖/נוּ	1697	HNcmsc/Sp1cp
06m55	Josh.2.14	זֶ֑ה	2088	HPdxms
06AF1	Josh.2.14	וְ/הָיָ֗ה	c/1961	HC/Vqq3ms
065ED	Josh.2.14	בְּ/תֵת	b/5414	HR/Vqc
06zCS	Josh.2.14	יְהוָ֥ה	3068	HNp
06LsC	Josh.2.14	לָ֨/נוּ֙	l	HR/Sp1cp
06B4x	Josh.2.14	אֶת	853	HTo
06JB6	Josh.2.14	הָ/אָ֔רֶץ	d/776	HTd/Ncbsa
06LzS	Josh.2.14	וְ/עָשִׂ֥ינוּ	c/6213 a	HC/Vqq1cp
0683E	Josh.2.14	עִמָּ֖/ךְ	5973 a	HR/Sp2fs
06hQD	Josh.2.14	חֶ֥סֶד	2617 a	HNcmsa
06LZD	Josh.2.14	וֶ/אֱמֶֽת	c/571	HC/Ncfsa
066bH	Josh.2.15	וַ/תּוֹרִדֵ֥/ם	c/3381	HC/Vhw3fs/Sp3mp
06Ekx	Josh.2.15	בַּ/חֶ֖בֶל	b/2256 a	HRd/Ncbsa
06PG7	Josh.2.15	בְּעַ֣ד	1157	HR
06EL8	Josh.2.15	הַֽ/חַלּ֑וֹן	d/2474	HTd/Ncbsa
06ufm	Josh.2.15	כִּ֤י	3588 a	HC
06XSi	Josh.2.15	בֵיתָ/הּ֙	1004 b	HNcmsc/Sp3fs
06ELV	Josh.2.15	בְּ/קִ֣יר	b/7023	HR/Ncmsc
06Y6w	Josh.2.15	הַֽ/חוֹמָ֔ה	d/2346	HTd/Ncfsa
06qLR	Josh.2.15	וּ/בַֽ/חוֹמָ֖ה	c/b/2346	HC/Rd/Ncfsa
06vfq	Josh.2.15	הִ֥יא	1931	HPp3fs
06Qsx	Josh.2.15	יוֹשָֽׁבֶת	3427	HVqrfsa
068KZ	Josh.2.16	וַ/תֹּ֤אמֶר	c/559	HC/Vqw3fs
06GXq	Josh.2.16	לָ/הֶם֙	l	HR/Sp3mp
06iCi	Josh.2.16	הָ/הָ֣רָ/ה	d/2022	HTd/Ncmsa/Sd
06vwH	Josh.2.16	לֵּ֔כוּ	3212	HVqv2mp
06dbM	Josh.2.16	פֶּֽן	6435	HC
06Dqb	Josh.2.16	יִפְגְּע֥וּ	6293	HVqi3mp
06kCD	Josh.2.16	בָ/כֶ֖ם	b	HR/Sp2mp
06XgW	Josh.2.16	הָ/רֹדְפִ֑ים	d/7291	HTd/Vqrmpa
066PV	Josh.2.16	וְ/נַחְבֵּתֶ֨ם	c/2247	HC/VNq2mp
06qGs	Josh.2.16	שָׁ֜מָּ/ה	8033	HD/Sd
06w7p	Josh.2.16	שְׁלֹ֣שֶׁת	7969	HAcmsc
06k7H	Josh.2.16	יָמִ֗ים	3117	HNcmpa
06r6F	Josh.2.16	עַ֚ד	5704	HR
06Ugz	Josh.2.16	שׁ֣וֹב	7725	HVqa
06Mjg	Josh.2.16	הָ/רֹֽדְפִ֔ים	d/7291	HTd/Vqrmpa
06mdR	Josh.2.16	וְ/אַחַ֖ר	c/310 a	HC/D
06eWA	Josh.2.16	תֵּלְכ֥וּ	3212	HVqj2mp
06CqN	Josh.2.16	לְ/דַרְכְּ/כֶֽם	l/1870	HR/Ncbsc/Sp2mp
06Cpt	Josh.2.17	וַ/יֹּאמְר֥וּ	c/559	HC/Vqw3mp
06aSi	Josh.2.17	אֵלֶ֖י/הָ	413	HR/Sp3fs
067VU	Josh.2.17	הָ/אֲנָשִׁ֑ים	d/376	HTd/Ncmpa
06eK3	Josh.2.17	נְקִיִּ֣ם	5355 a	HAampa
06c63	Josh.2.17	אֲנַ֔חְנוּ	587	HPp1cp
06TuL	Josh.2.17	מִ/שְּׁבֻעָתֵ֥/ךְ	m/7621	HR/Ncfsc/Sp2fs
06emQ	Josh.2.17	הַ/זֶּ֖ה	d/2088	HTd/Pdxms
06uf4	Josh.2.17	אֲשֶׁ֥ר	834 a	HTr
06jQv	Josh.2.17	הִשְׁבַּעְתָּֽ/נוּ	7650	HVhp2fs/Sp1cp
06ME1	Josh.2.18	הִנֵּ֛ה	2009	HTm
06ht4	Josh.2.18	אֲנַ֥חְנוּ	587	HPp1cp
063Yo	Josh.2.18	בָאִ֖ים	935	HVqrmpa
06pYb	Josh.2.18	בָּ/אָ֑רֶץ	b/776	HRd/Ncbsa
06g5u	Josh.2.18	אֶת	853	HTo
06w6U	Josh.2.18	תִּקְוַ֡ת	8615 a	HNcfsc
06ifL	Josh.2.18	חוּט֩	2339	HNcmsc
06LZU	Josh.2.18	הַ/שָּׁנִ֨י	d/8144	HTd/Ncmsa
06yHT	Josh.2.18	הַ/זֶּ֜ה	d/2088	HTd/Pdxms
069Dq	Josh.2.18	תִּקְשְׁרִ֗י	7194	HVqi2fs
067Vg	Josh.2.18	בַּֽ/חַלּוֹן֙	b/2474	HRd/Ncbsa
063LR	Josh.2.18	אֲשֶׁ֣ר	834 a	HTr
06vdQ	Josh.2.18	הוֹרַדְתֵּ֣/נוּ	3381	HVhp2fs/Sp1cp
06zAa	Josh.2.18	ב֔/וֹ	b	HR/Sp3ms
06HK3	Josh.2.18	וְ/אֶת	c/853	HC/To
06sCi	Josh.2.18	אָבִ֨י/ךְ	1	HNcmsc/Sp2fs
06S3d	Josh.2.18	וְ/אֶת	c/853	HC/To
06RFe	Josh.2.18	אִמֵּ֜/ךְ	517	HNcfsc/Sp2fs
06PfQ	Josh.2.18	וְ/אֶת	c/853	HC/To
06AwN	Josh.2.18	אַחַ֗יִ/ךְ	251	HNcmpc/Sp2fs
06khc	Josh.2.18	וְ/אֵת֙	c/853	HC/To
06kYA	Josh.2.18	כָּל	3605	HNcmsc
06u6F	Josh.2.18	בֵּ֣ית	1004 b	HNcmsc
06PYJ	Josh.2.18	אָבִ֔י/ךְ	1	HNcmsc/Sp2fs
061Za	Josh.2.18	תַּאַסְפִ֥י	622	HVqi2fs
06gam	Josh.2.18	אֵלַ֖יִ/ךְ	413	HR/Sp2fs
06un5	Josh.2.18	הַ/בָּֽיְתָ/ה	d/1004 b	HTd/Ncmsa/Sd
06WSe	Josh.2.19	וְ/הָיָ֡ה	c/1961	HC/Vqq3ms
06AFs	Josh.2.19	כֹּ֣ל	3605	HNcmsa
06aJe	Josh.2.19	אֲשֶׁר	834 a	HTr
06g2t	Josh.2.19	יֵצֵא֩	3318	HVqi3ms
068HV	Josh.2.19	מִ/דַּלְתֵ֨י	m/1817 c	HR/Ncfdc
06j8W	Josh.2.19	בֵיתֵ֧/ךְ	1004 b	HNcmsc/Sp2fs
06h73	Josh.2.19	הַ/ח֛וּצָ/ה	d/2351	HTd/Ncmsa/Sd
069Yh	Josh.2.19	דָּמ֥/וֹ	1818	HNcmsc/Sp3ms
06SkM	Josh.2.19	בְ/רֹאשׁ֖/וֹ	b/7218 a	HR/Ncmsc/Sp3ms
06yXK	Josh.2.19	וַ/אֲנַ֣חְנוּ	c/587	HC/Pp1cp
06hDf	Josh.2.19	נְקִיִּ֑ם	5355 a	HAampa
06PuA	Josh.2.19	וְ֠/כֹל	c/3605	HC/Ncmsa
06myi	Josh.2.19	אֲשֶׁ֨ר	834 a	HTr
06YLn	Josh.2.19	יִֽהְיֶ֤ה	1961	HVqi3ms
06AXU	Josh.2.19	אִתָּ/ךְ֙	854	HR/Sp2fs
06reD	Josh.2.19	בַּ/בַּ֔יִת	b/1004 b	HRd/Ncmsa
06VFM	Josh.2.19	דָּמ֣/וֹ	1818	HNcmsc/Sp3ms
06SGf	Josh.2.19	בְ/רֹאשֵׁ֔/נוּ	b/7218 a	HR/Ncmsc/Sp1cp
069jX	Josh.2.19	אִם	518 a	HC
066t4	Josh.2.19	יָ֖ד	3027	HNcbsa
06Yu7	Josh.2.19	תִּֽהְיֶה	1961	HVqi3fs
06vL9	Josh.2.19	בּֽ/וֹ	b	HR/Sp3ms
06G2d	Josh.2.20	וְ/אִם	c/518 a	HC/C
06xY3	Josh.2.20	תַּגִּ֖ידִי	5046	HVhi2fs
06Zmd	Josh.2.20	אֶת	853	HTo
06Wyn	Josh.2.20	דְּבָרֵ֣/נוּ	1697	HNcmsc/Sp1cp
06njg	Josh.2.20	זֶ֑ה	2088	HPdxms
06L6G	Josh.2.20	וְ/הָיִ֣ינוּ	c/1961	HC/Vqq1cp
06EDP	Josh.2.20	נְקִיִּ֔ם	5355 a	HAampa
06QUP	Josh.2.20	מִ/שְּׁבֻעָתֵ֖/ךְ	m/7621	HR/Ncfsc/Sp2fs
06fv8	Josh.2.20	אֲשֶׁ֥ר	834 a	HTr
062SX	Josh.2.20	הִשְׁבַּעְתָּֽ/נוּ	7650	HVhp2fs/Sp1cp
06pwZ	Josh.2.21	וַ/תֹּ֨אמֶר֙	c/559	HC/Vqw3fs
06KKJ	Josh.2.21	כְּ/דִבְרֵי/כֶ֣ם	k/1697	HR/Ncmpc/Sp2mp
06U9v	Josh.2.21	כֶּן	3651 c	HD
063V4	Josh.2.21	ה֔וּא	1931	HPp3ms
06gJ1	Josh.2.21	וַֽ/תְּשַׁלְּחֵ֖/ם	c/7971	HC/Vpw3fs/Sp3mp
06rWk	Josh.2.21	וַ/יֵּלֵ֑כוּ	c/3212	HC/Vqw3mp
066gQ	Josh.2.21	וַ/תִּקְשֹׁ֛ר	c/7194	HC/Vqw3fs
06mSF	Josh.2.21	אֶת	853	HTo
06awX	Josh.2.21	תִּקְוַ֥ת	8615 a	HNcfsc
06wik	Josh.2.21	הַ/שָּׁנִ֖י	d/8144	HTd/Ncmsa
06CVM	Josh.2.21	בַּ/חַלּֽוֹן	b/2474	HRd/Ncbsa
06gbT	Josh.2.22	וַ/יֵּלְכוּ֙	c/3212	HC/Vqw3mp
06wMq	Josh.2.22	וַ/יָּבֹ֣אוּ	c/935	HC/Vqw3mp
062GY	Josh.2.22	הָ/הָ֔רָ/ה	d/2022	HTd/Ncmsa/Sd
06Doj	Josh.2.22	וַ/יֵּ֤שְׁבוּ	c/3427	HC/Vqw3mp
06m3h	Josh.2.22	שָׁם֙	8033	HD
06Djb	Josh.2.22	שְׁלֹ֣שֶׁת	7969	HAcmsc
06F5r	Josh.2.22	יָמִ֔ים	3117	HNcmpa
06V4p	Josh.2.22	עַד	5704	HR
06HsZ	Josh.2.22	שָׁ֖בוּ	7725	HVqp3cp
06DgA	Josh.2.22	הָ/רֹדְפִ֑ים	d/7291	HTd/Vqrmpa
06QCa	Josh.2.22	וַ/יְבַקְשׁ֧וּ	c/1245	HC/Vpw3mp
06nps	Josh.2.22	הָ/רֹדְפִ֛ים	d/7291	HTd/Vqrmpa
06oA2	Josh.2.22	בְּ/כָל	b/3605	HR/Ncmsc
06CYW	Josh.2.22	הַ/דֶּ֖רֶךְ	d/1870	HTd/Ncbsa
06TDs	Josh.2.22	וְ/לֹ֥א	c/3808	HC/Tn
06fhx	Josh.2.22	מָצָֽאוּ	4672	HVqp3cp
06JPp	Josh.2.23	וַ/יָּשֻׁ֜בוּ	c/7725	HC/Vqw3mp
06dWm	Josh.2.23	שְׁנֵ֤י	8147	HAcmdc
06BYg	Josh.2.23	הָֽ/אֲנָשִׁים֙	d/376	HTd/Ncmpa
069by	Josh.2.23	וַ/יֵּרְד֣וּ	c/3381	HC/Vqw3mp
06VRt	Josh.2.23	מֵֽ/הָ/הָ֔ר	m/d/2022	HR/Td/Ncmsa
06CPS	Josh.2.23	וַ/יַּעַבְרוּ֙	c/5674 a	HC/Vqw3mp
06fiV	Josh.2.23	וַ/יָּבֹ֔אוּ	c/935	HC/Vqw3mp
06vAa	Josh.2.23	אֶל	413	HR
068Na	Josh.2.23	יְהוֹשֻׁ֖עַ	3091	HNp
06RZN	Josh.2.23	בִּן	1121 a	HNcmsc
06krV	Josh.2.23	נ֑וּן	5126	HNp
06sQy	Josh.2.23	וַ/יְסַ֨פְּרוּ	c/5608 a	HC/Vpw3mp
06asy	Josh.2.23	ל֔/וֹ	l	HR/Sp3ms
06rxG	Josh.2.23	אֵ֥ת	853	HTo
066fj	Josh.2.23	כָּל	3605	HNcmsc
06oGi	Josh.2.23	הַ/מֹּצְא֖וֹת	d/4672	HTd/Vqrfpa
06PrG	Josh.2.23	אוֹתָֽ/ם	853	HTo/Sp3mp
06Ao4	Josh.2.24	וַ/יֹּאמְרוּ֙	c/559	HC/Vqw3mp
06fjK	Josh.2.24	אֶל	413	HR
06Dwm	Josh.2.24	יְהוֹשֻׁ֔עַ	3091	HNp
0631Z	Josh.2.24	כִּֽי	3588 a	HC
06nRw	Josh.2.24	נָתַ֧ן	5414	HVqp3ms
06qjY	Josh.2.24	יְהוָ֛ה	3068	HNp
062oH	Josh.2.24	בְּ/יָדֵ֖/נוּ	b/3027	HR/Ncbsc/Sp1cp
06H3W	Josh.2.24	אֶת	853	HTo
06wQL	Josh.2.24	כָּל	3605	HNcmsc
064LW	Josh.2.24	הָ/אָ֑רֶץ	d/776	HTd/Ncbsa
06q4j	Josh.2.24	וְ/גַם	c/1571	HC/Ta
06Jdu	Josh.2.24	נָמֹ֛גוּ	4127	HVNp3cp
06cgg	Josh.2.24	כָּל	3605	HNcmsc
06x5W	Josh.2.24	יֹשְׁבֵ֥י	3427	HVqrmpc
06s3h	Josh.2.24	הָ/אָ֖רֶץ	d/776	HTd/Ncbsa
06ymv	Josh.2.24	מִ/פָּנֵֽי/נוּ	m/6440	HR/Ncbpc/Sp1cp
0662T	Josh.3.1	וַ/יַּשְׁכֵּם֩	c/7925	HC/Vhw3ms
06NmZ	Josh.3.1	יְהוֹשֻׁ֨עַ	3091	HNp
06RD4	Josh.3.1	בַּ/בֹּ֜קֶר	b/1242	HRd/Ncmsa
06Xjv	Josh.3.1	וַ/יִּסְע֣וּ	c/5265	HC/Vqw3mp
06WVH	Josh.3.1	מֵֽ/הַ/שִּׁטִּ֗ים	m/d/7851	HR/Td/Np
06WMK	Josh.3.1	וַ/יָּבֹ֨אוּ֙	c/935	HC/Vqw3mp
06ctU	Josh.3.1	עַד	5704	HR
06CmP	Josh.3.1	הַ/יַּרְדֵּ֔ן	d/3383	HTd/Np
06LY2	Josh.3.1	ה֖וּא	1931	HPp3ms
06k7w	Josh.3.1	וְ/כָל	c/3605	HC/Ncmsc
06JFy	Josh.3.1	בְּנֵ֣י	1121 a	HNcmpc
06Amf	Josh.3.1	יִשְׂרָאֵ֑ל	3478	HNp
06i9m	Josh.3.1	וַ/יָּלִ֥נוּ	c/3885 a	HC/Vqw3mp
06FCo	Josh.3.1	שָׁ֖ם	8033	HD
06wNS	Josh.3.1	טֶ֥רֶם	2962	HD
06XPV	Josh.3.1	יַעֲבֹֽרוּ	5674 a	HVqi3mp
06K9E	Josh.3.2	וַ/יְהִ֕י	c/1961	HC/Vqw3ms
06sNR	Josh.3.2	מִ/קְצֵ֖ה	m/7097 a	HR/Ncbsc
06pww	Josh.3.2	שְׁלֹ֣שֶׁת	7969	HAcmsc
06d1k	Josh.3.2	יָמִ֑ים	3117	HNcmpa
06Gpp	Josh.3.2	וַ/יַּעַבְר֥וּ	c/5674 a	HC/Vqw3mp
06T85	Josh.3.2	הַ/שֹּׁטְרִ֖ים	d/7860	HTd/Ncmpa
06E2x	Josh.3.2	בְּ/קֶ֥רֶב	b/7130	HR/Ncmsc
06vUM	Josh.3.2	הַֽ/מַּחֲנֶֽה	d/4264	HTd/Ncbsa
06pMW	Josh.3.3	וַ/יְצַוּוּ֮	c/6680	HC/Vpw3mp
06fiZ	Josh.3.3	אֶת	853	HTo
06FQf	Josh.3.3	הָ/עָ֣ם	d/5971 a	HTd/Ncmsa
06Gbx	Josh.3.3	לֵ/אמֹר֒	l/559	HR/Vqc
06H82	Josh.3.3	כִּ/רְאֽוֹתְ/כֶ֗ם	k/7200	HR/Vqc/Sp2mp
06XaZ	Josh.3.3	אֵ֣ת	853	HTo
06RGz	Josh.3.3	אֲר֤וֹן	727	HNcbsc
06tQ1	Josh.3.3	בְּרִית	1285	HNcfsc
06oSR	Josh.3.3	יְהוָה֙	3068	HNp
06rUR	Josh.3.3	אֱלֹ֣הֵי/כֶ֔ם	430	HNcmpc/Sp2mp
06NME	Josh.3.3	וְ/הַ/כֹּֽהֲנִים֙	c/d/3548	HC/Td/Ncmpa
06eQs	Josh.3.3	הַ/לְוִיִּ֔ם	d/3881	HTd/Ngmpa
06fE2	Josh.3.3	נֹשְׂאִ֖ים	5375	HVqrmpa
06rio	Josh.3.3	אֹת֑/וֹ	853	HTo/Sp3ms
06hum	Josh.3.3	וְ/אַתֶּ֗ם	c/859 d	HC/Pp2mp
06UG5	Josh.3.3	תִּסְעוּ֙	5265	HVqi2mp
06tZb	Josh.3.3	מִ/מְּק֣וֹמְ/כֶ֔ם	m/4725	HR/Ncmsc/Sp2mp
06UEd	Josh.3.3	וַ/הֲלַכְתֶּ֖ם	c/1980	HC/Vqq2mp
06zit	Josh.3.3	אַחֲרָֽי/ו	310 a	HR/Sp3ms
06pcg	Josh.3.4	אַ֣ךְ	389	HTa
061pD	Josh.3.4	רָח֣וֹק	7350	HAamsa
06UCh	Josh.3.4	יִהְיֶ֗ה	1961	HVqi3ms
06jZZ	Josh.3.4	בֵּֽינֵי/כֶם֙	996	HR/Sp2mp
067a3	Josh.3.4	ו/בינ/ו	c/996	HC/R/Sp3ms
06k23	Josh.3.4	וּ/בֵינָ֔י/ו	c/996	HC/R/Sp3ms
06nxs	Josh.3.4	כְּ/אַלְפַּ֥יִם	k/505	HR/Acbpa
06Rs7	Josh.3.4	אַמָּ֖ה	520 a	HNcfsa
06x1q	Josh.3.4	בַּ/מִּדָּ֑ה	b/4060 a	HRd/Ncfsa
06ozK	Josh.3.4	אַֽל	408	HTn
066Tj	Josh.3.4	תִּקְרְב֣וּ	7126	HVqj2mp
06Wp4	Josh.3.4	אֵלָ֗י/ו	413	HR/Sp3ms
06ayu	Josh.3.4	לְמַ֤עַן	4616	HR
06izi	Josh.3.4	אֲשֶׁר	834 a	HTr
06cNi	Josh.3.4	תֵּֽדְעוּ֙	3045	HVqi2mp
062Z3	Josh.3.4	אֶת	853	HTo
06bTo	Josh.3.4	הַ/דֶּ֨רֶךְ֙	d/1870	HTd/Ncbsa
06hvK	Josh.3.4	אֲשֶׁ֣ר	834 a	HTr
06XQw	Josh.3.4	תֵּֽלְכוּ	3212	HVqi2mp
06Ssi	Josh.3.4	בָ֔/הּ	b	HR/Sp3fs
06UtQ	Josh.3.4	כִּ֣י	3588 a	HC
06MVx	Josh.3.4	לֹ֧א	3808	HTn
064dp	Josh.3.4	עֲבַרְתֶּ֛ם	5674 a	HVqp2mp
06nsw	Josh.3.4	בַּ/דֶּ֖רֶךְ	b/1870	HRd/Ncbsa
06KGj	Josh.3.4	מִ/תְּמ֥וֹל	m/8543	HR/D
068xz	Josh.3.4	שִׁלְשֽׁוֹם	8032	HNcmsa
06y1Z	Josh.3.5	וַ/יֹּ֧אמֶר	c/559	HC/Vqw3ms
06Uq9	Josh.3.5	יְהוֹשֻׁ֛עַ	3091	HNp
06TiM	Josh.3.5	אֶל	413	HR
06NqW	Josh.3.5	הָ/עָ֖ם	d/5971 a	HTd/Ncmsa
06emv	Josh.3.5	הִתְקַדָּ֑שׁוּ	6942	HVtv2mp
063r3	Josh.3.5	כִּ֣י	3588 a	HC
06sEP	Josh.3.5	מָחָ֗ר	4279	HNcmsa
06BYi	Josh.3.5	יַעֲשֶׂ֧ה	6213 a	HVqi3ms
06K78	Josh.3.5	יְהוָ֛ה	3068	HNp
06LG5	Josh.3.5	בְּ/קִרְבְּ/כֶ֖ם	b/7130	HR/Ncmsc/Sp2mp
06pvY	Josh.3.5	נִפְלָאֽוֹת	6381	HVNrfpa
06B6g	Josh.3.6	וַ/יֹּ֤אמֶר	c/559	HC/Vqw3ms
06UDg	Josh.3.6	יְהוֹשֻׁ֨עַ֙	3091	HNp
06Baw	Josh.3.6	אֶל	413	HR
06MZ9	Josh.3.6	הַ/כֹּהֲנִ֣ים	d/3548	HTd/Ncmpa
06Svn	Josh.3.6	לֵ/אמֹ֔ר	l/559	HR/Vqc
06x62	Josh.3.6	שְׂאוּ֙	5375	HVqv2mp
06dQK	Josh.3.6	אֶת	853	HTo
06dDm	Josh.3.6	אֲר֣וֹן	727	HNcbsc
06XwG	Josh.3.6	הַ/בְּרִ֔ית	d/1285	HTd/Ncfsa
06iPC	Josh.3.6	וְ/עִבְר֖וּ	c/5674 a	HC/Vqv2mp
068E1	Josh.3.6	לִ/פְנֵ֣י	l/6440	HR/Ncbpc
064vF	Josh.3.6	הָ/עָ֑ם	d/5971 a	HTd/Ncmsa
06y7z	Josh.3.6	וַ/יִּשְׂאוּ֙	c/5375	HC/Vqw3mp
06bvs	Josh.3.6	אֶת	853	HTo
06Gxe	Josh.3.6	אֲר֣וֹן	727	HNcbsc
06Qjd	Josh.3.6	הַ/בְּרִ֔ית	d/1285	HTd/Ncfsa
06t98	Josh.3.6	וַ/יֵּלְכ֖וּ	c/3212	HC/Vqw3mp
06YfW	Josh.3.6	לִ/פְנֵ֥י	l/6440	HR/Ncbpc
06P1s	Josh.3.6	הָ/עָֽם	d/5971 a	HTd/Ncmsa
06a9X	Josh.3.7	וַ/יֹּ֤אמֶר	c/559	HC/Vqw3ms
06RUp	Josh.3.7	יְהוָה֙	3068	HNp
067Kw	Josh.3.7	אֶל	413	HR
06E6n	Josh.3.7	יְהוֹשֻׁ֔עַ	3091	HNp
064YU	Josh.3.7	הַ/יּ֣וֹם	d/3117	HTd/Ncmsa
06yMS	Josh.3.7	הַ/זֶּ֗ה	d/2088	HTd/Pdxms
06RZD	Josh.3.7	אָחֵל֙	2490 c	HVhi1cs
06T97	Josh.3.7	גַּדֶּלְ/ךָ֔	1431	HVpc/Sp2ms
065L1	Josh.3.7	בְּ/עֵינֵ֖י	b/5869 a	HR/Ncbdc
06nY7	Josh.3.7	כָּל	3605	HNcmsc
06S83	Josh.3.7	יִשְׂרָאֵ֑ל	3478	HNp
06SDb	Josh.3.7	אֲשֶׁר֙	834 a	HTr
06DKS	Josh.3.7	יֵֽדְע֔וּ/ן	3045	HVqi3mp/Sn
06YKr	Josh.3.7	כִּ֗י	3588 a	HC
06r66	Josh.3.7	כַּ/אֲשֶׁ֥ר	k/834 d	HR/Tr
06TW5	Josh.3.7	הָיִ֛יתִי	1961	HVqp1cs
06KaN	Josh.3.7	עִם	5973 a	HR
06FsE	Josh.3.7	מֹשֶׁ֖ה	4872	HNp
067Np	Josh.3.7	אֶהְיֶ֥ה	1961	HVqi1cs
06965	Josh.3.7	עִמָּֽ/ךְ	5973 a	HR/Sp2fs
06MeK	Josh.3.8	וְ/אַתָּ֗ה	c/859 a	HC/Pp2ms
06Pw8	Josh.3.8	תְּצַוֶּה֙	6680	HVpi2ms
06Bxn	Josh.3.8	אֶת	853	HTo
06Gne	Josh.3.8	הַ/כֹּ֣הֲנִ֔ים	d/3548	HTd/Ncmpa
06uXm	Josh.3.8	נֹשְׂאֵ֥י	5375	HVqrmpc
06Cmf	Josh.3.8	אֲרֽוֹן	727	HNcbsc
06K6T	Josh.3.8	הַ/בְּרִ֖ית	d/1285	HTd/Ncfsa
06XFF	Josh.3.8	לֵ/אמֹ֑ר	l/559	HR/Vqc
06gKP	Josh.3.8	כְּ/בֹאֲ/כֶ֗ם	k/935	HR/Vqc/Sp2mp
06YUv	Josh.3.8	עַד	5704	HR
06HQ9	Josh.3.8	קְצֵה֙	7097 a	HNcbsc
06D5P	Josh.3.8	מֵ֣י	4325	HNcmpc
06pVx	Josh.3.8	הַ/יַּרְדֵּ֔ן	d/3383	HTd/Np
06WAq	Josh.3.8	בַּ/יַּרְדֵּ֖ן	b/3383	HRd/Np
06PxM	Josh.3.8	תַּעֲמֹֽדוּ	5975	HVqi2mp
06oCH	Josh.3.9	וַ/יֹּ֥אמֶר	c/559	HC/Vqw3ms
06tQE	Josh.3.9	יְהוֹשֻׁ֖עַ	3091	HNp
06wtX	Josh.3.9	אֶל	413	HR
06Hso	Josh.3.9	בְּנֵ֣י	1121 a	HNcmpc
06yS3	Josh.3.9	יִשְׂרָאֵ֑ל	3478	HNp
06PHG	Josh.3.9	גֹּ֣שׁוּ	5066	HVqv2mp
061go	Josh.3.9	הֵ֔נָּה	2008	HD
06XLB	Josh.3.9	וְ/שִׁמְע֕וּ	c/8085	HC/Vqv2mp
06KTJ	Josh.3.9	אֶת	853	HTo
06twL	Josh.3.9	דִּבְרֵ֖י	1697	HNcmpc
063MS	Josh.3.9	יְהוָ֥ה	3068	HNp
06GnD	Josh.3.9	אֱלֹֽהֵי/כֶֽם	430	HNcmpc/Sp2mp
06rVJ	Josh.3.10	וַ/יֹּ֣אמֶר	c/559	HC/Vqw3ms
06w2R	Josh.3.10	יְהוֹשֻׁ֔עַ	3091	HNp
06JsR	Josh.3.10	בְּ/זֹאת֙	b/2063	HR/Pdxfs
06Sv8	Josh.3.10	תֵּֽדְע֔וּ/ן	3045	HVqi2mp/Sn
06adR	Josh.3.10	כִּ֛י	3588 a	HC
06xek	Josh.3.10	אֵ֥ל	410	HNcmsa
06UEH	Josh.3.10	חַ֖י	2416 a	HAamsa
06L2G	Josh.3.10	בְּ/קִרְבְּ/כֶ֑ם	b/7130	HR/Ncmsc/Sp2mp
06oPm	Josh.3.10	וְ/הוֹרֵ֣שׁ	c/3423	HC/Vha
06azH	Josh.3.10	יוֹרִ֣ישׁ	3423	HVhi3ms
06fZA	Josh.3.10	מִ֠/פְּנֵי/כֶם	m/6440	HR/Ncbpc/Sp2mp
066Hj	Josh.3.10	אֶת	853	HTo
06UCE	Josh.3.10	הַ/כְּנַעֲנִ֨י	d/3669 a	HTd/Ngmsa
06dvY	Josh.3.10	וְ/אֶת	c/853	HC/To
06YkN	Josh.3.10	הַ/חִתִּ֜י	d/2850	HTd/Ngmsa
06k6s	Josh.3.10	וְ/אֶת	c/853	HC/To
06awY	Josh.3.10	הַ/חִוִּ֗י	d/2340	HTd/Ngmsa
06Wb1	Josh.3.10	וְ/אֶת	c/853	HC/To
06EAT	Josh.3.10	הַ/פְּרִזִּי֙	d/6522	HTd/Ngmsa
06MzG	Josh.3.10	וְ/אֶת	c/853	HC/To
06RBM	Josh.3.10	הַ/גִּרְגָּשִׁ֔י	d/1622	HTd/Ngmsa
06wzx	Josh.3.10	וְ/הָ/אֱמֹרִ֖י	c/d/567	HC/Td/Ngmsa
067Vm	Josh.3.10	וְ/הַ/יְבוּסִֽי	c/d/2983	HC/Td/Ngmsa
06vSy	Josh.3.11	הִנֵּה֙	2009	HTm
06qgp	Josh.3.11	אֲר֣וֹן	727	HNcbsc
06bcQ	Josh.3.11	הַ/בְּרִ֔ית	d/1285	HTd/Ncfsa
06GFP	Josh.3.11	אֲד֖וֹן	136	HNcmsc
06QZx	Josh.3.11	כָּל	3605	HNcmsc
06JH9	Josh.3.11	הָ/אָ֑רֶץ	d/776	HTd/Ncbsa
06Cdg	Josh.3.11	עֹבֵ֥ר	5674 a	HVqrmsa
06Uv6	Josh.3.11	לִ/פְנֵי/כֶ֖ם	l/6440	HR/Ncbpc/Sp2mp
06eec	Josh.3.11	בַּ/יַּרְדֵּֽן	b/3383	HRd/Np
06bea	Josh.3.12	וְ/עַתָּ֗ה	c/6258	HC/D
06zx5	Josh.3.12	קְח֤וּ	3947	HVqv2mp
06SMW	Josh.3.12	לָ/כֶם֙	l	HR/Sp2mp
06GYp	Josh.3.12	שְׁנֵ֣י	8147	HAcmdc
061GH	Josh.3.12	עָשָׂ֣ר	6240	HAcmsa
063QW	Josh.3.12	אִ֔ישׁ	376	HNcmsa
06tAW	Josh.3.12	מִ/שִּׁבְטֵ֖י	m/7626	HR/Ncmpc
06DCB	Josh.3.12	יִשְׂרָאֵ֑ל	3478	HNp
06r2Z	Josh.3.12	אִישׁ	376	HNcmsa
06don	Josh.3.12	אֶחָ֥ד	259	HAcmsa
06cdc	Josh.3.12	אִישׁ	376	HNcmsa
06Ybs	Josh.3.12	אֶחָ֖ד	259	HAcmsa
06iFe	Josh.3.12	לַ/שָּֽׁבֶט	l/7626	HRd/Ncmsa
069w8	Josh.3.13	וְ/הָיָ֡ה	c/1961	HC/Vqq3ms
069fJ	Josh.3.13	כְּ/נ֣וֹחַ	k/5117	HR/Vqc
06rMg	Josh.3.13	כַּפּ֣וֹת	3709	HNcfpc
06T3v	Josh.3.13	רַגְלֵ֣י	7272	HNcfdc
06e37	Josh.3.13	הַ/כֹּהֲנִ֡ים	d/3548	HTd/Ncmpa
06F5j	Josh.3.13	נֹשְׂאֵי֩	5375	HVqrmpc
06drK	Josh.3.13	אֲר֨וֹן	727	HNcbsc
061TS	Josh.3.13	יְהוָ֜ה	3068	HNp
06e65	Josh.3.13	אֲד֤וֹן	136	HNcmsc
06Fkx	Josh.3.13	כָּל	3605	HNcmsc
06ZVs	Josh.3.13	הָ/אָ֨רֶץ֙	d/776	HTd/Ncbsa
06bmu	Josh.3.13	בְּ/מֵ֣י	b/4325	HR/Ncmpc
06eis	Josh.3.13	הַ/יַּרְדֵּ֔ן	d/3383	HTd/Np
06B8V	Josh.3.13	מֵ֤י	4325	HNcmpc
06gjk	Josh.3.13	הַ/יַּרְדֵּן֙	d/3383	HTd/Np
06tiD	Josh.3.13	יִכָּ֣רֵת֔וּ/ן	3772	HVNi3mp/Sn
06kXw	Josh.3.13	הַ/מַּ֥יִם	d/4325	HTd/Ncmpa
06cHm	Josh.3.13	הַ/יֹּרְדִ֖ים	d/3381	HTd/Vqrmpa
06Loa	Josh.3.13	מִ/לְ/מָ֑עְלָ/ה	m/l/4605	HR/R/D/Sd
06NW8	Josh.3.13	וְ/יַעַמְד֖וּ	c/5975	HC/Vqi3mp
06Ufy	Josh.3.13	נֵ֥ד	5067	HNcmsa
06FCe	Josh.3.13	אֶחָֽד	259	HAcmsa
06CBn	Josh.3.14	וַ/יְהִ֗י	c/1961	HC/Vqw3ms
06QFm	Josh.3.14	בִּ/נְסֹ֤עַ	b/5265	HR/Vqc
062st	Josh.3.14	הָ/עָם֙	d/5971 a	HTd/Ncmsa
06rCW	Josh.3.14	מֵ/אָ֣הֳלֵי/הֶ֔ם	m/168	HR/Ncmpc/Sp3mp
067gm	Josh.3.14	לַ/עֲבֹ֖ר	l/5674 a	HR/Vqc
06zkf	Josh.3.14	אֶת	853	HTo
06941	Josh.3.14	הַ/יַּרְדֵּ֑ן	d/3383	HTd/Np
066C3	Josh.3.14	וְ/הַ/כֹּהֲנִ֗ים	c/d/3548	HC/Td/Ncmpa
06WMb	Josh.3.14	נֹֽשְׂאֵ֛י	5375	HVqrmpc
06ZgJ	Josh.3.14	הָ/אָר֥וֹן	d/727	HTd/Ncbsa
06Ft4	Josh.3.14	הַ/בְּרִ֖ית	d/1285	HTd/Ncfsa
06iMP	Josh.3.14	לִ/פְנֵ֥י	l/6440	HR/Ncbpc
06aom	Josh.3.14	הָ/עָֽם	d/5971 a	HTd/Ncmsa
06xKf	Josh.3.15	וּ/כְ/ב֞וֹא	c/k/935	HC/R/Vqc
06EnU	Josh.3.15	נֹשְׂאֵ֤י	5375	HVqrmpc
06Zax	Josh.3.15	הָֽ/אָרוֹן֙	d/727	HTd/Ncbsa
06Q2e	Josh.3.15	עַד	5704	HR
06ZRJ	Josh.3.15	הַ/יַּרְדֵּ֔ן	d/3383	HTd/Np
06YEi	Josh.3.15	וְ/רַגְלֵ֤י	c/7272	HC/Ncfdc
06gvb	Josh.3.15	הַ/כֹּֽהֲנִים֙	d/3548	HTd/Ncmpa
06bJa	Josh.3.15	נֹשְׂאֵ֣י	5375	HVqrmpc
0689f	Josh.3.15	הָֽ/אָר֔וֹן	d/727	HTd/Ncbsa
06re5	Josh.3.15	נִטְבְּל֖וּ	2881	HVNp3cp
06Xh3	Josh.3.15	בִּ/קְצֵ֣ה	b/7097 a	HR/Ncbsc
06EyU	Josh.3.15	הַ/מָּ֑יִם	d/4325	HTd/Ncmpa
06aci	Josh.3.15	וְ/הַ/יַּרְדֵּ֗ן	c/d/3383	HC/Td/Np
06kbc	Josh.3.15	מָלֵא֙	4390	HVqp3ms
06baF	Josh.3.15	עַל	5921 a	HR
06ZNU	Josh.3.15	כָּל	3605	HNcmsc
06KqQ	Josh.3.15	גְּדוֹתָ֔י/ו	1415	HNcfpc/Sp3ms
06gLV	Josh.3.15	כֹּ֖ל	3605	HNcmsc
06KTp	Josh.3.15	יְמֵ֥י	3117	HNcmpc
06rzR	Josh.3.15	קָצִֽיר	7105 a	HNcmsa
06bh3	Josh.3.16	וַ/יַּעַמְד֡וּ	c/5975	HC/Vqw3mp
06duZ	Josh.3.16	הַ/מַּיִם֩	d/4325	HTd/Ncmpa
06YHi	Josh.3.16	הַ/יֹּרְדִ֨ים	d/3381	HTd/Vqrmpa
06GV7	Josh.3.16	מִ/לְ/מַ֜עְלָ/ה	m/l/4605	HR/R/D/Sd
06A76	Josh.3.16	קָ֣מוּ	6965 b	HVqp3cp
06eHZ	Josh.3.16	נֵד	5067	HNcmsa
06ycY	Josh.3.16	אֶחָ֗ד	259	HAcmsa
06ejK	Josh.3.16	הַרְחֵ֨ק	7368	HVha
06Jb3	Josh.3.16	מְאֹ֜ד	3966	HD
06XXt	Josh.3.16	ב/אדם	b/121	HRd/Np
06rKT	Josh.3.16	מֵֽ/אָדָ֤ם	m/121	HR/Np
06Q8c	Josh.3.16	הָ/עִיר֙	d/5892 b	HTd/Ncfsa
06rHh	Josh.3.16	אֲשֶׁר֙	834 a	HTr
06mUo	Josh.3.16	מִ/צַּ֣ד	m/6654	HR/Ncmsc
06Hfj	Josh.3.16	צָֽרְתָ֔ן	6891	HNp
06ACV	Josh.3.16	וְ/הַ/יֹּרְדִ֗ים	c/d/3381	HC/Td/Vqrmpa
06ioH	Josh.3.16	עַ֣ל	5921 a	HR
06FCG	Josh.3.16	יָ֧ם	3220	HNcmsc
067Jo	Josh.3.16	הָ/עֲרָבָ֛ה	d/6160	HTd/Ncfsa
06wKF	Josh.3.16	יָם	3220	HNcmsc
06YU5	Josh.3.16	הַ/מֶּ֖לַח	d/4417	HTd/Ncmsa
06xmV	Josh.3.16	תַּ֣מּוּ	8552	HVqp3cp
06ZvX	Josh.3.16	נִכְרָ֑תוּ	3772	HVNp3cp
067Ch	Josh.3.16	וְ/הָ/עָ֥ם	c/d/5971 a	HC/Td/Ncmsa
06S67	Josh.3.16	עָבְר֖וּ	5674 a	HVqp3cp
06Hmd	Josh.3.16	נֶ֥גֶד	5048	HR
064Yz	Josh.3.16	יְרִיחֽוֹ	3405	HNp
06zbA	Josh.3.17	וַ/יַּעַמְד֣וּ	c/5975	HC/Vqw3mp
06koP	Josh.3.17	הַ/כֹּהֲנִ֡ים	d/3548	HTd/Ncmpa
06Mdv	Josh.3.17	נֹ֠שְׂאֵי	5375	HVqrmpc
06TXv	Josh.3.17	הָ/אָר֨וֹן	d/727	HTd/Ncbsa
06pbV	Josh.3.17	בְּרִית	1285	HNcfsc
06MSY	Josh.3.17	יְהוָ֜ה	3068	HNp
06GXC	Josh.3.17	בֶּ/חָֽרָבָ֛ה	b/2724	HRd/Ncfsa
06Y6k	Josh.3.17	בְּ/ת֥וֹךְ	b/8432	HR/Ncmsc
06ctR	Josh.3.17	הַ/יַּרְדֵּ֖ן	d/3383	HTd/Np
06Qq3	Josh.3.17	הָכֵ֑ן	3559 a	HVha
06GdR	Josh.3.17	וְ/כָל	c/3605	HC/Ncmsc
06kV4	Josh.3.17	יִשְׂרָאֵ֗ל	3478	HNp
06Zy7	Josh.3.17	עֹֽבְרִים֙	5674 a	HVqrmpa
06ozy	Josh.3.17	בֶּ/חָ֣רָבָ֔ה	b/2724	HRd/Ncfsa
06H6W	Josh.3.17	עַ֤ד	5704	HR
06297	Josh.3.17	אֲשֶׁר	834 a	HTr
06Eyi	Josh.3.17	תַּ֨מּוּ֙	8552	HVqp3cp
06kz6	Josh.3.17	כָּל	3605	HNcmsc
06PZP	Josh.3.17	הַ/גּ֔וֹי	d/1471 a	HTd/Ncmsa
06tkv	Josh.3.17	לַ/עֲבֹ֖ר	l/5674 a	HR/Vqc
06YJk	Josh.3.17	אֶת	853	HTo
06zp3	Josh.3.17	הַ/יַּרְדֵּֽן	d/3383	HTd/Np
06GVz	Josh.4.1	וַ/יְהִי֙	c/1961	HC/Vqw3ms
06MRd	Josh.4.1	כַּ/אֲשֶׁר	k/834 d	HR/Tr
06Ci2	Josh.4.1	תַּ֣מּוּ	8552	HVqp3cp
06TD8	Josh.4.1	כָל	3605	HNcmsc
066R1	Josh.4.1	הַ/גּ֔וֹי	d/1471 a	HTd/Ncmsa
06c7o	Josh.4.1	לַ/עֲב֖וֹר	l/5674 a	HR/Vqc
062Ss	Josh.4.1	אֶת	853	HTo
06JyU	Josh.4.1	הַ/יַּרְדֵּ֑ן	d/3383	HTd/Np
06uF7	Josh.4.1	וַ/יֹּ֣אמֶר	c/559	HC/Vqw3ms
06fbk	Josh.4.1	יְהוָ֔ה	3068	HNp
06RxS	Josh.4.1	אֶל	413	HR
06PTT	Josh.4.1	יְהוֹשֻׁ֖עַ	3091	HNp
061bY	Josh.4.1	לֵ/אמֹֽר	l/559	HR/Vqc
06GMz	Josh.4.2	קְח֤וּ	3947	HVqv2mp
06uCN	Josh.4.2	לָ/כֶם֙	l	HR/Sp2mp
06Wmn	Josh.4.2	מִן	4480 a	HR
06Lri	Josh.4.2	הָ/עָ֔ם	d/5971 a	HTd/Ncmsa
06ymB	Josh.4.2	שְׁנֵ֥ים	8147	HAcmda
06fac	Josh.4.2	עָשָׂ֖ר	6240	HAcmsa
06X2q	Josh.4.2	אֲנָשִׁ֑ים	376	HNcmpa
069d7	Josh.4.2	אִישׁ	376	HNcmsa
06bj4	Josh.4.2	אֶחָ֥ד	259	HAcmsa
06ZRD	Josh.4.2	אִישׁ	376	HNcmsa
06iFV	Josh.4.2	אֶחָ֖ד	259	HAcmsa
06JzQ	Josh.4.2	מִ/שָּֽׁבֶט	m/7626	HR/Ncmsa
06qbn	Josh.4.3	וְ/צַוּ֣וּ	c/6680	HC/Vpv2mp
06WeU	Josh.4.3	אוֹתָ/ם֮	853	HTo/Sp3mp
06TMW	Josh.4.3	לֵ/אמֹר֒	l/559	HR/Vqc
06KvW	Josh.4.3	שְׂאֽוּ	5375	HVqv2mp
06wz5	Josh.4.3	לָ/כֶ֨ם	l	HR/Sp2mp
06g5b	Josh.4.3	מִ/זֶּ֜ה	m/2088	HR/Pdxms
066Cg	Josh.4.3	מִ/תּ֣וֹךְ	m/8432	HR/Ncmsc
06cqw	Josh.4.3	הַ/יַּרְדֵּ֗ן	d/3383	HTd/Np
0676C	Josh.4.3	מִ/מַּצַּב֙	m/4673	HR/Ncmsc
06t1W	Josh.4.3	רַגְלֵ֣י	7272	HNcfdc
06vfm	Josh.4.3	הַ/כֹּהֲנִ֔ים	d/3548	HTd/Ncmpa
06pjd	Josh.4.3	הָכִ֖ין	3559 a	HVhc
06Atm	Josh.4.3	שְׁתֵּים	8147	HAcfda
06vFb	Josh.4.3	עֶשְׂרֵ֣ה	6240	HAcfsa
06sFr	Josh.4.3	אֲבָנִ֑ים	68	HNcfpa
06Q98	Josh.4.3	וְ/הַעֲבַרְתֶּ֤ם	c/5674 a	HC/Vhq2mp
06e6Q	Josh.4.3	אוֹתָ/ם֙	853	HTo/Sp3mp
06Zzk	Josh.4.3	עִמָּ/כֶ֔ם	5973 a	HR/Sp2mp
06Ynf	Josh.4.3	וְ/הִנַּחְתֶּ֣ם	c/3240	HC/Vhq2mp
065pP	Josh.4.3	אוֹתָ֔/ם	853	HTo/Sp3mp
06Xxj	Josh.4.3	בַּ/מָּל֕וֹן	b/4411	HRd/Ncmsa
06eNB	Josh.4.3	אֲשֶׁר	834 a	HTr
06r8g	Josh.4.3	תָּלִ֥ינוּ	3885 a	HVqi2mp
06sJk	Josh.4.3	ב֖/וֹ	b	HR/Sp3ms
06wBJ	Josh.4.3	הַ/לָּֽיְלָה	d/3915	HTd/Ncmsa
06tvR	Josh.4.4	וַ/יִּקְרָ֣א	c/7121	HC/Vqw3ms
06Uoi	Josh.4.4	יְהוֹשֻׁ֗עַ	3091	HNp
06H29	Josh.4.4	אֶל	413	HR
06m2e	Josh.4.4	שְׁנֵ֤ים	8147	HAcmda
06WQ1	Josh.4.4	הֶֽ/עָשָׂר֙	d/6240	HTd/Acmsa
067uv	Josh.4.4	אִ֔ישׁ	376	HNcmsa
06Z1J	Josh.4.4	אֲשֶׁ֥ר	834 a	HTr
06KZa	Josh.4.4	הֵכִ֖ין	3559 a	HVhp3ms
062u6	Josh.4.4	מִ/בְּנֵ֣י	m/1121 a	HR/Ncmpc
06CGY	Josh.4.4	יִשְׂרָאֵ֑ל	3478	HNp
06cy3	Josh.4.4	אִישׁ	376	HNcmsa
065EE	Josh.4.4	אֶחָ֥ד	259	HAcmsa
067yo	Josh.4.4	אִישׁ	376	HNcmsa
066ot	Josh.4.4	אֶחָ֖ד	259	HAcmsa
062Sx	Josh.4.4	מִ/שָּֽׁבֶט	m/7626	HR/Ncmsa
064mo	Josh.4.5	וַ/יֹּ֤אמֶר	c/559	HC/Vqw3ms
06RqC	Josh.4.5	לָ/הֶם֙	l	HR/Sp3mp
06ESM	Josh.4.5	יְהוֹשֻׁ֔עַ	3091	HNp
06mCp	Josh.4.5	עִ֠בְרוּ	5674 a	HVqv2mp
06DCR	Josh.4.5	לִ/פְנֵ֨י	l/6440	HR/Ncbpc
069jq	Josh.4.5	אֲר֧וֹן	727	HNcbsc
06uFy	Josh.4.5	יְהוָ֛ה	3068	HNp
06rnW	Josh.4.5	אֱלֹֽהֵי/כֶ֖ם	430	HNcmpc/Sp2mp
06to2	Josh.4.5	אֶל	413	HR
06XrY	Josh.4.5	תּ֣וֹךְ	8432	HNcmsc
064De	Josh.4.5	הַ/יַּרְדֵּ֑ן	d/3383	HTd/Np
06dPn	Josh.4.5	וְ/הָרִ֨ימוּ	c/7311 a	HC/Vhv2mp
06Qve	Josh.4.5	לָ/כֶ֜ם	l	HR/Sp2mp
063dz	Josh.4.5	אִ֣ישׁ	376	HNcmsa
06vcq	Josh.4.5	אֶ֤בֶן	68	HNcfsa
064Ed	Josh.4.5	אַחַת֙	259	HAcfsa
06kfR	Josh.4.5	עַל	5921 a	HR
06FUa	Josh.4.5	שִׁכְמ֔/וֹ	7926	HNcmsc/Sp3ms
06RZP	Josh.4.5	לְ/מִסְפַּ֖ר	l/4557	HR/Ncmsc
06qLo	Josh.4.5	שִׁבְטֵ֥י	7626	HNcmpc
06UwQ	Josh.4.5	בְנֵי	1121 a	HNcmpc
06EG9	Josh.4.5	יִשְׂרָאֵֽל	3478	HNp
06fSj	Josh.4.6	לְמַ֗עַן	4616	HR
06LGP	Josh.4.6	תִּֽהְיֶ֛ה	1961	HVqi3fs
06oYa	Josh.4.6	זֹ֥את	2063	HPdxfs
06L3V	Josh.4.6	א֖וֹת	226	HNcbsa
06Nkc	Josh.4.6	בְּ/קִרְבְּ/כֶ֑ם	b/7130	HR/Ncmsc/Sp2mp
068qm	Josh.4.6	כִּֽי	3588 a	HC
06XRb	Josh.4.6	יִשְׁאָל֨וּ/ן	7592	HVqi3mp/Sn
06AkY	Josh.4.6	בְּנֵי/כֶ֤ם	1121 a	HNcmpc/Sp2mp
06e5T	Josh.4.6	מָחָר֙	4279	HNcmsa
06MGG	Josh.4.6	לֵ/אמֹ֔ר	l/559	HR/Vqc
066q3	Josh.4.6	מָ֛ה	4100	HTi
06MDa	Josh.4.6	הָ/אֲבָנִ֥ים	d/68	HTd/Ncfpa
06WBd	Josh.4.6	הָ/אֵ֖לֶּה	d/428	HTd/Pdxcp
06jGt	Josh.4.6	לָ/כֶֽם	l	HR/Sp2mp
06tyS	Josh.4.7	וַ/אֲמַרְתֶּ֣ם	c/559	HC/Vqq2mp
06k6N	Josh.4.7	לָ/הֶ֗ם	l	HR/Sp3mp
06mY8	Josh.4.7	אֲשֶׁ֨ר	834 a	HTr
06Hod	Josh.4.7	נִכְרְת֜וּ	3772	HVNp3cp
06LbG	Josh.4.7	מֵימֵ֤י	4325	HNcmpc
06jJf	Josh.4.7	הַ/יַּרְדֵּן֙	d/3383	HTd/Np
06zJw	Josh.4.7	מִ/פְּנֵי֙	m/6440	HR/Ncbpc
06Sho	Josh.4.7	אֲר֣וֹן	727	HNcbsc
068zu	Josh.4.7	בְּרִית	1285	HNcfsc
066TZ	Josh.4.7	יְהוָ֔ה	3068	HNp
06mQU	Josh.4.7	בְּ/עָבְר/וֹ֙	b/5674 a	HR/Vqc/Sp3ms
065oN	Josh.4.7	בַּ/יַּרְדֵּ֔ן	b/3383	HRd/Np
06HQC	Josh.4.7	נִכְרְת֖וּ	3772	HVNp3cp
06tFU	Josh.4.7	מֵ֣י	4325	HNcmpc
06QHV	Josh.4.7	הַ/יַּרְדֵּ֑ן	d/3383	HTd/Np
06ot3	Josh.4.7	וְ֠/הָיוּ	c/1961	HC/Vqq3cp
06HBY	Josh.4.7	הָ/אֲבָנִ֨ים	d/68	HTd/Ncfpa
065H9	Josh.4.7	הָ/אֵ֧לֶּה	d/428	HTd/Pdxcp
06eWk	Josh.4.7	לְ/זִכָּר֛וֹן	l/2146	HR/Ncmsa
06UNQ	Josh.4.7	לִ/בְנֵ֥י	l/1121 a	HR/Ncmpc
06GX8	Josh.4.7	יִשְׂרָאֵ֖ל	3478	HNp
06pky	Josh.4.7	עַד	5704	HR
063N5	Josh.4.7	עוֹלָֽם	5769	HNcmsa
06gv9	Josh.4.8	וַ/יַּעֲשׂוּ	c/6213 a	HC/Vqw3mp
0628H	Josh.4.8	כֵ֣ן	3651 c	HD
06cog	Josh.4.8	בְּנֵי	1121 a	HNcmpc
06dVq	Josh.4.8	יִשְׂרָאֵ֘ל	3478	HNp
06SmU	Josh.4.8	כַּ/אֲשֶׁ֣ר	k/834 d	HR/Tr
06xRR	Josh.4.8	צִוָּ֣ה	6680	HVpp3ms
06NYp	Josh.4.8	יְהוֹשֻׁעַ֒	3091	HNp
06Gjw	Josh.4.8	וַ/יִּשְׂא֡וּ	c/5375	HC/Vqw3mp
069Na	Josh.4.8	שְׁתֵּֽי	8147	HAcfdc
06xjb	Josh.4.8	עֶשְׂרֵ֨ה	6240	HAcfsa
0678y	Josh.4.8	אֲבָנִ֜ים	68	HNcfpa
06Vgg	Josh.4.8	מִ/תּ֣וֹךְ	m/8432	HR/Ncmsc
06F1H	Josh.4.8	הַ/יַּרְדֵּ֗ן	d/3383	HTd/Np
06j2J	Josh.4.8	כַּ/אֲשֶׁ֨ר	k/834 d	HR/Tr
06ch4	Josh.4.8	דִּבֶּ֤ר	1696	HVpp3ms
06etU	Josh.4.8	יְהוָה֙	3068	HNp
06ean	Josh.4.8	אֶל	413	HR
06aJG	Josh.4.8	יְהוֹשֻׁ֔עַ	3091	HNp
06nF8	Josh.4.8	לְ/מִסְפַּ֖ר	l/4557	HR/Ncmsc
06wEW	Josh.4.8	שִׁבְטֵ֣י	7626	HNcmpc
06fJd	Josh.4.8	בְנֵֽי	1121 a	HNcmpc
06eEh	Josh.4.8	יִשְׂרָאֵ֑ל	3478	HNp
06K1s	Josh.4.8	וַ/יַּעֲבִר֤וּ/ם	c/5674 a	HC/Vhw3mp/Sp3mp
0676o	Josh.4.8	עִמָּ/ם֙	5973 a	HR/Sp3mp
06omx	Josh.4.8	אֶל	413	HR
06XBe	Josh.4.8	הַ/מָּל֔וֹן	d/4411	HTd/Ncmsa
068A2	Josh.4.8	וַ/יַּנִּח֖וּ/ם	c/3240	HC/Vhw3mp/Sp3mp
063Qm	Josh.4.8	שָֽׁם	8033	HD
06yeG	Josh.4.9	וּ/שְׁתֵּ֧ים	c/8147	HC/Acfda
061NW	Josh.4.9	עֶשְׂרֵ֣ה	6240	HAcfsa
06f13	Josh.4.9	אֲבָנִ֗ים	68	HNcfpa
065on	Josh.4.9	הֵקִ֣ים	6965 b	HVhp3ms
06b2J	Josh.4.9	יְהוֹשֻׁעַ֮	3091	HNp
06MnD	Josh.4.9	בְּ/ת֣וֹךְ	b/8432	HR/Ncmsc
062B3	Josh.4.9	הַ/יַּרְדֵּן֒	d/3383	HTd/Np
06eAA	Josh.4.9	תַּ֗חַת	8478	HR
06usA	Josh.4.9	מַצַּב֙	4673	HNcmsc
06bmL	Josh.4.9	רַגְלֵ֣י	7272	HNcfdc
06DK9	Josh.4.9	הַ/כֹּהֲנִ֔ים	d/3548	HTd/Ncmpa
067vQ	Josh.4.9	נֹשְׂאֵ֖י	5375	HVqrmpc
06JoL	Josh.4.9	אֲר֣וֹן	727	HNcbsc
06Zzg	Josh.4.9	הַ/בְּרִ֑ית	d/1285	HTd/Ncfsa
06k3m	Josh.4.9	וַ/יִּ֣הְיוּ	c/1961	HC/Vqw3mp
06Q2N	Josh.4.9	שָׁ֔ם	8033	HD
06Ggr	Josh.4.9	עַ֖ד	5704	HR
06hnA	Josh.4.9	הַ/יּ֥וֹם	d/3117	HTd/Ncmsa
067tY	Josh.4.9	הַ/זֶּֽה	d/2088	HTd/Pdxms
062Dp	Josh.4.10	וְ/הַ/כֹּהֲנִ֞ים	c/d/3548	HC/Td/Ncmpa
06BQa	Josh.4.10	נֹשְׂאֵ֣י	5375	HVqrmpc
06qNm	Josh.4.10	הָ/אָר֗וֹן	d/727	HTd/Ncbsa
064xx	Josh.4.10	עֹמְדִים֮	5975	HVqrmpa
06E57	Josh.4.10	בְּ/ת֣וֹךְ	b/8432	HR/Ncmsc
06zfG	Josh.4.10	הַ/יַּרְדֵּן֒	d/3383	HTd/Np
06y3Z	Josh.4.10	עַ֣ד	5704	HR
06vtM	Josh.4.10	תֹּ֣ם	8552	HVqc
06BNu	Josh.4.10	כָּֽל	3605	HNcmsc
06QTj	Josh.4.10	הַ֠/דָּבָר	d/1697	HTd/Ncmsa
06Tgd	Josh.4.10	אֲשֶׁר	834 a	HTr
06hAp	Josh.4.10	צִוָּ֨ה	6680	HVpp3ms
06KNK	Josh.4.10	יְהוָ֤ה	3068	HNp
06nk3	Josh.4.10	אֶת	853	HTo
06wj3	Josh.4.10	יְהוֹשֻׁ֨עַ֙	3091	HNp
06vFK	Josh.4.10	לְ/דַבֵּ֣ר	l/1696	HR/Vpc
06QNk	Josh.4.10	אֶל	413	HR
06h1i	Josh.4.10	הָ/עָ֔ם	d/5971 a	HTd/Ncmsa
06c5a	Josh.4.10	כְּ/כֹ֛ל	k/3605	HR/Ncmsa
06MZK	Josh.4.10	אֲשֶׁר	834 a	HTr
06Hx4	Josh.4.10	צִוָּ֥ה	6680	HVpp3ms
06f6t	Josh.4.10	מֹשֶׁ֖ה	4872	HNp
06BzF	Josh.4.10	אֶת	853	HTo
06mrv	Josh.4.10	יְהוֹשֻׁ֑עַ	3091	HNp
06TVv	Josh.4.10	וַ/יְמַהֲר֥וּ	c/4116 a	HC/Vpw3mp
06ZUH	Josh.4.10	הָ/עָ֖ם	d/5971 a	HTd/Ncmsa
06HWF	Josh.4.10	וַֽ/יַּעֲבֹֽרוּ	c/5674 a	HC/Vqw3mp
06rhu	Josh.4.11	וַ/יְהִ֛י	c/1961	HC/Vqw3ms
067YX	Josh.4.11	כַּֽ/אֲשֶׁר	k/834 d	HR/Tr
06caE	Josh.4.11	תַּ֥ם	8552	HVqp3ms
06w2r	Josh.4.11	כָּל	3605	HNcmsc
06j2a	Josh.4.11	הָ/עָ֖ם	d/5971 a	HTd/Ncmsa
064ei	Josh.4.11	לַֽ/עֲב֑וֹר	l/5674 a	HR/Vqc
06iQS	Josh.4.11	וַ/יַּעֲבֹ֧ר	c/5674 a	HC/Vqw3ms
06pu1	Josh.4.11	אֲרוֹן	727	HNcbsc
069Gr	Josh.4.11	יְהוָ֛ה	3068	HNp
06jGA	Josh.4.11	וְ/הַ/כֹּהֲנִ֖ים	c/d/3548	HC/Td/Ncmpa
06Q9B	Josh.4.11	לִ/פְנֵ֥י	l/6440	HR/Ncbpc
068LK	Josh.4.11	הָ/עָֽם	d/5971 a	HTd/Ncmsa
06aWe	Josh.4.12	וַ֠/יַּעַבְרוּ	c/5674 a	HC/Vqw3mp
06JRh	Josh.4.12	בְּנֵי	1121 a	HNcmpc
06iqH	Josh.4.12	רְאוּבֵ֨ן	7205	HNp
064ze	Josh.4.12	וּ/בְנֵי	c/1121 a	HC/Ncmpc
06Eur	Josh.4.12	גָ֜ד	1410	HNp
06e9g	Josh.4.12	וַ/חֲצִ֨י	c/2677	HC/Ncmsc
06hHu	Josh.4.12	שֵׁ֤בֶט	7626	HNcmsc
06C47	Josh.4.12	הַֽ/מְנַשֶּׁה֙	d/4519	HTd/Np
06TWu	Josh.4.12	חֲמֻשִׁ֔ים	2571	HVqsmpa
06EWV	Josh.4.12	לִ/פְנֵ֖י	l/6440	HR/Ncbpc
06nDr	Josh.4.12	בְּנֵ֣י	1121 a	HNcmpc
06NH6	Josh.4.12	יִשְׂרָאֵ֑ל	3478	HNp
06PP2	Josh.4.12	כַּ/אֲשֶׁ֛ר	k/834 d	HR/Tr
06sgH	Josh.4.12	דִּבֶּ֥ר	1696	HVpp3ms
067YZ	Josh.4.12	אֲלֵי/הֶ֖ם	413	HR/Sp3mp
06DLP	Josh.4.12	מֹשֶֽׁה	4872	HNp
06Wgd	Josh.4.13	כְּ/אַרְבָּעִ֥ים	k/705	HR/Acbpa
06tA5	Josh.4.13	אֶ֖לֶף	505	HAcbsa
06FQu	Josh.4.13	חֲלוּצֵ֣י	2502 b	HVqsmpc
06rxc	Josh.4.13	הַ/צָּבָ֑א	d/6635 a	HTd/Ncbsa
06185	Josh.4.13	עָבְר֞וּ	5674 a	HVqp3cp
06ssA	Josh.4.13	לִ/פְנֵ֤י	l/6440	HR/Ncbpc
06un2	Josh.4.13	יְהוָה֙	3068	HNp
064Ei	Josh.4.13	לַ/מִּלְחָמָ֔ה	l/4421	HRd/Ncfsa
06wp8	Josh.4.13	אֶ֖ל	413	HR
06fZr	Josh.4.13	עַֽרְב֥וֹת	6160	HNcfpc
06qsm	Josh.4.13	יְרִיחֽוֹ	3405	HNp
06Yvd	Josh.4.14	בַּ/יּ֣וֹם	b/3117	HRd/Ncmsa
06qo8	Josh.4.14	הַ/ה֗וּא	d/1931	HTd/Pp3ms
06Rvz	Josh.4.14	גִּדַּ֤ל	1431	HVpp3ms
06UiP	Josh.4.14	יְהוָה֙	3068	HNp
06zc2	Josh.4.14	אֶת	853	HTo
06jWU	Josh.4.14	יְהוֹשֻׁ֔עַ	3091	HNp
06WRL	Josh.4.14	בְּ/עֵינֵ֖י	b/5869 a	HR/Ncbdc
06MEe	Josh.4.14	כָּל	3605	HNcmsc
06Lz7	Josh.4.14	יִשְׂרָאֵ֑ל	3478	HNp
06C5b	Josh.4.14	וַ/יִּֽרְא֣וּ	c/3372	HC/Vqw3mp
06KGK	Josh.4.14	אֹת֔/וֹ	853	HTo/Sp3ms
06V8j	Josh.4.14	כַּ/אֲשֶׁ֛ר	k/834 d	HR/Tr
06PaR	Josh.4.14	יָרְא֥וּ	3372	HVqp3cp
06Env	Josh.4.14	אֶת	853	HTo
068Dt	Josh.4.14	מֹשֶׁ֖ה	4872	HNp
06iSw	Josh.4.14	כָּל	3605	HNcmsc
06cX6	Josh.4.14	יְמֵ֥י	3117	HNcmpc
06nM3	Josh.4.14	חַיָּֽי/ו	2416 e	HNcmpc/Sp3ms
067Xe	Josh.4.15	וַ/יֹּ֣אמֶר	c/559	HC/Vqw3ms
06noN	Josh.4.15	יְהוָ֔ה	3068	HNp
06hHR	Josh.4.15	אֶל	413	HR
06CoS	Josh.4.15	יְהוֹשֻׁ֖עַ	3091	HNp
06KXg	Josh.4.15	לֵ/אמֹֽר	l/559	HR/Vqc
06Gq2	Josh.4.16	צַוֵּה֙	6680	HVpv2ms
06sk8	Josh.4.16	אֶת	853	HTo
06Vfr	Josh.4.16	הַ/כֹּ֣הֲנִ֔ים	d/3548	HTd/Ncmpa
06tkY	Josh.4.16	נֹשְׂאֵ֖י	5375	HVqrmpc
06r5i	Josh.4.16	אֲר֣וֹן	727	HNcbsc
062bH	Josh.4.16	הָ/עֵד֑וּת	d/5715	HTd/Ncfsa
06wCy	Josh.4.16	וְ/יַעֲל֖וּ	c/5927	HC/Vqi3mp
062ee	Josh.4.16	מִן	4480 a	HR
06b7E	Josh.4.16	הַ/יַּרְדֵּֽן	d/3383	HTd/Np
0645a	Josh.4.17	וַ/יְצַ֣ו	c/6680	HC/Vpw3ms
06Gby	Josh.4.17	יְהוֹשֻׁ֔עַ	3091	HNp
06t6e	Josh.4.17	אֶת	853	HTo
064wi	Josh.4.17	הַ/כֹּהֲנִ֖ים	d/3548	HTd/Ncmpa
06LNA	Josh.4.17	לֵ/אמֹ֑ר	l/559	HR/Vqc
06bU4	Josh.4.17	עֲל֖וּ	5927	HVqv2mp
06R6Q	Josh.4.17	מִן	4480 a	HR
06LiE	Josh.4.17	הַ/יַּרְדֵּֽן	d/3383	HTd/Np
06uCS	Josh.4.18	וַ֠/יְהִי	c/1961	HC/Vqw3ms
06taS	Josh.4.18	ב/עלות	b/5927	HR/Vqc
06Erp	Josh.4.18	כַּ/עֲל֨וֹת	k/5927	HR/Vqc
06azc	Josh.4.18	הַ/כֹּהֲנִ֜ים	d/3548	HTd/Ncmpa
06HpH	Josh.4.18	נֹשְׂאֵ֨י	5375	HVqrmpc
06wcd	Josh.4.18	אֲר֤וֹן	727	HNcbsc
06DR2	Josh.4.18	בְּרִית	1285	HNcfsc
068MF	Josh.4.18	יְהוָה֙	3068	HNp
065wJ	Josh.4.18	מִ/תּ֣וֹךְ	m/8432	HR/Ncmsc
06AuA	Josh.4.18	הַ/יַּרְדֵּ֔ן	d/3383	HTd/Np
06pa7	Josh.4.18	נִתְּק֗וּ	5423	HVNp3cp
061Q7	Josh.4.18	כַּפּוֹת֙	3709	HNcfpc
06147	Josh.4.18	רַגְלֵ֣י	7272	HNcfdc
06qpX	Josh.4.18	הַ/כֹּהֲנִ֔ים	d/3548	HTd/Ncmpa
06eEg	Josh.4.18	אֶ֖ל	413	HR
06FHa	Josh.4.18	הֶ/חָרָבָ֑ה	d/2724	HTd/Ncfsa
06ExS	Josh.4.18	וַ/יָּשֻׁ֤בוּ	c/7725	HC/Vqw3mp
0616M	Josh.4.18	מֵֽי	4325	HNcmpc
06nj6	Josh.4.18	הַ/יַּרְדֵּן֙	d/3383	HTd/Np
067hm	Josh.4.18	לִ/מְקוֹמָ֔/ם	l/4725	HR/Ncmsc/Sp3mp
06yrZ	Josh.4.18	וַ/יֵּלְכ֥וּ	c/3212	HC/Vqw3mp
06cpd	Josh.4.18	כִ/תְמוֹל	k/8543	HR/D
06QR7	Josh.4.18	שִׁלְשׁ֖וֹם	8032	HNcmsa
06388	Josh.4.18	עַל	5921 a	HR
06D9B	Josh.4.18	כָּל	3605	HNcmsc
06KQr	Josh.4.18	גְּדוֹתָֽי/ו	1415	HNcfpc/Sp3ms
06bRM	Josh.4.19	וְ/הָ/עָ֗ם	c/d/5971 a	HC/Td/Ncmsa
06TPs	Josh.4.19	עָלוּ֙	5927	HVqp3cp
06Mef	Josh.4.19	מִן	4480 a	HR
06UeD	Josh.4.19	הַ/יַּרְדֵּ֔ן	d/3383	HTd/Np
06Ddz	Josh.4.19	בֶּ/עָשׂ֖וֹר	b/6218	HRd/Ncmsa
06VYG	Josh.4.19	לַ/חֹ֣דֶשׁ	l/2320	HRd/Ncmsa
06zd1	Josh.4.19	הָ/רִאשׁ֑וֹן	d/7223	HTd/Aomsa
06mw6	Josh.4.19	וַֽ/יַּחֲנוּ֙	c/2583	HC/Vqw3mp
064AV	Josh.4.19	בַּ/גִּלְגָּ֔ל	b/1537	HRd/Np
06RJM	Josh.4.19	בִּ/קְצֵ֖ה	b/7097 a	HR/Ncbsc
06ZPm	Josh.4.19	מִזְרַ֥ח	4217	HNcmsc
06aZX	Josh.4.19	יְרִיחֽוֹ	3405	HNp
06QJg	Josh.4.20	וְ/אֵת֩	c/853	HC/To
06P5E	Josh.4.20	שְׁתֵּ֨ים	8147	HAcfda
06yrH	Josh.4.20	עֶשְׂרֵ֤ה	6240	HAcfsa
06sud	Josh.4.20	הָֽ/אֲבָנִים֙	d/68	HTd/Ncfpa
06id4	Josh.4.20	הָ/אֵ֔לֶּה	d/428	HTd/Pdxcp
06rbK	Josh.4.20	אֲשֶׁ֥ר	834 a	HTr
06fQG	Josh.4.20	לָקְח֖וּ	3947	HVqp3cp
06HAz	Josh.4.20	מִן	4480 a	HR
06J4B	Josh.4.20	הַ/יַּרְדֵּ֑ן	d/3383	HTd/Np
06cc4	Josh.4.20	הֵקִ֥ים	6965 b	HVhp3ms
06oRq	Josh.4.20	יְהוֹשֻׁ֖עַ	3091	HNp
06cUw	Josh.4.20	בַּ/גִּלְגָּֽל	b/1537	HRd/Np
06MVU	Josh.4.21	וַ/יֹּ֛אמֶר	c/559	HC/Vqw3ms
06CE4	Josh.4.21	אֶל	413	HR
06Li4	Josh.4.21	בְּנֵ֥י	1121 a	HNcmpc
06L6s	Josh.4.21	יִשְׂרָאֵ֖ל	3478	HNp
06g5n	Josh.4.21	לֵ/אמֹ֑ר	l/559	HR/Vqc
06jmB	Josh.4.21	אֲשֶׁר֩	834 a	HTr
06kmE	Josh.4.21	יִשְׁאָל֨וּ/ן	7592	HVqi3mp/Sn
06hyH	Josh.4.21	בְּנֵי/כֶ֤ם	1121 a	HNcmpc/Sp2mp
06DMx	Josh.4.21	מָחָר֙	4279	HNcmsa
06D1c	Josh.4.21	אֶת	853	HTo
06sgn	Josh.4.21	אֲבוֹתָ֣/ם	1	HNcmpc/Sp3mp
06cLA	Josh.4.21	לֵ/אמֹ֔ר	l/559	HR/Vqc
06Jrt	Josh.4.21	מָ֖ה	4100	HTi
06jwP	Josh.4.21	הָ/אֲבָנִ֥ים	d/68	HTd/Ncfpa
06XZe	Josh.4.21	הָ/אֵֽלֶּה	d/428	HTd/Pdxcp
06dip	Josh.4.22	וְ/הוֹדַעְתֶּ֖ם	c/3045	HC/Vhq2mp
06f7v	Josh.4.22	אֶת	853	HTo
065hr	Josh.4.22	בְּנֵי/כֶ֣ם	1121 a	HNcmpc/Sp2mp
06RDs	Josh.4.22	לֵ/אמֹ֑ר	l/559	HR/Vqc
06Tvm	Josh.4.22	בַּ/יַּבָּשָׁה֙	b/3004	HRd/Ncfsa
061vy	Josh.4.22	עָבַ֣ר	5674 a	HVqp3ms
06JzC	Josh.4.22	יִשְׂרָאֵ֔ל	3478	HNp
06Pv9	Josh.4.22	אֶת	853	HTo
06u6Y	Josh.4.22	הַ/יַּרְדֵּ֖ן	d/3383	HTd/Np
06iTM	Josh.4.22	הַ/זֶּֽה	d/2088	HTd/Pdxms
06jDe	Josh.4.23	אֲשֶׁר	834 a	HTr
06uHz	Josh.4.23	הוֹבִישׁ֩	3001	HVhp3ms
062iJ	Josh.4.23	יְהוָ֨ה	3068	HNp
06evD	Josh.4.23	אֱלֹהֵי/כֶ֜ם	430	HNcmpc/Sp2mp
06vKo	Josh.4.23	אֶת	853	HTo
06mvJ	Josh.4.23	מֵ֧י	4325	HNcmpc
06pDQ	Josh.4.23	הַ/יַּרְדֵּ֛ן	d/3383	HTd/Np
06deG	Josh.4.23	מִ/פְּנֵי/כֶ֖ם	m/6440	HR/Ncbpc/Sp2mp
06Nvj	Josh.4.23	עַֽד	5704	HR
06Gye	Josh.4.23	עָבְרְ/כֶ֑ם	5674 a	HVqc/Sp2mp
06qCo	Josh.4.23	כַּ/אֲשֶׁ֣ר	k/834 d	HR/Tr
06h3K	Josh.4.23	עָשָׂה֩	6213 a	HVqp3ms
06USJ	Josh.4.23	יְהוָ֨ה	3068	HNp
06rMp	Josh.4.23	אֱלֹהֵי/כֶ֧ם	430	HNcmpc/Sp2mp
06sd2	Josh.4.23	לְ/יַם	l/3220	HR/Ncmsc
06Ssu	Josh.4.23	ס֛וּף	5488	HNcmsa
06x1x	Josh.4.23	אֲשֶׁר	834 a	HTr
06w5T	Josh.4.23	הוֹבִ֥ישׁ	3001	HVhp3ms
06FrL	Josh.4.23	מִ/פָּנֵ֖י/נוּ	m/6440	HR/Ncbpc/Sp1cp
06q3X	Josh.4.23	עַד	5704	HR
06YjW	Josh.4.23	עָבְרֵֽ/נוּ	5674 a	HVqc/Sp1cp
064i9	Josh.4.24	לְ֠מַעַן	4616	HR
06Afw	Josh.4.24	דַּ֜עַת	3045	HVqc
06Vcq	Josh.4.24	כָּל	3605	HNcmsc
06eF7	Josh.4.24	עַמֵּ֤י	5971 a	HNcmpc
06wPX	Josh.4.24	הָ/אָ֨רֶץ֙	d/776	HTd/Ncbsa
06tUi	Josh.4.24	אֶת	853	HTo
06S6i	Josh.4.24	יַ֣ד	3027	HNcbsc
06KNH	Josh.4.24	יְהוָ֔ה	3068	HNp
06XUc	Josh.4.24	כִּ֥י	3588 a	HC
06KGa	Josh.4.24	חֲזָקָ֖ה	2389	HAafsa
06jzU	Josh.4.24	הִ֑יא	1931	HPp3fs
063ws	Josh.4.24	לְמַ֧עַן	4616	HR
06nkE	Josh.4.24	יְרָאתֶ֛ם	3372	HVqp2mp
06UeK	Josh.4.24	אֶת	853	HTo
06CYD	Josh.4.24	יְהוָ֥ה	3068	HNp
069gs	Josh.4.24	אֱלֹהֵי/כֶ֖ם	430	HNcmpc/Sp2mp
06GTQ	Josh.4.24	כָּל	3605	HNcmsc
06gKo	Josh.4.24	הַ/יָּמִֽים	d/3117	HTd/Ncmpa
06oZb	Josh.5.1	וַ/יְהִ֣י	c/1961	HC/Vqw3ms
06KCy	Josh.5.1	כִ/שְׁמֹ֣עַ	k/8085	HR/Vqc
06juz	Josh.5.1	כָּל	3605	HNcmsc
06DH2	Josh.5.1	מַלְכֵ֣י	4428	HNcmpc
064VF	Josh.5.1	הָ/אֱמֹרִ֡י	d/567	HTd/Ngmsa
0672H	Josh.5.1	אֲשֶׁר֩	834 a	HTr
0625j	Josh.5.1	בְּ/עֵ֨בֶר	b/5676	HR/Ncmsc
06Vo3	Josh.5.1	הַ/יַּרְדֵּ֜ן	d/3383	HTd/Np
06dhD	Josh.5.1	יָ֗מָּ/ה	3220	HNcmsa/Sd
066uw	Josh.5.1	וְ/כָל	c/3605	HC/Ncmsc
06zjv	Josh.5.1	מַלְכֵ֤י	4428	HNcmpc
061Mn	Josh.5.1	הַֽ/כְּנַעֲנִי֙	d/3669 a	HTd/Ngmsa
066qW	Josh.5.1	אֲשֶׁ֣ר	834 a	HTr
06Zjx	Josh.5.1	עַל	5921 a	HR
06aoZ	Josh.5.1	הַ/יָּ֔ם	d/3220	HTd/Ncmsa
06EJP	Josh.5.1	אֵ֠ת	853	HTo
064HM	Josh.5.1	אֲשֶׁר	834 a	HTr
06EjA	Josh.5.1	הוֹבִ֨ישׁ	3001	HVhp3ms
06E1f	Josh.5.1	יְהוָ֜ה	3068	HNp
06Hwq	Josh.5.1	אֶת	853	HTo
06MWU	Josh.5.1	מֵ֧י	4325	HNcmpc
06vD2	Josh.5.1	הַ/יַּרְדֵּ֛ן	d/3383	HTd/Np
06ygZ	Josh.5.1	מִ/פְּנֵ֥י	m/6440	HR/Ncbpc
066YP	Josh.5.1	בְנֵֽי	1121 a	HNcmpc
06UhH	Josh.5.1	יִשְׂרָאֵ֖ל	3478	HNp
06MSM	Josh.5.1	עַד	5704	HR
06TYN	Josh.5.1	עבר/נו	5674 a	HVqc/Sp1cp
06cMr	Josh.5.1	עָבְרָ֑/ם	5674 a	HVqc/Sp3mp
064Up	Josh.5.1	וַ/יִּמַּ֣ס	c/4549	HC/VNw3ms
06pa1	Josh.5.1	לְבָבָ֗/ם	3824	HNcmsc/Sp3mp
06GDg	Josh.5.1	וְ/לֹא	c/3808	HC/Tn
06ZxK	Josh.5.1	הָ֨יָה	1961	HVqp3ms
06KpZ	Josh.5.1	בָ֥/ם	b	HR/Sp3mp
06nwq	Josh.5.1	עוֹד֙	5750	HD
06Lgy	Josh.5.1	ר֔וּחַ	7307	HNcbsa
065AY	Josh.5.1	מִ/פְּנֵ֖י	m/6440	HR/Ncbpc
06HUX	Josh.5.1	בְּנֵֽי	1121 a	HNcmpc
06RYU	Josh.5.1	יִשְׂרָאֵֽל	3478	HNp
063Q1	Josh.5.2	בָּ/עֵ֣ת	b/6256	HRd/Ncbsa
06ikx	Josh.5.2	הַ/הִ֗יא	d/1931	HTd/Pp3fs
065Xt	Josh.5.2	אָמַ֤ר	559	HVqp3ms
068jj	Josh.5.2	יְהוָה֙	3068	HNp
063v4	Josh.5.2	אֶל	413	HR
06hFh	Josh.5.2	יְהוֹשֻׁ֔עַ	3091	HNp
063it	Josh.5.2	עֲשֵׂ֥ה	6213 a	HVqv2ms
06pf7	Josh.5.2	לְ/ךָ֖	l	HR/Sp2ms
06Dne	Josh.5.2	חַֽרְב֣וֹת	2719	HNcfpc
06fqZ	Josh.5.2	צֻרִ֑ים	6697	HNcmpa
067ev	Josh.5.2	וְ/שׁ֛וּב	c/7725	HC/Vqv2ms
06eWV	Josh.5.2	מֹ֥ל	4135 b	HVqv2ms
06DUZ	Josh.5.2	אֶת	853	HTo
06abv	Josh.5.2	בְּנֵֽי	1121 a	HNcmpc
069XH	Josh.5.2	יִשְׂרָאֵ֖ל	3478	HNp
06tui	Josh.5.2	שֵׁנִֽית	8145	HAofsa
065mW	Josh.5.3	וַ/יַּעַשׂ	c/6213 a	HC/Vqw3ms
069p4	Josh.5.3	ל֥/וֹ	l	HR/Sp3ms
061AP	Josh.5.3	יְהוֹשֻׁ֖עַ	3091	HNp
06Dh6	Josh.5.3	חַֽרְב֣וֹת	2719	HNcfpc
06q22	Josh.5.3	צֻרִ֑ים	6697	HNcmpa
06Z1p	Josh.5.3	וַ/יָּ֨מָל֙	c/4135 a	HC/Vqw3ms
064mF	Josh.5.3	אֶת	853	HTo
06PJU	Josh.5.3	בְּנֵ֣י	1121 a	HNcmpc
06eKG	Josh.5.3	יִשְׂרָאֵ֔ל	3478	HNp
06Anx	Josh.5.3	אֶל	413	HR
06kWB	Josh.5.3	גִּבְעַ֖ת	1389	HNcfsc
0626j	Josh.5.3	הָ/עֲרָלֽוֹת	d/6190	HTd/Ncfpa
06ZiN	Josh.5.4	וְ/זֶ֥ה	c/2088	HC/Pdxms
06NAb	Josh.5.4	הַ/דָּבָ֖ר	d/1697	HTd/Ncmsa
06NJS	Josh.5.4	אֲשֶׁר	834 a	HTr
06S4e	Josh.5.4	מָ֣ל	4135 a	HVqp3ms
06cZG	Josh.5.4	יְהוֹשֻׁ֑עַ	3091	HNp
06Nqf	Josh.5.4	כָּל	3605	HNcmsc
06tKV	Josh.5.4	הָ/עָ֣ם	d/5971 a	HTd/Ncmsa
06hpd	Josh.5.4	הַ/יֹּצֵא֩	d/3318	HTd/Vqrmsa
06CAC	Josh.5.4	מִ/מִּצְרַ֨יִם	m/4714	HR/Np
06MBs	Josh.5.4	הַ/זְּכָרִ֜ים	d/2145	HTd/Ncmpa
06uCk	Josh.5.4	כֹּ֣ל	3605	HNcmsc
06KHf	Josh.5.4	אַנְשֵׁ֣י	376	HNcmpc
06bcM	Josh.5.4	הַ/מִּלְחָמָ֗ה	d/4421	HTd/Ncfsa
06mry	Josh.5.4	מֵ֤תוּ	4191	HVqp3cp
06e4r	Josh.5.4	בַ/מִּדְבָּר֙	b/4057 b	HRd/Ncmsa
06rFe	Josh.5.4	בַּ/דֶּ֔רֶךְ	b/1870	HRd/Ncbsa
06bu5	Josh.5.4	בְּ/צֵאתָ֖/ם	b/3318	HR/Vqc/Sp3mp
06nfi	Josh.5.4	מִ/מִּצְרָֽיִם	m/4714	HR/Np
06kkD	Josh.5.5	כִּֽי	3588 a	HC
06EPr	Josh.5.5	מֻלִ֣ים	4135 a	HVqsmpa
06KoZ	Josh.5.5	הָי֔וּ	1961	HVqp3cp
06A4n	Josh.5.5	כָּל	3605	HNcmsc
06Eq3	Josh.5.5	הָ/עָ֖ם	d/5971 a	HTd/Ncmsa
064c8	Josh.5.5	הַ/יֹּֽצְאִ֑ים	d/3318	HTd/Vqrmpa
06Npb	Josh.5.5	וְ/כָל	c/3605	HC/Ncmsc
06ETF	Josh.5.5	הָ֠/עָם	d/5971 a	HTd/Ncmsa
06TmV	Josh.5.5	הַ/יִּלֹּדִ֨ים	d/3209	HTd/Aampa
06tBT	Josh.5.5	בַּ/מִּדְבָּ֥ר	b/4057 b	HRd/Ncmsa
06BBm	Josh.5.5	בַּ/דֶּ֛רֶךְ	b/1870	HRd/Ncbsa
06qKL	Josh.5.5	בְּ/צֵאתָ֥/ם	b/3318	HR/Vqc/Sp3mp
06qip	Josh.5.5	מִ/מִּצְרַ֖יִם	m/4714	HR/Np
06p4D	Josh.5.5	לֹא	3808	HTn
06G5R	Josh.5.5	מָֽלוּ	4135 a	HVqp3cp
06GXr	Josh.5.6	כִּ֣י	3588 a	HC
06XSa	Josh.5.6	אַרְבָּעִ֣ים	705	HAcbpa
06bsA	Josh.5.6	שָׁנָ֗ה	8141	HNcfsa
06nnJ	Josh.5.6	הָלְכ֣וּ	1980	HVqp3cp
06b2r	Josh.5.6	בְנֵֽי	1121 a	HNcmpc
06Tzx	Josh.5.6	יִשְׂרָאֵל֮	3478	HNp
06fTQ	Josh.5.6	בַּ/מִּדְבָּר֒	b/4057 b	HRd/Ncmsa
06nCu	Josh.5.6	עַד	5704	HR
06Gds	Josh.5.6	תֹּ֨ם	8552	HVqc
069cC	Josh.5.6	כָּל	3605	HNcmsc
06Y4b	Josh.5.6	הַ/גּ֜וֹי	d/1471 a	HTd/Ncmsa
06RWu	Josh.5.6	אַנְשֵׁ֤י	376	HNcmpc
06MLc	Josh.5.6	הַ/מִּלְחָמָה֙	d/4421	HTd/Ncfsa
06DKB	Josh.5.6	הַ/יֹּצְאִ֣ים	d/3318	HTd/Vqrmpa
06h2V	Josh.5.6	מִ/מִּצְרַ֔יִם	m/4714	HR/Np
06Z2k	Josh.5.6	אֲשֶׁ֥ר	834 a	HTr
065VT	Josh.5.6	לֹֽא	3808	HTn
068JC	Josh.5.6	שָׁמְע֖וּ	8085	HVqp3cp
06Lqq	Josh.5.6	בְּ/ק֣וֹל	b/6963 a	HR/Ncmsc
06qDM	Josh.5.6	יְהוָ֑ה	3068	HNp
06qqx	Josh.5.6	אֲשֶׁ֨ר	834 a	HTr
06Q3F	Josh.5.6	נִשְׁבַּ֤ע	7650	HVNp3ms
062Kw	Josh.5.6	יְהוָה֙	3068	HNp
06jCk	Josh.5.6	לָ/הֶ֔ם	l	HR/Sp3mp
06jJB	Josh.5.6	לְ/בִלְתִּ֞י	l/1115	HR/C
062Ur	Josh.5.6	הַרְאוֹתָ֣/ם	7200	HVhc/Sp3mp
06bTz	Josh.5.6	אֶת	853	HTo
06CfS	Josh.5.6	הָ/אָ֗רֶץ	d/776	HTd/Ncbsa
06RZe	Josh.5.6	אֲשֶׁר֩	834 a	HTr
06jDT	Josh.5.6	נִשְׁבַּ֨ע	7650	HVNp3ms
06euw	Josh.5.6	יְהוָ֤ה	3068	HNp
06WXb	Josh.5.6	לַֽ/אֲבוֹתָ/ם֙	l/1	HR/Ncmpc/Sp3mp
06KPQ	Josh.5.6	לָ֣/תֶת	l/5414	HR/Vqc
06wNE	Josh.5.6	לָ֔/נוּ	l	HR/Sp1cp
06rtc	Josh.5.6	אֶ֛רֶץ	776	HNcbsa
06xpP	Josh.5.6	זָבַ֥ת	2100	HVqrfsc
06yvH	Josh.5.6	חָלָ֖ב	2461	HNcmsa
06456	Josh.5.6	וּ/דְבָֽשׁ	c/1706	HC/Ncmsa
06neV	Josh.5.7	וְ/אֶת	c/853	HC/To
06bEv	Josh.5.7	בְּנֵי/הֶם֙	1121 a	HNcmpc/Sp3mp
06yWa	Josh.5.7	הֵקִ֣ים	6965 b	HVhp3ms
06PL3	Josh.5.7	תַּחְתָּ֔/ם	8478	HR/Sp3mp
061SP	Josh.5.7	אֹתָ֖/ם	853	HTo/Sp3mp
06TZB	Josh.5.7	מָ֣ל	4135 a	HVqp3ms
06fd5	Josh.5.7	יְהוֹשֻׁ֑עַ	3091	HNp
06GYA	Josh.5.7	כִּי	3588 a	HC
06K5D	Josh.5.7	עֲרֵלִ֣ים	6189	HAampa
067rm	Josh.5.7	הָי֔וּ	1961	HVqp3cp
06aFY	Josh.5.7	כִּ֛י	3588 a	HC
06F4N	Josh.5.7	לֹא	3808	HTn
06Q12	Josh.5.7	מָ֥לוּ	4135 a	HVqp3cp
06EF4	Josh.5.7	אוֹתָ֖/ם	853	HTo/Sp3mp
06pmF	Josh.5.7	בַּ/דָּֽרֶךְ	b/1870	HRd/Ncbsa
06124	Josh.5.8	וַ/יְהִ֛י	c/1961	HC/Vqw3ms
06rtz	Josh.5.8	כַּ/אֲשֶׁר	k/834 d	HR/Tr
06H8n	Josh.5.8	תַּ֥מּוּ	8552	HVqp3cp
06dV3	Josh.5.8	כָל	3605	HNcmsc
06QKM	Josh.5.8	הַ/גּ֖וֹי	d/1471 a	HTd/Ncmsa
067pu	Josh.5.8	לְ/הִמּ֑וֹל	l/4135 a	HR/VNc
06dwS	Josh.5.8	וַ/יֵּשְׁב֥וּ	c/3427	HC/Vqw3mp
06A8T	Josh.5.8	תַחְתָּ֛/ם	8478	HR/Sp3mp
06eKy	Josh.5.8	בַּֽ/מַּחֲנֶ֖ה	b/4264	HRd/Ncbsa
0699H	Josh.5.8	עַ֥ד	5704	HR
06Eat	Josh.5.8	חֲיוֹתָֽ/ם	2421	HVqc/Sp3mp
06GJt	Josh.5.9	וַ/יֹּ֤אמֶר	c/559	HC/Vqw3ms
06aUT	Josh.5.9	יְהוָה֙	3068	HNp
06thm	Josh.5.9	אֶל	413	HR
06o4f	Josh.5.9	יְהוֹשֻׁ֔עַ	3091	HNp
06iaj	Josh.5.9	הַ/יּ֗וֹם	d/3117	HTd/Ncmsa
06BKq	Josh.5.9	גַּלּ֛וֹתִי	1556	HVqp1cs
06zK3	Josh.5.9	אֶת	853	HTo
06rJJ	Josh.5.9	חֶרְפַּ֥ת	2781	HNcfsc
06uEK	Josh.5.9	מִצְרַ֖יִם	4714	HNp
0631Q	Josh.5.9	מֵ/עֲלֵי/כֶ֑ם	m/5921 a	HR/R/Sp2mp
068XT	Josh.5.9	וַ/יִּקְרָ֞א	c/7121	HC/Vqw3ms
06KRB	Josh.5.9	שֵׁ֣ם	8034	HNcmsc
06Vir	Josh.5.9	הַ/מָּק֤וֹם	d/4725	HTd/Ncmsa
06Bi2	Josh.5.9	הַ/הוּא֙	d/1931	HTd/Pp3ms
06DdX	Josh.5.9	גִּלְגָּ֔ל	1537	HNp
06FaQ	Josh.5.9	עַ֖ד	5704	HR
06MTx	Josh.5.9	הַ/יּ֥וֹם	d/3117	HTd/Ncmsa
06eeu	Josh.5.9	הַ/זֶּֽה	d/2088	HTd/Pdxms
06u2K	Josh.5.10	וַ/יַּחֲנ֥וּ	c/2583	HC/Vqw3mp
06Ji5	Josh.5.10	בְנֵֽי	1121 a	HNcmpc
06sRx	Josh.5.10	יִשְׂרָאֵ֖ל	3478	HNp
06oGS	Josh.5.10	בַּ/גִּלְגָּ֑ל	b/1537	HRd/Np
06ojQ	Josh.5.10	וַ/יַּעֲשׂ֣וּ	c/6213 a	HC/Vqw3mp
068eL	Josh.5.10	אֶת	853	HTo
06JUj	Josh.5.10	הַ/פֶּ֡סַח	d/6453	HTd/Ncmsa
06Gmx	Josh.5.10	בְּ/אַרְבָּעָה֩	b/702	HR/Acmsa
06zqp	Josh.5.10	עָשָׂ֨ר	6240	HAcmsa
06Z4n	Josh.5.10	י֥וֹם	3117	HNcmsa
06EBC	Josh.5.10	לַ/חֹ֛דֶשׁ	l/2320	HRd/Ncmsa
06Qrj	Josh.5.10	בָּ/עֶ֖רֶב	b/6153	HRd/Ncmsa
06zcn	Josh.5.10	בְּ/עַֽרְב֥וֹת	b/6160	HR/Ncfpc
06htk	Josh.5.10	יְרִיחֽוֹ	3405	HNp
06mPM	Josh.5.11	וַ/יֹּ֨אכְל֜וּ	c/398	HC/Vqw3mp
06rNM	Josh.5.11	מֵ/עֲב֥וּר	m/5669	HR/Ncmsc
06mxT	Josh.5.11	הָ/אָ֛רֶץ	d/776	HTd/Ncbsa
06JFY	Josh.5.11	מִ/מָּֽחֳרַ֥ת	m/4283	HR/Ncfsc
06tNW	Josh.5.11	הַ/פֶּ֖סַח	d/6453	HTd/Ncmsa
06vVg	Josh.5.11	מַצּ֣וֹת	4682	HNcfpa
06GsN	Josh.5.11	וְ/קָל֑וּי	c/7033	HC/Vqsmsa
06ESe	Josh.5.11	בְּ/עֶ֖צֶם	b/6106	HR/Ncfsc
062xq	Josh.5.11	הַ/יּ֥וֹם	d/3117	HTd/Ncmsa
06Gta	Josh.5.11	הַ/זֶּֽה	d/2088	HTd/Pdxms
06NA7	Josh.5.12	וַ/יִּשְׁבֹּ֨ת	c/7673 a	HC/Vqw3ms
069KR	Josh.5.12	הַ/מָּ֜ן	d/4478 a	HTd/Ncmsa
06R5N	Josh.5.12	מִֽ/מָּחֳרָ֗ת	m/4283	HR/Ncfsa
06Rom	Josh.5.12	בְּ/אָכְלָ/ם֙	b/398	HR/Vqc/Sp3mp
06L7X	Josh.5.12	מֵ/עֲב֣וּר	m/5669	HR/Ncmsc
06ZEr	Josh.5.12	הָ/אָ֔רֶץ	d/776	HTd/Ncbsa
06G6B	Josh.5.12	וְ/לֹא	c/3808	HC/Tn
06a5r	Josh.5.12	הָ֥יָה	1961	HVqp3ms
06CBu	Josh.5.12	ע֛וֹד	5750	HD
06h7x	Josh.5.12	לִ/בְנֵ֥י	l/1121 a	HR/Ncmpc
06vJb	Josh.5.12	יִשְׂרָאֵ֖ל	3478	HNp
06aNN	Josh.5.12	מָ֑ן	4478 a	HNcmsa
06kZd	Josh.5.12	וַ/יֹּאכְל֗וּ	c/398	HC/Vqw3mp
06p5b	Josh.5.12	מִ/תְּבוּאַת֙	m/8393	HR/Ncfsc
06X2y	Josh.5.12	אֶ֣רֶץ	776	HNcbsc
06PMj	Josh.5.12	כְּנַ֔עַן	3667 a	HNp
06ZCR	Josh.5.12	בַּ/שָּׁנָ֖ה	b/8141	HRd/Ncfsa
06m4e	Josh.5.12	הַ/הִֽיא	d/1931	HTd/Pp3fs
06PRD	Josh.5.13	וַ/יְהִ֗י	c/1961	HC/Vqw3ms
06kKo	Josh.5.13	בִּֽ/הְי֣וֹת	b/1961	HR/Vqc
062fb	Josh.5.13	יְהוֹשֻׁעַ֮	3091	HNp
06NeN	Josh.5.13	בִּ/ירִיחוֹ֒	b/3405	HR/Np
065Jm	Josh.5.13	וַ/יִּשָּׂ֤א	c/5375	HC/Vqw3ms
06GUj	Josh.5.13	עֵינָי/ו֙	5869 a	HNcbdc/Sp3ms
06aUh	Josh.5.13	וַ/יַּ֔רְא	c/7200	HC/Vqw3ms
06ik6	Josh.5.13	וְ/הִנֵּה	c/2009	HC/Tm
06R15	Josh.5.13	אִישׁ֙	376	HNcmsa
06fmL	Josh.5.13	עֹמֵ֣ד	5975	HVqrmsa
06Vez	Josh.5.13	לְ/נֶגְדּ֔/וֹ	l/5048	HR/R/Sp3ms
065sh	Josh.5.13	וְ/חַרְבּ֥/וֹ	c/2719	HC/Ncfsc/Sp3ms
06Dmo	Josh.5.13	שְׁלוּפָ֖ה	8025	HVqsfsa
06S76	Josh.5.13	בְּ/יָד֑/וֹ	b/3027	HR/Ncbsc/Sp3ms
063U9	Josh.5.13	וַ/יֵּ֨לֶךְ	c/3212	HC/Vqw3ms
063iN	Josh.5.13	יְהוֹשֻׁ֤עַ	3091	HNp
065vj	Josh.5.13	אֵלָי/ו֙	413	HR/Sp3ms
06iTL	Josh.5.13	וַ/יֹּ֣אמֶר	c/559	HC/Vqw3ms
06Vwr	Josh.5.13	ל֔/וֹ	l	HR/Sp3ms
06Qra	Josh.5.13	הֲ/לָ֥/נוּ	i/l	HTi/R/Sp1cp
06aLf	Josh.5.13	אַתָּ֖ה	859 a	HPp2ms
06B4a	Josh.5.13	אִם	518 a	HC
06KJD	Josh.5.13	לְ/צָרֵֽי/נוּ	l/6862 c	HR/Ncmpc/Sp1cp
06wfG	Josh.5.14	וַ/יֹּ֣אמֶר	c/559	HC/Vqw3ms
06QVj	Josh.5.14	לֹ֗א	3808	HTn
06tLr	Josh.5.14	כִּ֛י	3588 a	HC
06xhW	Josh.5.14	אֲנִ֥י	589	HPp1cs
06UrB	Josh.5.14	שַׂר	8269	HNcmsc
06NGV	Josh.5.14	צְבָֽא	6635 a	HNcbsc
06GWv	Josh.5.14	יְהוָ֖ה	3068	HNp
06Eei	Josh.5.14	עַתָּ֣ה	6258	HD
06L97	Josh.5.14	בָ֑אתִי	935	HVqp1cs
06uSP	Josh.5.14	וַ/יִּפֹּל֩	c/5307	HC/Vqw3ms
06vkL	Josh.5.14	יְהוֹשֻׁ֨עַ	3091	HNp
0664X	Josh.5.14	אֶל	413	HR
06UXX	Josh.5.14	פָּנָ֥י/ו	6440	HNcbpc/Sp3ms
06mec	Josh.5.14	אַ֨רְצָ/ה֙	776	HNcbsa/Sd
06oQV	Josh.5.14	וַ/יִּשְׁתָּ֔חוּ	c/7812	HC/Vtw3ms
06NrV	Josh.5.14	וַ/יֹּ֣אמֶר	c/559	HC/Vqw3ms
06am3	Josh.5.14	ל֔/וֹ	l	HR/Sp3ms
06pwA	Josh.5.14	מָ֥ה	4100	HTi
06tJ1	Josh.5.14	אֲדֹנִ֖/י	136	HNcmsc/Sp1cs
06wT4	Josh.5.14	מְדַבֵּ֥ר	1696	HVprmsa
064QP	Josh.5.14	אֶל	413	HR
06esN	Josh.5.14	עַבְדּֽ/וֹ	5650	HNcmsc/Sp3ms
06tos	Josh.5.15	וַ/יֹּאמֶר֩	c/559	HC/Vqw3ms
06YNQ	Josh.5.15	שַׂר	8269	HNcmsc
06H41	Josh.5.15	צְבָ֨א	6635 a	HNcbsc
06uyq	Josh.5.15	יְהוָ֜ה	3068	HNp
06i8S	Josh.5.15	אֶל	413	HR
066z9	Josh.5.15	יְהוֹשֻׁ֗עַ	3091	HNp
065Py	Josh.5.15	שַׁל	5394	HVqv2ms
06AHL	Josh.5.15	נַֽעַלְ/ךָ֙	5275	HNcfsc/Sp2ms
06xF2	Josh.5.15	מֵ/עַ֣ל	m/5921 a	HR/R
06rbR	Josh.5.15	רַגְלֶ֔/ךָ	7272	HNcfsc/Sp2ms
06deN	Josh.5.15	כִּ֣י	3588 a	HC
06m4c	Josh.5.15	הַ/מָּק֗וֹם	d/4725	HTd/Ncmsa
06Lrp	Josh.5.15	אֲשֶׁ֥ר	834 a	HTr
06c4q	Josh.5.15	אַתָּ֛ה	859 a	HPp2ms
06xqq	Josh.5.15	עֹמֵ֥ד	5975	HVqrmsa
06XdH	Josh.5.15	עָלָ֖י/ו	5921 a	HR/Sp3ms
06NvG	Josh.5.15	קֹ֣דֶשׁ	6944	HNcmsa
06vnB	Josh.5.15	ה֑וּא	1931	HPp3ms
06U2p	Josh.5.15	וַ/יַּ֥עַשׂ	c/6213 a	HC/Vqw3ms
06SG8	Josh.5.15	יְהוֹשֻׁ֖עַ	3091	HNp
06kbN	Josh.5.15	כֵּֽן	3651 c	HTm
066mC	Josh.6.1	וִֽ/ירִיחוֹ֙	c/3405	HC/Np
06jug	Josh.6.1	סֹגֶ֣רֶת	5462	HVqrfsa
06Vkq	Josh.6.1	וּ/מְסֻגֶּ֔רֶת	c/5462	HC/VPsfsa
06kRy	Josh.6.1	מִ/פְּנֵ֖י	m/6440	HR/Ncbpc
064Jr	Josh.6.1	בְּנֵ֣י	1121 a	HNcmpc
06AJD	Josh.6.1	יִשְׂרָאֵ֑ל	3478	HNp
06w7S	Josh.6.1	אֵ֥ין	369	HTn
06bwc	Josh.6.1	יוֹצֵ֖א	3318	HVqrmsa
06tSL	Josh.6.1	וְ/אֵ֥ין	c/369	HC/Tn
06HZZ	Josh.6.1	בָּֽא	935	HVqrmsa
06Bo3	Josh.6.2	וַ/יֹּ֤אמֶר	c/559	HC/Vqw3ms
06Mos	Josh.6.2	יְהוָה֙	3068	HNp
06JJB	Josh.6.2	אֶל	413	HR
06yAj	Josh.6.2	יְהוֹשֻׁ֔עַ	3091	HNp
06Gon	Josh.6.2	רְאֵה֙	7200	HVqv2ms
06Fu4	Josh.6.2	נָתַ֣תִּי	5414	HVqp1cs
06UxF	Josh.6.2	בְ/יָֽדְ/ךָ֔	b/3027	HR/Ncbsc/Sp2ms
06u5M	Josh.6.2	אֶת	853	HTo
06jQ2	Josh.6.2	יְרִיח֖וֹ	3405	HNp
0626m	Josh.6.2	וְ/אֶת	c/853	HC/To
06pu5	Josh.6.2	מַלְכָּ֑/הּ	4428	HNcmsc/Sp3fs
06eof	Josh.6.2	גִּבּוֹרֵ֖י	1368	HAampc
064Th	Josh.6.2	הֶ/חָֽיִל	d/2428	HTd/Ncmsa
06x6W	Josh.6.3	וְ/סַבֹּתֶ֣ם	c/5437	HC/Vqq2mp
06Dux	Josh.6.3	אֶת	853	HTo
06txJ	Josh.6.3	הָ/עִ֗יר	d/5892 b	HTd/Ncfsa
06pBm	Josh.6.3	כֹּ֚ל	3605	HNcmsc
06HLf	Josh.6.3	אַנְשֵׁ֣י	376	HNcmpc
06gJx	Josh.6.3	הַ/מִּלְחָמָ֔ה	d/4421	HTd/Ncfsa
06rPn	Josh.6.3	הַקֵּ֥יף	5362 b	HVha
06BPG	Josh.6.3	אֶת	853	HTo
06jZJ	Josh.6.3	הָ/עִ֖יר	d/5892 b	HTd/Ncfsa
06xoW	Josh.6.3	פַּ֣עַם	6471	HNcfsc
06ZXZ	Josh.6.3	אֶחָ֑ת	259	HAcfsa
06ybM	Josh.6.3	כֹּ֥ה	3541	HD
06JT8	Josh.6.3	תַעֲשֶׂ֖ה	6213 a	HVqi2ms
06T2X	Josh.6.3	שֵׁ֥שֶׁת	8337	HAcmsc
062GL	Josh.6.3	יָמִֽים	3117	HNcmpa
06e2V	Josh.6.4	וְ/שִׁבְעָ֣ה	c/7651	HC/Acmsa
06dGs	Josh.6.4	כֹהֲנִ֡ים	3548	HNcmpa
062Mh	Josh.6.4	יִשְׂאוּ֩	5375	HVqi3mp
06J1i	Josh.6.4	שִׁבְעָ֨ה	7651	HAcmsa
06xua	Josh.6.4	שׁוֹפְר֤וֹת	7782	HNcmpc
067BX	Josh.6.4	הַ/יּֽוֹבְלִים֙	d/3104	HTd/Ncmpa
06mim	Josh.6.4	לִ/פְנֵ֣י	l/6440	HR/Ncbpc
06Hbd	Josh.6.4	הָ/אָר֔וֹן	d/727	HTd/Ncbsa
06SSi	Josh.6.4	וּ/בַ/יּוֹם֙	c/b/3117	HC/Rd/Ncmsa
06iS2	Josh.6.4	הַ/שְּׁבִיעִ֔י	d/7637	HTd/Aomsa
06Ua3	Josh.6.4	תָּסֹ֥בּוּ	5437	HVqi2mp
06X8d	Josh.6.4	אֶת	853	HTo
06ASF	Josh.6.4	הָ/עִ֖יר	d/5892 b	HTd/Ncfsa
06qNw	Josh.6.4	שֶׁ֣בַע	7651	HAcfsa
063PW	Josh.6.4	פְּעָמִ֑ים	6471	HNcfpa
06ZDB	Josh.6.4	וְ/הַ/כֹּ֣הֲנִ֔ים	c/d/3548	HC/Td/Ncmpa
06Fr5	Josh.6.4	יִתְקְע֖וּ	8628	HVqi3mp
0631V	Josh.6.4	בַּ/שּׁוֹפָרֽוֹת	b/7782	HRd/Ncmpa
06iWv	Josh.6.5	וְ/הָיָ֞ה	c/1961	HC/Vqq3ms
06vzh	Josh.6.5	בִּ/מְשֹׁ֣ךְ	b/4900	HR/Vqc
06G27	Josh.6.5	בְּ/קֶ֣רֶן	b/7161 a	HR/Ncbsc
06Jbv	Josh.6.5	הַ/יּוֹבֵ֗ל	d/3104	HTd/Ncmsa
06oWA	Josh.6.5	ב/שמע/כם	b/8085	HR/Vqc/Sp2mp
06ZK9	Josh.6.5	כְּ/שָׁמְעֲ/כֶם֙	k/8085	HR/Vqc/Sp2mp
06yjm	Josh.6.5	אֶת	853	HTo
06yxA	Josh.6.5	ק֣וֹל	6963 a	HNcmsc
067ug	Josh.6.5	הַ/שּׁוֹפָ֔ר	d/7782	HTd/Ncmsa
06PGz	Josh.6.5	יָרִ֥יעוּ	7321	HVhi3mp
06wpp	Josh.6.5	כָל	3605	HNcmsc
06PeV	Josh.6.5	הָ/עָ֖ם	d/5971 a	HTd/Ncmsa
06zGh	Josh.6.5	תְּרוּעָ֣ה	8643	HNcfsa
068sY	Josh.6.5	גְדוֹלָ֑ה	1419 a	HAafsa
06Jdo	Josh.6.5	וְ/נָ֨פְלָ֜ה	c/5307	HC/Vqq3fs
066E3	Josh.6.5	חוֹמַ֤ת	2346	HNcfsc
066P5	Josh.6.5	הָ/עִיר֙	d/5892 b	HTd/Ncfsa
06apQ	Josh.6.5	תַּחְתֶּ֔י/הָ	8478	HR/Sp3fs
06BqY	Josh.6.5	וְ/עָל֥וּ	c/5927	HC/Vqq3cp
0649o	Josh.6.5	הָ/עָ֖ם	d/5971 a	HTd/Ncmsa
06fF6	Josh.6.5	אִ֥ישׁ	376	HNcmsa
0692K	Josh.6.5	נֶגְדּֽ/וֹ	5048	HR/Sp3ms
06tGz	Josh.6.6	וַ/יִּקְרָ֞א	c/7121	HC/Vqw3ms
06YrC	Josh.6.6	יְהוֹשֻׁ֤עַ	3091	HNp
06VrZ	Josh.6.6	בִּן	1121 a	HNcmsc
06C6S	Josh.6.6	נוּן֙	5126	HNp
06vxb	Josh.6.6	אֶל	413	HR
06kjb	Josh.6.6	הַ/כֹּ֣הֲנִ֔ים	d/3548	HTd/Ncmpa
062Vu	Josh.6.6	וַ/יֹּ֣אמֶר	c/559	HC/Vqw3ms
06L3Q	Josh.6.6	אֲלֵ/הֶ֔ם	413	HR/Sp3mp
06HGZ	Josh.6.6	שְׂא֖וּ	5375	HVqv2mp
0664C	Josh.6.6	אֶת	853	HTo
066RY	Josh.6.6	אֲר֣וֹן	727	HNcbsc
06fA1	Josh.6.6	הַ/בְּרִ֑ית	d/1285	HTd/Ncfsa
06pXr	Josh.6.6	וְ/שִׁבְעָ֣ה	c/7651	HC/Acmsa
06WEX	Josh.6.6	כֹֽהֲנִ֗ים	3548	HNcmpa
06e9D	Josh.6.6	יִשְׂאוּ֙	5375	HVqi3mp
06peZ	Josh.6.6	שִׁבְעָ֤ה	7651	HAcmsa
06CNe	Josh.6.6	שֽׁוֹפְרוֹת֙	7782	HNcmpc
06nm5	Josh.6.6	יוֹבְלִ֔ים	3104	HNcmpa
06orh	Josh.6.6	לִ/פְנֵ֖י	l/6440	HR/Ncbpc
06Acg	Josh.6.6	אֲר֥וֹן	727	HNcbsc
06D85	Josh.6.6	יְהוָֽה	3068	HNp
06BUn	Josh.6.7	ו/יאמרו	c/559	HC/Vqw3mp
06UF1	Josh.6.7	וַ/יֹּ֨אמֶר֙	c/559	HC/Vqw3ms
06zco	Josh.6.7	אֶל	413	HR
06GBT	Josh.6.7	הָ/עָ֔ם	d/5971 a	HTd/Ncmsa
06h66	Josh.6.7	עִבְר֖וּ	5674 a	HVqv2mp
066Dk	Josh.6.7	וְ/סֹ֣בּוּ	c/5437	HC/Vqv2mp
06r7r	Josh.6.7	אֶת	853	HTo
06oJg	Josh.6.7	הָ/עִ֑יר	d/5892 b	HTd/Ncfsa
06me1	Josh.6.7	וְ/הֶ֣/חָל֔וּץ	c/d/2502 b	HC/Td/Vqsmsa
06oxa	Josh.6.7	יַעֲבֹ֕ר	5674 a	HVqi3ms
06YiJ	Josh.6.7	לִ/פְנֵ֖י	l/6440	HR/Ncbpc
06Ypk	Josh.6.7	אֲר֥וֹן	727	HNcbsc
06C33	Josh.6.7	יְהוָֽה	3068	HNp
06W8V	Josh.6.8	וַ/יְהִ֗י	c/1961	HC/Vqw3ms
062Z4	Josh.6.8	כֶּ/אֱמֹ֣ר	k/559	HR/Vqc
06uX2	Josh.6.8	יְהוֹשֻׁעַ֮	3091	HNp
06TPk	Josh.6.8	אֶל	413	HR
06hdw	Josh.6.8	הָ/עָם֒	d/5971 a	HTd/Ncmsa
06LaJ	Josh.6.8	וְ/שִׁבְעָ֣ה	c/7651	HC/Acmsa
06ZkJ	Josh.6.8	הַ/כֹּהֲנִ֡ים	d/3548	HTd/Ncmpa
06rrP	Josh.6.8	נֹשְׂאִים֩	5375	HVqrmpa
06fqW	Josh.6.8	שִׁבְעָ֨ה	7651	HAcmsa
06sNS	Josh.6.8	שׁוֹפְר֤וֹת	7782	HNcmpc
06Rij	Josh.6.8	הַ/יּֽוֹבְלִים֙	d/3104	HTd/Ncmpa
06rq9	Josh.6.8	לִ/פְנֵ֣י	l/6440	HR/Ncbpc
062pQ	Josh.6.8	יְהוָ֔ה	3068	HNp
06hDH	Josh.6.8	עָבְר֕וּ	5674 a	HVqp3cp
06zCX	Josh.6.8	וְ/תָקְע֖וּ	c/8628	HC/Vqq3cp
06BTq	Josh.6.8	בַּ/שּֽׁוֹפָר֑וֹת	b/7782	HRd/Ncmpa
06qmD	Josh.6.8	וַֽ/אֲרוֹן֙	c/727	HC/Ncbsc
06T54	Josh.6.8	בְּרִ֣ית	1285	HNcfsc
06KK7	Josh.6.8	יְהוָ֔ה	3068	HNp
06xrB	Josh.6.8	הֹלֵ֖ךְ	1980	HVqrmsa
062tb	Josh.6.8	אַחֲרֵי/הֶֽם	310 a	HR/Sp3mp
06AAU	Josh.6.9	וְ/הֶ/חָל֣וּץ	c/d/2502 b	HC/Td/Vqsmsa
06fKo	Josh.6.9	הֹלֵ֔ךְ	1980	HVqrmsa
06hrP	Josh.6.9	לִ/פְנֵי֙	l/6440	HR/Ncbpc
06NXB	Josh.6.9	הַ/כֹּ֣הֲנִ֔ים	d/3548	HTd/Ncmpa
06cv9	Josh.6.9	תקעו	8628	HVqp3cp
068HL	Josh.6.9	תֹּקְעֵ֖י	8628	HVqrmpc
06sDr	Josh.6.9	הַ/שּֽׁוֹפָר֑וֹת	d/7782	HTd/Ncmpa
06Xyc	Josh.6.9	וְ/הַֽ/מְאַסֵּ֗ף	c/d/622	HC/Td/Vprmsa
06nYo	Josh.6.9	הֹלֵךְ֙	1980	HVqrmsa
06pow	Josh.6.9	אַחֲרֵ֣י	310 a	HR
06j9W	Josh.6.9	הָ/אָר֔וֹן	d/727	HTd/Ncbsa
06c3J	Josh.6.9	הָל֖וֹךְ	1980	HVqa
06a5b	Josh.6.9	וְ/תָק֥וֹעַ	c/8628	HC/Vqa
06wEY	Josh.6.9	בַּ/שּׁוֹפָרֽוֹת	b/7782	HRd/Ncmpa
06EQ4	Josh.6.10	וְ/אֶת	c/853	HC/To
06avL	Josh.6.10	הָ/עָם֩	d/5971 a	HTd/Ncmsa
067ej	Josh.6.10	צִוָּ֨ה	6680	HVpp3ms
06amD	Josh.6.10	יְהוֹשֻׁ֜עַ	3091	HNp
06VUr	Josh.6.10	לֵ/אמֹ֗ר	l/559	HR/Vqc
06yB6	Josh.6.10	לֹ֤א	3808	HTn
06c5N	Josh.6.10	תָרִ֨יעוּ֙	7321	HVhi2mp
06T55	Josh.6.10	וְ/לֹֽא	c/3808	HC/Tn
06peT	Josh.6.10	תַשְׁמִ֣יעוּ	8085	HVhi2mp
06Ksj	Josh.6.10	אֶת	853	HTo
06Z3e	Josh.6.10	קוֹלְ/כֶ֔ם	6963 a	HNcmsc/Sp2mp
06Kzf	Josh.6.10	וְ/לֹא	c/3808	HC/Tn
06orc	Josh.6.10	יֵצֵ֥א	3318	HVqi3ms
0662Y	Josh.6.10	מִ/פִּי/כֶ֖ם	m/6310	HR/Ncmsc/Sp2mp
06k5t	Josh.6.10	דָּבָ֑ר	1697	HNcmsa
06KZM	Josh.6.10	עַ֠ד	5704	HR
06rez	Josh.6.10	י֣וֹם	3117	HNcmsa
06HUJ	Josh.6.10	אָמְרִ֧/י	559	HVqc/Sp1cs
06psq	Josh.6.10	אֲלֵי/כֶ֛ם	413	HR/Sp2mp
06WRG	Josh.6.10	הָרִ֖יעוּ	7321	HVhv2mp
06wbu	Josh.6.10	וַ/הֲרִיעֹתֶֽם	c/7321	HC/Vhq2mp
06Bav	Josh.6.11	וַ/יַּסֵּ֤ב	c/5437	HC/Vhw3ms
06GVi	Josh.6.11	אֲרוֹן	727	HNcbsc
06Csn	Josh.6.11	יְהוָה֙	3068	HNp
06R9z	Josh.6.11	אֶת	853	HTo
06tn3	Josh.6.11	הָ/עִ֔יר	d/5892 b	HTd/Ncfsa
06uiF	Josh.6.11	הַקֵּ֖ף	5362 b	HVha
06hmQ	Josh.6.11	פַּ֣עַם	6471	HNcfsc
06pj9	Josh.6.11	אֶחָ֑ת	259	HAcfsa
06gza	Josh.6.11	וַ/יָּבֹ֨אוּ֙	c/935	HC/Vqw3mp
06nh4	Josh.6.11	הַֽ/מַּחֲנֶ֔ה	d/4264	HTd/Ncbsa
06yip	Josh.6.11	וַ/יָּלִ֖ינוּ	c/3885 a	HC/Vqw3mp
06yhX	Josh.6.11	בַּֽ/מַּחֲנֶֽה	b/4264	HRd/Ncbsa
06Rr8	Josh.6.12	וַ/יַּשְׁכֵּ֥ם	c/7925	HC/Vhw3ms
06q3q	Josh.6.12	יְהוֹשֻׁ֖עַ	3091	HNp
06zBj	Josh.6.12	בַּ/בֹּ֑קֶר	b/1242	HRd/Ncmsa
06mM8	Josh.6.12	וַ/יִּשְׂא֥וּ	c/5375	HC/Vqw3mp
06Boi	Josh.6.12	הַ/כֹּהֲנִ֖ים	d/3548	HTd/Ncmpa
069tu	Josh.6.12	אֶת	853	HTo
06cJ2	Josh.6.12	אֲר֥וֹן	727	HNcbsc
06qwa	Josh.6.12	יְהוָֽה	3068	HNp
06U6p	Josh.6.13	וְ/שִׁבְעָ֣ה	c/7651	HC/Acmsa
06gi1	Josh.6.13	הַ/כֹּהֲנִ֡ים	d/3548	HTd/Ncmpa
06zuP	Josh.6.13	נֹשְׂאִים֩	5375	HVqrmpa
06RH3	Josh.6.13	שִׁבְעָ֨ה	7651	HAcmsa
06tap	Josh.6.13	שׁוֹפְר֜וֹת	7782	HNcmpc
06dpu	Josh.6.13	הַ/יֹּבְלִ֗ים	d/3104	HTd/Ncmpa
06bEm	Josh.6.13	לִ/פְנֵי֙	l/6440	HR/Ncbpc
06jsC	Josh.6.13	אֲר֣וֹן	727	HNcbsc
06VLV	Josh.6.13	יְהוָ֔ה	3068	HNp
06RYi	Josh.6.13	הֹלְכִ֣ים	1980	HVqrmpa
06VMS	Josh.6.13	הָל֔וֹךְ	1980	HVqa
06WwP	Josh.6.13	וְ/תָקְע֖וּ	c/8628	HC/Vqq3cp
069hJ	Josh.6.13	בַּ/שּׁוֹפָר֑וֹת	b/7782	HRd/Ncmpa
06wDc	Josh.6.13	וְ/הֶ/חָלוּץ֙	c/d/2502 b	HC/Td/Vqsmsa
061ME	Josh.6.13	הֹלֵ֣ךְ	1980	HVqrmsa
06bxs	Josh.6.13	לִ/פְנֵי/הֶ֔ם	l/6440	HR/Ncbpc/Sp3mp
06Eya	Josh.6.13	וְ/הַֽ/מְאַסֵּ֗ף	c/d/622	HC/Td/Vprmsa
06bTU	Josh.6.13	הֹלֵךְ֙	1980	HVqrmsa
06Wzj	Josh.6.13	אַֽחֲרֵי֙	310 a	HR
06xVG	Josh.6.13	אֲר֣וֹן	727	HNcbsc
06Ehm	Josh.6.13	יְהוָ֔ה	3068	HNp
06CAK	Josh.6.13	הולך	1980	HVqrmsa
06o3f	Josh.6.13	הָל֖וֹךְ	1980	HVqa
06e88	Josh.6.13	וְ/תָק֥וֹעַ	c/8628	HC/Vqa
06f25	Josh.6.13	בַּ/שּׁוֹפָרֽוֹת	b/7782	HRd/Ncmpa
06Hww	Josh.6.14	וַ/יָּסֹ֨בּוּ	c/5437	HC/Vqw3mp
06TVz	Josh.6.14	אֶת	853	HTo
06LRb	Josh.6.14	הָ/עִ֜יר	d/5892 b	HTd/Ncfsa
06HAt	Josh.6.14	בַּ/יּ֤וֹם	b/3117	HRd/Ncmsa
06nGv	Josh.6.14	הַ/שֵּׁנִי֙	d/8145	HTd/Aomsa
06iiv	Josh.6.14	פַּ֣עַם	6471	HNcfsc
06CVL	Josh.6.14	אַחַ֔ת	259	HAcfsa
069vz	Josh.6.14	וַ/יָּשֻׁ֖בוּ	c/7725	HC/Vqw3mp
06NTb	Josh.6.14	הַֽ/מַּחֲנֶ֑ה	d/4264	HTd/Ncbsa
06cvb	Josh.6.14	כֹּ֥ה	3541	HD
06B7J	Josh.6.14	עָשׂ֖וּ	6213 a	HVqp3cp
06XBu	Josh.6.14	שֵׁ֥שֶׁת	8337	HAcmsc
06uMM	Josh.6.14	יָמִֽים	3117	HNcmpa
06XBy	Josh.6.15	וַ/יְהִ֣י	c/1961	HC/Vqw3ms
06Gch	Josh.6.15	בַּ/יּ֣וֹם	b/3117	HRd/Ncmsa
06tZs	Josh.6.15	הַ/שְּׁבִיעִ֗י	d/7637	HTd/Aomsa
06Sx5	Josh.6.15	וַ/יַּשְׁכִּ֨מוּ֙	c/7925	HC/Vhw3mp
06mYa	Josh.6.15	כַּ/עֲל֣וֹת	k/5927	HR/Vqc
06Fc9	Josh.6.15	הַ/שַּׁ֔חַר	d/7837	HTd/Ncmsa
0663V	Josh.6.15	וַ/יָּסֹ֧בּוּ	c/5437	HC/Vqw3mp
06xVx	Josh.6.15	אֶת	853	HTo
06ZMa	Josh.6.15	הָ/עִ֛יר	d/5892 b	HTd/Ncfsa
06K9n	Josh.6.15	כַּ/מִּשְׁפָּ֥ט	k/4941	HRd/Ncmsa
06rsj	Josh.6.15	הַ/זֶּ֖ה	d/2088	HTd/Pdxms
06QzN	Josh.6.15	שֶׁ֣בַע	7651	HAcfsa
06zQg	Josh.6.15	פְּעָמִ֑ים	6471	HNcfpa
06s54	Josh.6.15	רַ֚ק	7535	HTa
06ZxQ	Josh.6.15	בַּ/יּ֣וֹם	b/3117	HRd/Ncmsa
06mBQ	Josh.6.15	הַ/ה֔וּא	d/1931	HTd/Pp3ms
06kmu	Josh.6.15	סָבְב֥וּ	5437	HVqp3cp
06Rpd	Josh.6.15	אֶת	853	HTo
062xG	Josh.6.15	הָ/עִ֖יר	d/5892 b	HTd/Ncfsa
06ex2	Josh.6.15	שֶׁ֥בַע	7651	HAcfsa
063VA	Josh.6.15	פְּעָמִֽים	6471	HNcfpa
06XVR	Josh.6.16	וַ/יְהִי֙	c/1961	HC/Vqw3ms
06Lx1	Josh.6.16	בַּ/פַּ֣עַם	b/6471	HRd/Ncfsa
067zA	Josh.6.16	הַ/שְּׁבִיעִ֔ית	d/7637	HTd/Aofsa
06bE4	Josh.6.16	תָּקְע֥וּ	8628	HVqp3cp
06qcU	Josh.6.16	הַ/כֹּהֲנִ֖ים	d/3548	HTd/Ncmpa
068e9	Josh.6.16	בַּ/שּׁוֹפָר֑וֹת	b/7782	HRd/Ncmpa
06iuc	Josh.6.16	וַ/יֹּ֨אמֶר	c/559	HC/Vqw3ms
064pW	Josh.6.16	יְהוֹשֻׁ֤עַ	3091	HNp
06tDy	Josh.6.16	אֶל	413	HR
06NLe	Josh.6.16	הָ/עָם֙	d/5971 a	HTd/Ncmsa
06GtD	Josh.6.16	הָרִ֔יעוּ	7321	HVhv2mp
06mwz	Josh.6.16	כִּֽי	3588 a	HC
06v4c	Josh.6.16	נָתַ֧ן	5414	HVqp3ms
06SkK	Josh.6.16	יְהוָ֛ה	3068	HNp
065xn	Josh.6.16	לָ/כֶ֖ם	l	HR/Sp2mp
06U8y	Josh.6.16	אֶת	853	HTo
06G3b	Josh.6.16	הָ/עִֽיר	d/5892 b	HTd/Ncfsa
06i4K	Josh.6.17	וְ/הָיְתָ֨ה	c/1961	HC/Vqq3fs
06Vhq	Josh.6.17	הָ/עִ֥יר	d/5892 b	HTd/Ncfsa
068w5	Josh.6.17	חֵ֛רֶם	2764 a	HNcmsa
06XKu	Josh.6.17	הִ֥יא	1931	HPp3fs
06N3Z	Josh.6.17	וְ/כָל	c/3605	HC/Ncmsc
0672P	Josh.6.17	אֲשֶׁר	834 a	HTr
06u1j	Josh.6.17	בָּ֖/הּ	b	HR/Sp3fs
06DBw	Josh.6.17	לַֽ/יהוָ֑ה	l/3068	HR/Np
06KyH	Josh.6.17	רַק֩	7535	HTa
06sK9	Josh.6.17	רָחָ֨ב	7343	HNp
06soG	Josh.6.17	הַ/זּוֹנָ֜ה	d/2181	HTd/Vqrfsa
06Ggv	Josh.6.17	תִּֽחְיֶ֗ה	2421	HVqi3fs
06NRv	Josh.6.17	הִ֚יא	1931	HPp3fs
06fdT	Josh.6.17	וְ/כָל	c/3605	HC/Ncmsc
06qex	Josh.6.17	אֲשֶׁ֣ר	834 a	HTr
06GE5	Josh.6.17	אִתָּ֣/הּ	854	HR/Sp3fs
064oz	Josh.6.17	בַּ/בַּ֔יִת	b/1004 b	HRd/Ncmsa
066kG	Josh.6.17	כִּ֣י	3588 a	HC
06Wuj	Josh.6.17	הֶחְבְּאַ֔תָה	2244	HVhp3fs
066jv	Josh.6.17	אֶת	853	HTo
06WSR	Josh.6.17	הַ/מַּלְאָכִ֖ים	d/4397	HTd/Ncmpa
06xRq	Josh.6.17	אֲשֶׁ֥ר	834 a	HTr
06xiv	Josh.6.17	שָׁלָֽחְנוּ	7971	HVqp1cp
06Vhb	Josh.6.18	וְ/רַק	c/7535	HC/Ta
06Kra	Josh.6.18	אַתֶּם֙	859 d	HPp2mp
06FB9	Josh.6.18	שִׁמְר֣וּ	8104	HVqv2mp
06WPN	Josh.6.18	מִן	4480 a	HR
06zbb	Josh.6.18	הַ/חֵ֔רֶם	d/2764 a	HTd/Ncmsa
06W6k	Josh.6.18	פֶּֽן	6435	HC
06dcc	Josh.6.18	תַּחֲרִ֖ימוּ	2763 a	HVhi2mp
063fz	Josh.6.18	וּ/לְקַחְתֶּ֣ם	c/3947	HC/Vqq2mp
06pV4	Josh.6.18	מִן	4480 a	HR
06K76	Josh.6.18	הַ/חֵ֑רֶם	d/2764 a	HTd/Ncmsa
06Xvh	Josh.6.18	וְ/שַׂמְתֶּ֞ם	c/7760 a	HC/Vqq2mp
06F23	Josh.6.18	אֶת	853	HTo
06t9z	Josh.6.18	מַחֲנֵ֤ה	4264	HNcbsc
06whu	Josh.6.18	יִשְׂרָאֵל֙	3478	HNp
06ose	Josh.6.18	לְ/חֵ֔רֶם	l/2764 a	HR/Ncmsa
06min	Josh.6.18	וַ/עֲכַרְתֶּ֖ם	c/5916	HC/Vqq2mp
06iic	Josh.6.18	אוֹתֽ/וֹ	853	HTo/Sp3ms
06uQX	Josh.6.19	וְ/כֹ֣ל	c/3605	HC/Ncmsc
06fqr	Josh.6.19	כֶּ֣סֶף	3701	HNcmsa
06gRQ	Josh.6.19	וְ/זָהָ֗ב	c/2091	HC/Ncmsa
06oC6	Josh.6.19	וּ/כְלֵ֤י	c/3627	HC/Ncmpc
06AB9	Josh.6.19	נְחֹ֨שֶׁת֙	5178 a	HNcfsa
066Bi	Josh.6.19	וּ/בַרְזֶ֔ל	c/1270	HC/Ncmsa
06TKQ	Josh.6.19	קֹ֥דֶשׁ	6944	HNcmsa
06sX9	Josh.6.19	ה֖וּא	1931	HPp3ms
06CNX	Josh.6.19	לַֽ/יהוָ֑ה	l/3068	HR/Np
065Jx	Josh.6.19	אוֹצַ֥ר	214	HNcmsc
06K8B	Josh.6.19	יְהוָ֖ה	3068	HNp
06qTM	Josh.6.19	יָבֽוֹא	935	HVqi3ms
06kST	Josh.6.20	וַ/יָּ֣רַע	c/7321	HC/Vhw3ms
069ok	Josh.6.20	הָ/עָ֔ם	d/5971 a	HTd/Ncmsa
06G8f	Josh.6.20	וַֽ/יִּתְקְע֖וּ	c/8628	HC/Vqw3mp
06bjL	Josh.6.20	בַּ/שֹּֽׁפָר֑וֹת	b/7782	HRd/Ncmpa
06ant	Josh.6.20	וַ/יְהִי֩	c/1961	HC/Vqw3ms
064aq	Josh.6.20	כִ/שְׁמֹ֨עַ	k/8085	HR/Vqc
06xLT	Josh.6.20	הָ/עָ֜ם	d/5971 a	HTd/Ncmsa
06fns	Josh.6.20	אֶת	853	HTo
06p9L	Josh.6.20	ק֣וֹל	6963 a	HNcmsc
06ZUC	Josh.6.20	הַ/שּׁוֹפָ֗ר	d/7782	HTd/Ncmsa
06JCj	Josh.6.20	וַ/יָּרִ֤יעוּ	c/7321	HC/Vhw3mp
06cTb	Josh.6.20	הָ/עָם֙	d/5971 a	HTd/Ncmsa
06EZX	Josh.6.20	תְּרוּעָ֣ה	8643	HNcfsa
06Y8E	Josh.6.20	גְדוֹלָ֔ה	1419 a	HAafsa
06WfP	Josh.6.20	וַ/תִּפֹּ֨ל	c/5307	HC/Vqw3fs
06EHX	Josh.6.20	הַֽ/חוֹמָ֜ה	d/2346	HTd/Ncfsa
06htV	Josh.6.20	תַּחְתֶּ֗י/הָ	8478	HR/Sp3fs
06dnq	Josh.6.20	וַ/יַּ֨עַל	c/5927	HC/Vqw3ms
06Bfr	Josh.6.20	הָ/עָ֤ם	d/5971 a	HTd/Ncmsa
06n3U	Josh.6.20	הָ/עִ֨ירָ/ה֙	d/5892 b	HTd/Ncfsa/Sd
06UYs	Josh.6.20	אִ֣ישׁ	376	HNcmsa
06T4t	Josh.6.20	נֶגְדּ֔/וֹ	5048	HR/Sp3ms
06CXn	Josh.6.20	וַֽ/יִּלְכְּד֖וּ	c/3920	HC/Vqw3mp
06eoV	Josh.6.20	אֶת	853	HTo
06z2s	Josh.6.20	הָ/עִֽיר	d/5892 b	HTd/Ncfsa
06eW4	Josh.6.21	וַֽ/יַּחֲרִ֨ימוּ֙	c/2763 a	HC/Vhw3mp
06Kox	Josh.6.21	אֶת	853	HTo
06RGB	Josh.6.21	כָּל	3605	HNcmsc
06Upn	Josh.6.21	אֲשֶׁ֣ר	834 a	HTr
06dXz	Josh.6.21	בָּ/עִ֔יר	b/5892 b	HRd/Ncfsa
06Bbn	Josh.6.21	מֵ/אִישׁ֙	m/376	HR/Ncmsa
061Zv	Josh.6.21	וְ/עַד	c/5704	HC/R
06TB4	Josh.6.21	אִשָּׁ֔ה	802	HNcfsa
06oG9	Josh.6.21	מִ/נַּ֖עַר	m/5288	HR/Ncmsa
06prm	Josh.6.21	וְ/עַד	c/5704	HC/R
06rwi	Josh.6.21	זָקֵ֑ן	2205	HAamsa
06EAA	Josh.6.21	וְ/עַ֨ד	c/5704	HC/R
06LxY	Josh.6.21	שׁ֥וֹר	7794	HNcmsa
06Frb	Josh.6.21	וָ/שֶׂ֛ה	c/7716	HC/Ncbsa
06HJn	Josh.6.21	וַ/חֲמ֖וֹר	c/2543	HC/Ncbsa
06LuD	Josh.6.21	לְ/פִי	l/6310	HR/Ncmsc
06XnL	Josh.6.21	חָֽרֶב	2719	HNcfsa
06sUy	Josh.6.22	וְ/לִ/שְׁנַ֨יִם	c/l/8147	HC/R/Acmda
067nT	Josh.6.22	הָ/אֲנָשִׁ֜ים	d/376	HTd/Ncmpa
06yyf	Josh.6.22	הַֽ/מְרַגְּלִ֤ים	d/7270	HTd/Vprmpa
064Zw	Josh.6.22	אֶת	853	HTo
06JqE	Josh.6.22	הָ/אָ֨רֶץ֙	d/776	HTd/Ncbsa
06rnt	Josh.6.22	אָמַ֣ר	559	HVqp3ms
06DiF	Josh.6.22	יְהוֹשֻׁ֔עַ	3091	HNp
06eUy	Josh.6.22	בֹּ֖אוּ	935	HVqv2mp
06Vak	Josh.6.22	בֵּית	1004 b	HNcmsc
06oiN	Josh.6.22	הָ/אִשָּׁ֣ה	d/802	HTd/Ncfsa
06vnQ	Josh.6.22	הַ/זּוֹנָ֑ה	d/2181	HTd/Vqrfsa
06gEr	Josh.6.22	וְ/הוֹצִ֨יאוּ	c/3318	HC/Vhv2mp
06WLF	Josh.6.22	מִ/שָּׁ֤ם	m/8033	HR/D
06wGZ	Josh.6.22	אֶת	853	HTo
06HVd	Josh.6.22	הָֽ/אִשָּׁה֙	d/802	HTd/Ncfsa
06Fze	Josh.6.22	וְ/אֶת	c/853	HC/To
06ZHY	Josh.6.22	כָּל	3605	HNcmsc
061sU	Josh.6.22	אֲשֶׁר	834 d	HTr
06CGv	Josh.6.22	לָ֔/הּ	l	HR/Sp3fs
06xTA	Josh.6.22	כַּ/אֲשֶׁ֥ר	k/834 d	HR/Tr
06isH	Josh.6.22	נִשְׁבַּעְתֶּ֖ם	7650	HVNp2mp
06nJS	Josh.6.22	לָֽ/הּ	l	HR/Sp3fs
06cUx	Josh.6.23	וַ/יָּבֹ֜אוּ	c/935	HC/Vqw3mp
06a6i	Josh.6.23	הַ/נְּעָרִ֣ים	d/5288	HTd/Ncmpa
06Jfc	Josh.6.23	הַֽ/מְרַגְּלִ֗ים	d/7270	HTd/Vprmpa
06hEY	Josh.6.23	וַ/יֹּצִ֡יאוּ	c/3318	HC/Vhw3mp
06ijZ	Josh.6.23	אֶת	853	HTo
06u83	Josh.6.23	רָ֠חָב	7343	HNp
06NzX	Josh.6.23	וְ/אֶת	c/853	HC/To
0617r	Josh.6.23	אָבִ֨י/הָ	1	HNcmsc/Sp3fs
06ZU1	Josh.6.23	וְ/אֶת	c/853	HC/To
06otL	Josh.6.23	אִמָּ֤/הּ	517	HNcfsc/Sp3fs
06um7	Josh.6.23	וְ/אֶת	c/853	HC/To
06KjJ	Josh.6.23	אַחֶ֨י/הָ֙	251	HNcmpc/Sp3fs
06fiM	Josh.6.23	וְ/אֶת	c/853	HC/To
06dcf	Josh.6.23	כָּל	3605	HNcmsc
06KEb	Josh.6.23	אֲשֶׁר	834 a	HTr
06hC2	Josh.6.23	לָ֔/הּ	l	HR/Sp3fs
064fq	Josh.6.23	וְ/אֵ֥ת	c/853	HC/To
06sEG	Josh.6.23	כָּל	3605	HNcmsc
06HuD	Josh.6.23	מִשְׁפְּחוֹתֶ֖י/הָ	4940	HNcfpc/Sp3fs
063KB	Josh.6.23	הוֹצִ֑יאוּ	3318	HVhp3cp
06q7m	Josh.6.23	וַ/יַּ֨נִּיח֔וּ/ם	c/3240	HC/Vhw3mp/Sp3mp
06bTg	Josh.6.23	מִ/ח֖וּץ	m/2351	HR/Ncmsa
06Aw1	Josh.6.23	לְ/מַחֲנֵ֥ה	l/4264	HR/Ncbsc
06AqN	Josh.6.23	יִשְׂרָאֵֽל	3478	HNp
0676m	Josh.6.24	וְ/הָ/עִ֛יר	c/d/5892 b	HC/Td/Ncfsa
066a2	Josh.6.24	שָׂרְפ֥וּ	8313	HVqp3cp
06g5k	Josh.6.24	בָ/אֵ֖שׁ	b/784	HRd/Ncbsa
06wJN	Josh.6.24	וְ/כָל	c/3605	HC/Ncmsc
06bGZ	Josh.6.24	אֲשֶׁר	834 a	HTr
06pX4	Josh.6.24	בָּ֑/הּ	b	HR/Sp3fs
06J7k	Josh.6.24	רַ֣ק	7535	HTa
06AuP	Josh.6.24	הַ/כֶּ֣סֶף	d/3701	HTd/Ncmsa
06syM	Josh.6.24	וְ/הַ/זָּהָ֗ב	c/d/2091	HC/Td/Ncmsa
06ayp	Josh.6.24	וּ/כְלֵ֤י	c/3627	HC/Ncmpc
06zG9	Josh.6.24	הַ/נְּחֹ֨שֶׁת֙	d/5178 a	HTd/Ncfsa
06DUx	Josh.6.24	וְ/הַ/בַּרְזֶ֔ל	c/d/1270	HC/Td/Ncmsa
06G26	Josh.6.24	נָתְנ֖וּ	5414	HVqp3cp
06r7o	Josh.6.24	אוֹצַ֥ר	214	HNcmsc
06kDi	Josh.6.24	בֵּית	1004 b	HNcmsc
06VnV	Josh.6.24	יְהוָֽה	3068	HNp
06J24	Josh.6.25	וְֽ/אֶת	c/853	HC/To
06s9A	Josh.6.25	רָחָ֣ב	7343	HNp
06vhV	Josh.6.25	הַ֠/זּוֹנָה	d/2181	HTd/Vqrfsa
06kFL	Josh.6.25	וְ/אֶת	c/853	HC/To
06xfx	Josh.6.25	בֵּ֨ית	1004 b	HNcmsc
06aHo	Josh.6.25	אָבִ֤י/הָ	1	HNcmsc/Sp3fs
06pSV	Josh.6.25	וְ/אֶת	c/853	HC/To
06LrK	Josh.6.25	כָּל	3605	HNcmsc
063sH	Josh.6.25	אֲשֶׁר	834 a	HTr
06vzR	Josh.6.25	לָ/הּ֙	l	HR/Sp3fs
06ZCZ	Josh.6.25	הֶחֱיָ֣ה	2421	HVhp3ms
06SJf	Josh.6.25	יְהוֹשֻׁ֔עַ	3091	HNp
06wVm	Josh.6.25	וַ/תֵּ֨שֶׁב֙	c/3427	HC/Vqw3fs
06Qmg	Josh.6.25	בְּ/קֶ֣רֶב	b/7130	HR/Ncmsc
06n9A	Josh.6.25	יִשְׂרָאֵ֔ל	3478	HNp
06dXa	Josh.6.25	עַ֖ד	5704	HR
069Nr	Josh.6.25	הַ/יּ֣וֹם	d/3117	HTd/Ncmsa
06FSa	Josh.6.25	הַ/זֶּ֑ה	d/2088	HTd/Pdxms
061UN	Josh.6.25	כִּ֤י	3588 a	HC
06cin	Josh.6.25	הֶחְבִּ֨יאָה֙	2244	HVhp3fs
06bE5	Josh.6.25	אֶת	853	HTo
06qW4	Josh.6.25	הַ/מַּלְאָכִ֔ים	d/4397	HTd/Ncmpa
06S49	Josh.6.25	אֲשֶׁר	834 a	HTr
06TSp	Josh.6.25	שָׁלַ֥ח	7971	HVqp3ms
06Vea	Josh.6.25	יְהוֹשֻׁ֖עַ	3091	HNp
06Ca6	Josh.6.25	לְ/רַגֵּ֥ל	l/7270	HR/Vpc
06tEM	Josh.6.25	אֶת	853	HTo
06qkk	Josh.6.25	יְרִיחֽוֹ	3405	HNp
06CTn	Josh.6.26	וַ/יַּשְׁבַּ֣ע	c/7650	HC/Vhw3ms
06EJ6	Josh.6.26	יְהוֹשֻׁ֔עַ	3091	HNp
06bDE	Josh.6.26	בָּ/עֵ֥ת	b/6256	HRd/Ncbsa
06Q8d	Josh.6.26	הַ/הִ֖יא	d/1931	HTd/Pp3fs
06vNa	Josh.6.26	לֵ/אמֹ֑ר	l/559	HR/Vqc
063VZ	Josh.6.26	אָר֨וּר	779	HVqsmsa
06WTF	Josh.6.26	הָ/אִ֜ישׁ	d/376	HTd/Ncmsa
06Cbt	Josh.6.26	לִ/פְנֵ֣י	l/6440	HR/Ncbpc
06cnB	Josh.6.26	יְהוָ֗ה	3068	HNp
06dS2	Josh.6.26	אֲשֶׁ֤ר	834 a	HTr
06ckH	Josh.6.26	יָקוּם֙	6965 b	HVqi3ms
06rGf	Josh.6.26	וּ/בָנָ֞ה	c/1129	HC/Vqq3ms
06NLP	Josh.6.26	אֶת	853	HTo
06aVA	Josh.6.26	הָ/עִ֤יר	d/5892 b	HTd/Ncfsa
06FZ7	Josh.6.26	הַ/זֹּאת֙	d/2063	HTd/Pdxfs
06ML5	Josh.6.26	אֶת	853	HTo
06vua	Josh.6.26	יְרִיח֔וֹ	3405	HNp
06v3n	Josh.6.26	בִּ/בְכֹר֣/וֹ	b/1060	HR/Ncmsc/Sp3ms
06zNk	Josh.6.26	יְיַסְּדֶ֔/נָּה	3245	HVpi3ms/Sp3fs
06W9D	Josh.6.26	וּ/בִ/צְעִיר֖/וֹ	c/b/6810	HC/R/Aamsc/Sp3ms
06yYE	Josh.6.26	יַצִּ֥יב	5324	HVhi3ms
06Aok	Josh.6.26	דְּלָתֶֽי/הָ	1817 c	HNcfdc/Sp3fs
06uxn	Josh.6.27	וַ/יְהִ֥י	c/1961	HC/Vqw3ms
067cw	Josh.6.27	יְהוָ֖ה	3068	HNp
06JhN	Josh.6.27	אֶת	854	HR
062Xh	Josh.6.27	יְהוֹשֻׁ֑עַ	3091	HNp
06oMP	Josh.6.27	וַ/יְהִ֥י	c/1961	HC/Vqw3ms
06fMQ	Josh.6.27	שָׁמְע֖/וֹ	8089	HNcmsc/Sp3ms
06ngx	Josh.6.27	בְּ/כָל	b/3605	HR/Ncmsc
069eB	Josh.6.27	הָ/אָֽרֶץ	d/776	HTd/Ncbsa
06cbT	Josh.7.1	וַ/יִּמְעֲל֧וּ	c/4603	HC/Vqw3mp
06u2m	Josh.7.1	בְנֵֽי	1121 a	HNcmpc
06mwg	Josh.7.1	יִשְׂרָאֵ֛ל	3478	HNp
06YcV	Josh.7.1	מַ֖עַל	4604	HNcmsa
06Yny	Josh.7.1	בַּ/חֵ֑רֶם	b/2764 a	HRd/Ncmsa
06orY	Josh.7.1	וַ/יִּקַּ֡ח	c/3947	HC/Vqw3ms
062jV	Josh.7.1	עָכָ֣ן	5912	HNp
06w3o	Josh.7.1	בֶּן	1121 a	HNcmsc
06qch	Josh.7.1	כַּרְמִי֩	3756	HNp
06VmY	Josh.7.1	בֶן	1121 a	HNcmsc
06uLw	Josh.7.1	זַבְדִּ֨י	2067	HNp
06eWY	Josh.7.1	בֶן	1121 a	HNcmsc
06BaQ	Josh.7.1	זֶ֜רַח	2226	HNp
0698x	Josh.7.1	לְ/מַטֵּ֤ה	l/4294	HR/Ncmsc
06jFf	Josh.7.1	יְהוּדָה֙	3063	HNp
06GR3	Josh.7.1	מִן	4480 a	HR
06qQN	Josh.7.1	הַ/חֵ֔רֶם	d/2764 a	HTd/Ncmsa
06aee	Josh.7.1	וַ/יִּֽחַר	c/2734	HC/Vqw3ms
06CqB	Josh.7.1	אַ֥ף	639	HTa
06UWF	Josh.7.1	יְהוָ֖ה	3068	HNp
062Ha	Josh.7.1	בִּ/בְנֵ֥י	b/1121 a	HR/Ncmpc
06EnP	Josh.7.1	יִשְׂרָאֵֽל	3478	HNp
06nb6	Josh.7.2	וַ/יִּשְׁלַח֩	c/7971	HC/Vqw3ms
06YMF	Josh.7.2	יְהוֹשֻׁ֨עַ	3091	HNp
06BAm	Josh.7.2	אֲנָשִׁ֜ים	376	HNcmpa
06xLv	Josh.7.2	מִֽ/ירִיח֗וֹ	m/3405	HR/Np
06ENs	Josh.7.2	הָ/עַ֞י	d/5857	HTd/Np
06f29	Josh.7.2	אֲשֶׁ֨ר	834 a	HTr
06nbb	Josh.7.2	עִם	5973 a	HR
063zy	Josh.7.2	בֵּ֥ית	1007+	HNp
06UBC	Josh.7.2	אָ֨וֶן֙	1007	HNp
062Bp	Josh.7.2	מִ/קֶּ֣דֶם	m/6924 a	HR/Ncmsa
06YVx	Josh.7.2	לְ/בֵֽית	l/1008+	HR/Np
062iX	Josh.7.2	אֵ֔ל	1008	HNp
06kav	Josh.7.2	וַ/יֹּ֤אמֶר	c/559	HC/Vqw3ms
06enN	Josh.7.2	אֲלֵי/הֶם֙	413	HR/Sp3mp
06vBq	Josh.7.2	לֵ/אמֹ֔ר	l/559	HR/Vqc
06xhr	Josh.7.2	עֲל֖וּ	5927	HVqv2mp
0692H	Josh.7.2	וְ/רַגְּל֣וּ	c/7270	HC/Vpv2mp
06xhx	Josh.7.2	אֶת	853	HTo
06TLE	Josh.7.2	הָ/אָ֑רֶץ	d/776	HTd/Ncbsa
066mu	Josh.7.2	וַֽ/יַּעֲלוּ֙	c/5927	HC/Vqw3mp
06zyy	Josh.7.2	הָ/אֲנָשִׁ֔ים	d/376	HTd/Ncmpa
06KhN	Josh.7.2	וַֽ/יְרַגְּל֖וּ	c/7270	HC/Vpw3mp
06zbv	Josh.7.2	אֶת	853	HTo
06nXx	Josh.7.2	הָ/עָֽי	d/5857	HTd/Np
06RhB	Josh.7.3	וַ/יָּשֻׁ֣בוּ	c/7725	HC/Vqw3mp
06HmR	Josh.7.3	אֶל	413	HR
06XWV	Josh.7.3	יְהוֹשֻׁ֗עַ	3091	HNp
06jR8	Josh.7.3	וַ/יֹּאמְר֣וּ	c/559	HC/Vqw3mp
067jg	Josh.7.3	אֵלָי/ו֮	413	HR/Sp3ms
06m9m	Josh.7.3	אַל	408	HTn
06aDj	Josh.7.3	יַ֣עַל	5927	HVqj3ms
06oib	Josh.7.3	כָּל	3605	HNcmsc
06sBE	Josh.7.3	הָ/עָם֒	d/5971 a	HTd/Ncmsa
064BE	Josh.7.3	כְּ/אַלְפַּ֣יִם	k/505	HR/Acbpa
06t8g	Josh.7.3	אִ֗ישׁ	376	HNcmsa
06gsX	Josh.7.3	א֚וֹ	176 a	HC
06yBx	Josh.7.3	כִּ/שְׁלֹ֣שֶׁת	k/7969	HR/Acmsc
06vE1	Josh.7.3	אֲלָפִ֣ים	505	HAcbpa
06896	Josh.7.3	אִ֔ישׁ	376	HNcmsa
06Xy3	Josh.7.3	יַעֲל֖וּ	5927	HVqj3mp
06TH8	Josh.7.3	וְ/יַכּ֣וּ	c/5221	HC/Vhj3mp
065Ve	Josh.7.3	אֶת	853	HTo
06t5T	Josh.7.3	הָ/עָ֑י	d/5857	HTd/Np
06ssX	Josh.7.3	אַל	408	HTn
067TK	Josh.7.3	תְּיַגַּע	3021	HVpj2ms
06wiu	Josh.7.3	שָׁ֨מָּ/ה֙	8033	HD/Sd
06gBQ	Josh.7.3	אֶת	853	HTo
06gVx	Josh.7.3	כָּל	3605	HNcmsc
06Q1t	Josh.7.3	הָ/עָ֔ם	d/5971 a	HTd/Ncmsa
06pZm	Josh.7.3	כִּ֥י	3588 a	HC
06qGV	Josh.7.3	מְעַ֖ט	4592	HNcmsa
06TBs	Josh.7.3	הֵֽמָּה	1992	HPp3mp
06sYk	Josh.7.4	וַ/יַּעֲל֤וּ	c/5927	HC/Vqw3mp
06yZ9	Josh.7.4	מִן	4480 a	HR
06Ee6	Josh.7.4	הָ/עָם֙	d/5971 a	HTd/Ncmsa
06LvK	Josh.7.4	שָׁ֔מָּ/ה	8033	HD/Sd
06NsV	Josh.7.4	כִּ/שְׁלֹ֥שֶׁת	k/7969	HR/Acmsc
06spB	Josh.7.4	אֲלָפִ֖ים	505	HAcbpa
06QM1	Josh.7.4	אִ֑ישׁ	376	HNcmsa
06WMi	Josh.7.4	וַ/יָּנֻ֕סוּ	c/5127	HC/Vqw3mp
06p5C	Josh.7.4	לִ/פְנֵ֖י	l/6440	HR/Ncbpc
06pLh	Josh.7.4	אַנְשֵׁ֥י	376	HNcmpc
065n2	Josh.7.4	הָ/עָֽי	d/5857	HTd/Np
06WG2	Josh.7.5	וַ/יַּכּ֨וּ	c/5221	HC/Vhw3mp
06ddN	Josh.7.5	מֵ/הֶ֜ם	m	HR/Sp3mp
06oga	Josh.7.5	אַנְשֵׁ֣י	376	HNcmpc
06yLm	Josh.7.5	הָ/עַ֗י	d/5857	HTd/Np
06mAF	Josh.7.5	כִּ/שְׁלֹשִׁ֤ים	k/7970	HR/Acbpa
0693w	Josh.7.5	וְ/שִׁשָּׁה֙	c/8337	HC/Acmsa
06XGn	Josh.7.5	אִ֔ישׁ	376	HNcmsa
06gnt	Josh.7.5	וַֽ/יִּרְדְּפ֞וּ/ם	c/7291	HC/Vqw3mp/Sp3mp
06Ycp	Josh.7.5	לִ/פְנֵ֤י	l/6440	HR/Ncbpc
06kGw	Josh.7.5	הַ/שַּׁ֨עַר֙	d/8179	HTd/Ncmsa
068xG	Josh.7.5	עַד	5704	HR
06X9f	Josh.7.5	הַ/שְּׁבָרִ֔ים	d/7671	HTd/Np
06gBY	Josh.7.5	וַ/יַּכּ֖וּ/ם	c/5221	HC/Vhw3mp/Sp3mp
06JSS	Josh.7.5	בַּ/מּוֹרָ֑ד	b/4174	HRd/Ncmsa
06hzi	Josh.7.5	וַ/יִּמַּ֥ס	c/4549	HC/VNw3ms
06xKZ	Josh.7.5	לְבַב	3824	HNcmsc
06GD6	Josh.7.5	הָ/עָ֖ם	d/5971 a	HTd/Ncmsa
06e1w	Josh.7.5	וַ/יְהִ֥י	c/1961	HC/Vqw3ms
06fK1	Josh.7.5	לְ/מָֽיִם	l/4325	HR/Ncmpa
06UV1	Josh.7.6	וַ/יִּקְרַ֨ע	c/7167	HC/Vqw3ms
06pJ8	Josh.7.6	יְהוֹשֻׁ֜עַ	3091	HNp
06d2D	Josh.7.6	שִׂמְלֹתָ֗י/ו	8071	HNcfpc/Sp3ms
06pY9	Josh.7.6	וַ/יִּפֹּל֩	c/5307	HC/Vqw3ms
06GAq	Josh.7.6	עַל	5921 a	HR
06ViK	Josh.7.6	פָּנָ֨י/ו	6440	HNcbpc/Sp3ms
06bs2	Josh.7.6	אַ֜רְצָ/ה	776	HNcbsa/Sd
0665v	Josh.7.6	לִ/פְנֵ֨י	l/6440	HR/Ncbpc
06ULQ	Josh.7.6	אֲר֤וֹן	727	HNcbsc
06B9j	Josh.7.6	יְהוָה֙	3068	HNp
06bWi	Josh.7.6	עַד	5704	HR
06xoF	Josh.7.6	הָ/עֶ֔רֶב	d/6153	HTd/Ncmsa
06hCv	Josh.7.6	ה֖וּא	1931	HPp3ms
06Mci	Josh.7.6	וְ/זִקְנֵ֣י	c/2205	HC/Aampc
06f9n	Josh.7.6	יִשְׂרָאֵ֑ל	3478	HNp
064Rf	Josh.7.6	וַ/יַּעֲל֥וּ	c/5927	HC/Vhw3mp
06Qyd	Josh.7.6	עָפָ֖ר	6083	HNcmsa
06C76	Josh.7.6	עַל	5921 a	HR
06CYo	Josh.7.6	רֹאשָֽׁ/ם	7218 a	HNcmsc/Sp3mp
06Bra	Josh.7.7	וַ/יֹּ֨אמֶר	c/559	HC/Vqw3ms
0659X	Josh.7.7	יְהוֹשֻׁ֜עַ	3091	HNp
06j6b	Josh.7.7	אֲהָ֣הּ	162	HTj
06KgL	Josh.7.7	אֲדֹנָ֣/י	136	HNcmpc/Sp1cs
06BFU	Josh.7.7	יְהוִ֗ה	3069	HNp
06Js9	Josh.7.7	לָ֠/מָה	l/4100	HR/Ti
068Do	Josh.7.7	הֵעֲבַ֨רְתָּ	5674 a	HVhp2ms
06m6D	Josh.7.7	הַעֲבִ֜יר	5674 a	HVha
06agh	Josh.7.7	אֶת	853	HTo
06xGb	Josh.7.7	הָ/עָ֤ם	d/5971 a	HTd/Ncmsa
06Vmg	Josh.7.7	הַ/זֶּה֙	d/2088	HTd/Pdxms
06GWL	Josh.7.7	אֶת	853	HTo
06adp	Josh.7.7	הַ/יַּרְדֵּ֔ן	d/3383	HTd/Np
06mEM	Josh.7.7	לָ/תֵ֥ת	l/5414	HR/Vqc
06t5b	Josh.7.7	אֹתָ֛/נוּ	853	HTo/Sp1cp
06MmC	Josh.7.7	בְּ/יַ֥ד	b/3027	HR/Ncbsc
06VtE	Josh.7.7	הָ/אֱמֹרִ֖י	d/567	HTd/Ngmsa
068yT	Josh.7.7	לְ/הַאֲבִידֵ֑/נוּ	l/6	HR/Vhc/Sp1cp
06YE4	Josh.7.7	וְ/לוּ֙	c/3863	HC/C
06gwY	Josh.7.7	הוֹאַ֣לְנוּ	2974	HVhp1cp
06um2	Josh.7.7	וַ/נֵּ֔שֶׁב	c/3427	HC/Vqw1cp
06WPk	Josh.7.7	בְּ/עֵ֖בֶר	b/5676	HR/Ncmsc
06J9S	Josh.7.7	הַ/יַּרְדֵּֽן	d/3383	HTd/Np
06Uh6	Josh.7.8	בִּ֖י	994	HTe
06kWu	Josh.7.8	אֲדֹנָ֑/י	136	HNcmpc/Sp1cs
06r5S	Josh.7.8	מָ֣ה	4100	HTi
06q8B	Josh.7.8	אֹמַ֔ר	559	HVqi1cs
06HNg	Josh.7.8	אַ֠חֲרֵי	310 a	HR
06hZZ	Josh.7.8	אֲשֶׁ֨ר	834 a	HTr
06n3Z	Josh.7.8	הָפַ֧ךְ	2015	HVqp3ms
06nVk	Josh.7.8	יִשְׂרָאֵ֛ל	3478	HNp
06cwR	Josh.7.8	עֹ֖רֶף	6203	HNcmsa
06JQf	Josh.7.8	לִ/פְנֵ֥י	l/6440	HR/Ncbpc
06aoK	Josh.7.8	אֹיְבָֽי/ו	341	HVqrmpc/Sp3ms
06HF8	Josh.7.9	וְ/יִשְׁמְע֣וּ	c/8085	HC/Vqi3mp
06WMt	Josh.7.9	הַֽ/כְּנַעֲנִ֗י	d/3669 a	HTd/Ngmsa
06tCm	Josh.7.9	וְ/כֹל֙	c/3605	HC/Ncmsc
06ibj	Josh.7.9	יֹשְׁבֵ֣י	3427	HVqrmpc
06KiT	Josh.7.9	הָ/אָ֔רֶץ	d/776	HTd/Ncbsa
06ovU	Josh.7.9	וְ/נָסַ֣בּוּ	c/5437	HC/VNq3cp
06H8i	Josh.7.9	עָלֵ֔י/נוּ	5921 a	HR/Sp1cp
06kBK	Josh.7.9	וְ/הִכְרִ֥יתוּ	c/3772	HC/Vhq3cp
068p9	Josh.7.9	אֶת	853	HTo
06Vib	Josh.7.9	שְׁמֵ֖/נוּ	8034	HNcmsc/Sp1cp
06FXw	Josh.7.9	מִן	4480 a	HR
06ZWD	Josh.7.9	הָ/אָ֑רֶץ	d/776	HTd/Ncbsa
06roj	Josh.7.9	וּ/מַֽה	c/4100	HC/Ti
06dta	Josh.7.9	תַּעֲשֵׂ֖ה	6213 a	HVqi2ms
06vv9	Josh.7.9	לְ/שִׁמְ/ךָ֥	l/8034	HR/Ncmsc/Sp2ms
06bPu	Josh.7.9	הַ/גָּדֽוֹל	d/1419 a	HTd/Aamsa
06t52	Josh.7.10	וַ/יֹּ֧אמֶר	c/559	HC/Vqw3ms
062qG	Josh.7.10	יְהוָ֛ה	3068	HNp
06naz	Josh.7.10	אֶל	413	HR
06QW6	Josh.7.10	יְהוֹשֻׁ֖עַ	3091	HNp
06vQm	Josh.7.10	קֻ֣ם	6965 b	HVqv2ms
06gSo	Josh.7.10	לָ֑/ךְ	l	HR/Sp2fs
06ToF	Josh.7.10	לָ֣/מָּה	l/4100	HR/Ti
06R76	Josh.7.10	זֶּ֔ה	2088	HPdxms
065TM	Josh.7.10	אַתָּ֖ה	859 a	HPp2ms
06cH4	Josh.7.10	נֹפֵ֥ל	5307	HVqrmsa
06ygk	Josh.7.10	עַל	5921 a	HR
0672b	Josh.7.10	פָּנֶֽי/ךָ	6440	HNcbpc/Sp2ms
06Qs2	Josh.7.11	חָטָא֙	2398	HVqp3ms
06X1j	Josh.7.11	יִשְׂרָאֵ֔ל	3478	HNp
06pMk	Josh.7.11	וְ/גַם֙	c/1571	HC/Ta
06E9Z	Josh.7.11	עָבְר֣וּ	5674 a	HVqp3cp
06DJR	Josh.7.11	אֶת	853	HTo
06ov1	Josh.7.11	בְּרִיתִ֔/י	1285	HNcfsc/Sp1cs
06wXN	Josh.7.11	אֲשֶׁ֥ר	834 a	HTr
06Nnf	Josh.7.11	צִוִּ֖יתִי	6680	HVpp1cs
06eJu	Josh.7.11	אוֹתָ֑/ם	853	HTo/Sp3mp
06uoD	Josh.7.11	וְ/גַ֤ם	c/1571	HC/Ta
06vu4	Josh.7.11	לָֽקְחוּ֙	3947	HVqp3cp
06YQo	Josh.7.11	מִן	4480 a	HR
06f8m	Josh.7.11	הַ/חֵ֔רֶם	d/2764 a	HTd/Ncmsa
06BZr	Josh.7.11	וְ/גַ֤ם	c/1571	HC/Ta
06k2R	Josh.7.11	גָּֽנְבוּ֙	1589	HVqp3cp
06cC4	Josh.7.11	וְ/גַ֣ם	c/1571	HC/Ta
06f6y	Josh.7.11	כִּֽחֲשׁ֔וּ	3584	HVpp3cp
06Gy9	Josh.7.11	וְ/גַ֖ם	c/1571	HC/Ta
06etw	Josh.7.11	שָׂ֥מוּ	7760 a	HVqp3cp
06GQd	Josh.7.11	בִ/כְלֵי/הֶֽם	b/3627	HR/Ncmpc/Sp3mp
06tAQ	Josh.7.12	וְ/לֹ֨א	c/3808	HC/Tn
06Yrt	Josh.7.12	יֻכְל֜וּ	3201	HVqi3mp
06SbN	Josh.7.12	בְּנֵ֣י	1121 a	HNcmpc
06B2y	Josh.7.12	יִשְׂרָאֵ֗ל	3478	HNp
06PYY	Josh.7.12	לָ/קוּם֙	l/6965 b	HR/Vqc
06bZi	Josh.7.12	לִ/פְנֵ֣י	l/6440	HR/Ncbpc
06fXs	Josh.7.12	אֹיְבֵי/הֶ֔ם	341	HVqrmpc/Sp3mp
06dHg	Josh.7.12	עֹ֗רֶף	6203	HNcmsa
06Cdu	Josh.7.12	יִפְנוּ֙	6437	HVqi3mp
06s9p	Josh.7.12	לִ/פְנֵ֣י	l/6440	HR/Ncbpc
06Bxx	Josh.7.12	אֹֽיְבֵי/הֶ֔ם	341	HVqrmpc/Sp3mp
06wPL	Josh.7.12	כִּ֥י	3588 a	HC
06YXi	Josh.7.12	הָי֖וּ	1961	HVqp3cp
066gk	Josh.7.12	לְ/חֵ֑רֶם	l/2764 a	HR/Ncmsa
06YsR	Josh.7.12	לֹ֤א	3808	HTn
06YJ7	Josh.7.12	אוֹסִיף֙	3254	HVhi1cs
06xNg	Josh.7.12	לִֽ/הְי֣וֹת	l/1961	HR/Vqc
06SPi	Josh.7.12	עִמָּ/כֶ֔ם	5973 a	HR/Sp2mp
06dr4	Josh.7.12	אִם	518 a	HC
06ynz	Josh.7.12	לֹ֥א	3808	HTn
06oiU	Josh.7.12	תַשְׁמִ֛ידוּ	8045	HVhi2mp
06uRP	Josh.7.12	הַ/חֵ֖רֶם	d/2764 a	HTd/Ncmsa
06bJx	Josh.7.12	מִֽ/קִּרְבְּ/כֶֽם	m/7130	HR/Ncmsc/Sp2mp
06etm	Josh.7.13	קֻ֚ם	6965 b	HVqv2ms
064jW	Josh.7.13	קַדֵּ֣שׁ	6942	HVpv2ms
06M3G	Josh.7.13	אֶת	853	HTo
06FQm	Josh.7.13	הָ/עָ֔ם	d/5971 a	HTd/Ncmsa
06DYw	Josh.7.13	וְ/אָמַרְתָּ֖	c/559	HC/Vqq2ms
06oAy	Josh.7.13	הִתְקַדְּשׁ֣וּ	6942	HVtv2mp
063Rx	Josh.7.13	לְ/מָחָ֑ר	l/4279	HR/Ncmsa
06rH2	Josh.7.13	כִּ֣י	3588 a	HC
062rT	Josh.7.13	כֹה֩	3541	HD
06jsw	Josh.7.13	אָמַ֨ר	559	HVqp3ms
06VR2	Josh.7.13	יְהוָ֜ה	3068	HNp
06MrQ	Josh.7.13	אֱלֹהֵ֣י	430	HNcmpc
06Fu8	Josh.7.13	יִשְׂרָאֵ֗ל	3478	HNp
06QCB	Josh.7.13	חֵ֤רֶם	2764 a	HNcmsa
06VcL	Josh.7.13	בְּ/קִרְבְּ/ךָ֙	b/7130	HR/Ncmsc/Sp2ms
06YS7	Josh.7.13	יִשְׂרָאֵ֔ל	3478	HNp
06ST2	Josh.7.13	לֹ֣א	3808	HTn
06FHd	Josh.7.13	תוּכַ֗ל	3201	HVqi2ms
06WGC	Josh.7.13	לָ/קוּם֙	l/6965 b	HR/Vqc
068Jt	Josh.7.13	לִ/פְנֵ֣י	l/6440	HR/Ncbpc
06s3S	Josh.7.13	אֹיְבֶ֔י/ךָ	341	HVqrmpc/Sp2ms
06QE7	Josh.7.13	עַד	5704	HR
06JPF	Josh.7.13	הֲסִירְ/כֶ֥ם	5493	HVhc/Sp2mp
06t2f	Josh.7.13	הַ/חֵ֖רֶם	d/2764 a	HTd/Ncmsa
06AAs	Josh.7.13	מִֽ/קִּרְבְּ/כֶֽם	m/7130	HR/Ncmsc/Sp2mp
06yit	Josh.7.14	וְ/נִקְרַבְתֶּ֥ם	c/7126	HC/VNq2mp
06wBS	Josh.7.14	בַּ/בֹּ֖קֶר	b/1242	HRd/Ncmsa
062sV	Josh.7.14	לְ/שִׁבְטֵי/כֶ֑ם	l/7626	HR/Ncmpc/Sp2mp
06FwG	Josh.7.14	וְ/הָיָ֡ה	c/1961	HC/Vqq3ms
06dCM	Josh.7.14	הַ/שֵּׁבֶט֩	d/7626	HTd/Ncmsa
06H1T	Josh.7.14	אֲשֶׁר	834 a	HTr
06P6r	Josh.7.14	יִלְכְּדֶ֨/נּוּ	3920	HVqi3ms/Sp3ms
06tD1	Josh.7.14	יְהוָ֜ה	3068	HNp
066AA	Josh.7.14	יִקְרַ֣ב	7126	HVqi3ms
06RNc	Josh.7.14	לַ/מִּשְׁפָּח֗וֹת	l/4940	HRd/Ncfpa
06veg	Josh.7.14	וְ/הַ/מִּשְׁפָּחָ֞ה	c/d/4940	HC/Td/Ncfsa
067W8	Josh.7.14	אֲשֶֽׁר	834 a	HTr
06zSa	Josh.7.14	יִלְכְּדֶ֤/נָּה	3920	HVqi3ms/Sp3fs
06BQz	Josh.7.14	יְהוָה֙	3068	HNp
06GKS	Josh.7.14	תִּקְרַ֣ב	7126	HVqi3fs
06Mwc	Josh.7.14	לַ/בָּתִּ֔ים	l/1004 b	HRd/Ncmpa
06kPm	Josh.7.14	וְ/הַ/בַּ֨יִת֙	c/d/1004 b	HC/Td/Ncmsa
06Gtv	Josh.7.14	אֲשֶׁ֣ר	834 a	HTr
06wvJ	Josh.7.14	יִלְכְּדֶ֣/נּוּ	3920	HVqi3ms/Sp3ms
06HWW	Josh.7.14	יְהוָ֔ה	3068	HNp
06fR1	Josh.7.14	יִקְרַ֖ב	7126	HVqi3ms
06Z4q	Josh.7.14	לַ/גְּבָרִֽים	l/1397	HRd/Ncmpa
06qyW	Josh.7.15	וְ/הָיָה֙	c/1961	HC/Vqq3ms
061vK	Josh.7.15	הַ/נִּלְכָּ֣ד	d/3920	HTd/VNrmsa
06vcs	Josh.7.15	בַּ/חֵ֔רֶם	b/2764 a	HRd/Ncmsa
06jVW	Josh.7.15	יִשָּׂרֵ֣ף	8313	HVNi3ms
06q6h	Josh.7.15	בָּ/אֵ֔שׁ	b/784	HRd/Ncbsa
06TXT	Josh.7.15	אֹת֖/וֹ	853	HTo/Sp3ms
06i5i	Josh.7.15	וְ/אֶת	c/853	HC/To
06n6o	Josh.7.15	כָּל	3605	HNcmsc
06V2Z	Josh.7.15	אֲשֶׁר	834 a	HTr
06vB3	Josh.7.15	ל֑/וֹ	l	HR/Sp3ms
06h8U	Josh.7.15	כִּ֤י	3588 a	HC
06HP6	Josh.7.15	עָבַר֙	5674 a	HVqp3ms
06qeA	Josh.7.15	אֶת	853	HTo
063Hf	Josh.7.15	בְּרִ֣ית	1285	HNcfsc
067G6	Josh.7.15	יְהוָ֔ה	3068	HNp
062aw	Josh.7.15	וְ/כִֽי	c/3588 a	HC/C
06G9q	Josh.7.15	עָשָׂ֥ה	6213 a	HVqp3ms
06TE9	Josh.7.15	נְבָלָ֖ה	5039	HNcfsa
065ne	Josh.7.15	בְּ/יִשְׂרָאֵֽל	b/3478	HR/Np
06Pq7	Josh.7.16	וַ/יַּשְׁכֵּ֤ם	c/7925	HC/Vhw3ms
062XE	Josh.7.16	יְהוֹשֻׁ֨עַ֙	3091	HNp
06k2P	Josh.7.16	בַּ/בֹּ֔קֶר	b/1242	HRd/Ncmsa
06bQB	Josh.7.16	וַ/יַּקְרֵ֥ב	c/7126	HC/Vhw3ms
06hLv	Josh.7.16	אֶת	853	HTo
06FwW	Josh.7.16	יִשְׂרָאֵ֖ל	3478	HNp
06ZCU	Josh.7.16	לִ/שְׁבָטָ֑י/ו	l/7626	HR/Ncmpc/Sp3ms
06f6s	Josh.7.16	וַ/יִּלָּכֵ֖ד	c/3920	HC/VNw3ms
0662L	Josh.7.16	שֵׁ֥בֶט	7626	HNcmsc
06apE	Josh.7.16	יְהוּדָֽה	3063	HNp
067uo	Josh.7.17	וַ/יַּקְרֵב֙	c/7126	HC/Vhw3ms
06io8	Josh.7.17	אֶת	853	HTo
06wub	Josh.7.17	מִשְׁפַּ֣חַת	4940	HNcfsc
067qB	Josh.7.17	יְהוּדָ֔ה	3063	HNp
06BM6	Josh.7.17	וַ/יִּלְכֹּ֕ד	c/3920	HC/Vqw3ms
069ci	Josh.7.17	אֵ֖ת	853	HTo
06wpi	Josh.7.17	מִשְׁפַּ֣חַת	4940	HNcfsc
06JEg	Josh.7.17	הַ/זַּרְחִ֑י	d/2227	HTd/Ngmsa
06pMT	Josh.7.17	וַ/יַּקְרֵ֞ב	c/7126	HC/Vhw3ms
06kMd	Josh.7.17	אֶת	853	HTo
06Bqk	Josh.7.17	מִשְׁפַּ֤חַת	4940	HNcfsc
06hjj	Josh.7.17	הַ/זַּרְחִי֙	d/2227	HTd/Ngmsa
06QL7	Josh.7.17	לַ/גְּבָרִ֔ים	l/1397	HRd/Ncmpa
06cRW	Josh.7.17	וַ/יִּלָּכֵ֖ד	c/3920	HC/VNw3ms
06iWB	Josh.7.17	זַבְדִּֽי	2067	HNp
06u7g	Josh.7.18	וַ/יַּקְרֵ֥ב	c/7126	HC/Vhw3ms
06F46	Josh.7.18	אֶת	853	HTo
06AFT	Josh.7.18	בֵּית֖/וֹ	1004 b	HNcmsc/Sp3ms
06c3h	Josh.7.18	לַ/גְּבָרִ֑ים	l/1397	HRd/Ncmpa
06L9o	Josh.7.18	וַ/יִּלָּכֵ֗ד	c/3920	HC/VNw3ms
06JVQ	Josh.7.18	עָכָ֞ן	5912	HNp
06xdb	Josh.7.18	בֶּן	1121 a	HNcmsc
06Moi	Josh.7.18	כַּרְמִ֧י	3756	HNp
06eqW	Josh.7.18	בֶן	1121 a	HNcmsc
06x8B	Josh.7.18	זַבְדִּ֛י	2067	HNp
06WgT	Josh.7.18	בֶּן	1121 a	HNcmsc
06e9Z	Josh.7.18	זֶ֖רַח	2226	HNp
06fc3	Josh.7.18	לְ/מַטֵּ֥ה	l/4294	HR/Ncmsc
06Ucu	Josh.7.18	יְהוּדָֽה	3063	HNp
068Vy	Josh.7.19	וַ/יֹּ֨אמֶר	c/559	HC/Vqw3ms
06rKw	Josh.7.19	יְהוֹשֻׁ֜עַ	3091	HNp
06S1Z	Josh.7.19	אֶל	413	HR
06mBn	Josh.7.19	עָכָ֗ן	5912	HNp
06Ney	Josh.7.19	בְּנִ/י֙	1121 a	HNcmsc/Sp1cs
062Bq	Josh.7.19	שִֽׂים	7760 a	HVqv2ms
06nKy	Josh.7.19	נָ֣א	4994	HTe
06aC7	Josh.7.19	כָב֗וֹד	3519	HNcbsa
06Sxm	Josh.7.19	לַֽ/יהוָ֛ה	l/3068	HR/Np
063Cx	Josh.7.19	אֱלֹהֵ֥י	430	HNcmpc
0653W	Josh.7.19	יִשְׂרָאֵ֖ל	3478	HNp
06nTK	Josh.7.19	וְ/תֶן	c/5414	HC/Vqv2ms
06sBD	Josh.7.19	ל֣/וֹ	l	HR/Sp3ms
06ztw	Josh.7.19	תוֹדָ֑ה	8426	HNcfsa
06jaw	Josh.7.19	וְ/הַגֶּד	c/5046	HC/Vhv2ms
06zfC	Josh.7.19	נָ֥א	4994	HTe
06y6N	Josh.7.19	לִ/י֙	l	HR/Sp1cs
06cUK	Josh.7.19	מֶ֣ה	4100	HTi
06F7R	Josh.7.19	עָשִׂ֔יתָ	6213 a	HVqp2ms
06YQ7	Josh.7.19	אַל	408	HTn
065UP	Josh.7.19	תְּכַחֵ֖ד	3582	HVpj2ms
06cDe	Josh.7.19	מִמֶּֽ/נִּי	4480 a	HR/Sp1cs
06BtX	Josh.7.20	וַ/יַּ֧עַן	c/6030 b	HC/Vqw3ms
068bP	Josh.7.20	עָכָ֛ן	5912	HNp
06rbM	Josh.7.20	אֶת	853	HTo
06gcX	Josh.7.20	יְהוֹשֻׁ֖עַ	3091	HNp
06VzD	Josh.7.20	וַ/יֹּאמַ֑ר	c/559	HC/Vqw3ms
06Lnv	Josh.7.20	אָמְנָ֗ה	546	HD
06FN2	Josh.7.20	אָנֹכִ֤י	595	HPp1cs
06kTA	Josh.7.20	חָטָ֨אתִי֙	2398	HVqp1cs
06bQM	Josh.7.20	לַֽ/יהוָה֙	l/3068	HR/Np
06rRy	Josh.7.20	אֱלֹהֵ֣י	430	HNcmpc
06HcR	Josh.7.20	יִשְׂרָאֵ֔ל	3478	HNp
069vS	Josh.7.20	וְ/כָ/זֹ֥את	c/k/2063	HC/R/Pdxfs
06mbL	Josh.7.20	וְ/כָ/זֹ֖את	c/k/2063	HC/R/Pdxfs
064U9	Josh.7.20	עָשִֽׂיתִי	6213 a	HVqp1cs
06Vvg	Josh.7.21	ו/אראה	c/7200	HC/Vqw1cs
06oYz	Josh.7.21	וָ/אֵ֣רֶא	c/7200	HC/Vqw1cs
06dD2	Josh.7.21	בַ/שָּׁלָ֡ל	b/7998	HRd/Ncmsa
062t9	Josh.7.21	אַדֶּ֣רֶת	155	HNcfsc
06fou	Josh.7.21	שִׁנְעָר֩	8152	HNp
06DL4	Josh.7.21	אַחַ֨ת	259	HAcfsa
06vkx	Josh.7.21	טוֹבָ֜ה	2896 a	HAafsa
06SdW	Josh.7.21	וּ/מָאתַ֧יִם	c/3967	HC/Acbda
069jg	Josh.7.21	שְׁקָלִ֣ים	8255	HNcmpa
06mAC	Josh.7.21	כֶּ֗סֶף	3701	HNcmsa
06LKt	Josh.7.21	וּ/לְשׁ֨וֹן	c/3956	HC/Ncbsc
06Q5x	Josh.7.21	זָהָ֤ב	2091	HNcmsa
06TaA	Josh.7.21	אֶחָד֙	259	HAcmsa
064d7	Josh.7.21	חֲמִשִּׁ֤ים	2572	HAcbpa
06jMY	Josh.7.21	שְׁקָלִים֙	8255	HNcmpa
06eip	Josh.7.21	מִשְׁקָל֔/וֹ	4948	HNcmsc/Sp3ms
06jhu	Josh.7.21	וָֽ/אֶחְמְדֵ֖/ם	c/2530 a	HC/Vqw1cs/Sp3mp
062fr	Josh.7.21	וָֽ/אֶקָּחֵ֑/ם	c/3947	HC/Vqw1cs/Sp3mp
065Aa	Josh.7.21	וְ/הִנָּ֨/ם	c/2009	HC/Tm/Sp3mp
06zuz	Josh.7.21	טְמוּנִ֥ים	2934	HVqsmpa
06BTS	Josh.7.21	בָּ/אָ֛רֶץ	b/776	HRd/Ncbsa
06Hdk	Josh.7.21	בְּ/ת֥וֹךְ	b/8432	HR/Ncmsc
06tbG	Josh.7.21	הָ/אָֽהֳלִ֖/י	d/168	HTd/Ncmsc/Sp1cs
068hT	Josh.7.21	וְ/הַ/כֶּ֥סֶף	c/d/3701	HC/Td/Ncmsa
061EK	Josh.7.21	תַּחְתֶּֽי/הָ	8478	HR/Sp3fs
06UYd	Josh.7.22	וַ/יִּשְׁלַ֤ח	c/7971	HC/Vqw3ms
06w2J	Josh.7.22	יְהוֹשֻׁ֨עַ֙	3091	HNp
06UcZ	Josh.7.22	מַלְאָכִ֔ים	4397	HNcmpa
06SZA	Josh.7.22	וַ/יָּרֻ֖צוּ	c/7323	HC/Vqw3mp
06WeX	Josh.7.22	הָ/אֹ֑הֱלָ/ה	d/168	HTd/Ncmsa/Sd
06FoN	Josh.7.22	וְ/הִנֵּ֧ה	c/2009	HC/Tm
06BK2	Josh.7.22	טְמוּנָ֛ה	2934	HVqsfsa
06qoQ	Josh.7.22	בְּ/אָהֳל֖/וֹ	b/168	HR/Ncmsc/Sp3ms
06DV4	Josh.7.22	וְ/הַ/כֶּ֥סֶף	c/d/3701	HC/Td/Ncmsa
06iex	Josh.7.22	תַּחְתֶּֽי/הָ	8478	HR/Sp3fs
06LMe	Josh.7.23	וַ/יִּקָּחוּ/ם֙	c/3947	HC/Vqw3mp/Sp3mp
06zuk	Josh.7.23	מִ/תּ֣וֹךְ	m/8432	HR/Ncmsc
065hm	Josh.7.23	הָ/אֹ֔הֶל	d/168	HTd/Ncmsa
06a8a	Josh.7.23	וַ/יְבִאוּ/ם֙	c/935	HC/Vhw3mp/Sp3mp
06Avd	Josh.7.23	אֶל	413	HR
066nG	Josh.7.23	יְהוֹשֻׁ֔עַ	3091	HNp
06p6C	Josh.7.23	וְ/אֶ֖ל	c/413	HC/R
06Dn5	Josh.7.23	כָּל	3605	HNcmsc
067mc	Josh.7.23	בְּנֵ֣י	1121 a	HNcmpc
06icW	Josh.7.23	יִשְׂרָאֵ֑ל	3478	HNp
06WQu	Josh.7.23	וַ/יַּצִּקֻ֖/ם	c/3332	HC/Vhw3mp/Sp3mp
06rMa	Josh.7.23	לִ/פְנֵ֥י	l/6440	HR/Ncbpc
06H5x	Josh.7.23	יְהוָֽה	3068	HNp
06Lft	Josh.7.24	וַ/יִּקַּ֣ח	c/3947	HC/Vqw3ms
06bTD	Josh.7.24	יְהוֹשֻׁ֣עַ	3091	HNp
06W19	Josh.7.24	אֶת	853	HTo
06CUd	Josh.7.24	עָכָ֣ן	5912	HNp
06dBb	Josh.7.24	בֶּן	1121 a	HNcmsc
06oQH	Josh.7.24	זֶ֡רַח	2226	HNp
06FgV	Josh.7.24	וְ/אֶת	c/853	HC/To
06sAH	Josh.7.24	הַ/כֶּ֣סֶף	d/3701	HTd/Ncmsa
06fPE	Josh.7.24	וְ/אֶת	c/853	HC/To
06kFY	Josh.7.24	הָ/אַדֶּ֣רֶת	d/155	HTd/Ncfsa
06oVM	Josh.7.24	וְֽ/אֶת	c/853	HC/To
06DD6	Josh.7.24	לְשׁ֣וֹן	3956	HNcbsc
06T6s	Josh.7.24	הַ/זָּהָ֡ב	d/2091	HTd/Ncmsa
06UTG	Josh.7.24	וְֽ/אֶת	c/853	HC/To
06TjC	Josh.7.24	בָּנָ֡י/ו	1121 a	HNcmpc/Sp3ms
06B7W	Josh.7.24	וְֽ/אֶת	c/853	HC/To
06ggZ	Josh.7.24	בְּנֹתָ֡י/ו	1323	HNcfpc/Sp3ms
06sDo	Josh.7.24	וְ/אֶת	c/853	HC/To
06hQe	Josh.7.24	שׁוֹר/וֹ֩	7794	HNcmsc/Sp3ms
06Fmq	Josh.7.24	וְ/אֶת	c/853	HC/To
064ga	Josh.7.24	חֲמֹר֨/וֹ	2543	HNcbsc/Sp3ms
06qZF	Josh.7.24	וְ/אֶת	c/853	HC/To
06o7p	Josh.7.24	צֹאנ֤/וֹ	6629	HNcbsc/Sp3ms
06BQB	Josh.7.24	וְ/אֶֽת	c/853	HC/To
06dbJ	Josh.7.24	אָהֳל/וֹ֙	168	HNcmsc/Sp3ms
065tL	Josh.7.24	וְ/אֶת	c/853	HC/To
06Pj9	Josh.7.24	כָּל	3605	HNcmsc
06YJJ	Josh.7.24	אֲשֶׁר	834 a	HTr
063Kp	Josh.7.24	ל֔/וֹ	l	HR/Sp3ms
06YWx	Josh.7.24	וְ/כָל	c/3605	HC/Ncmsc
06d4u	Josh.7.24	יִשְׂרָאֵ֖ל	3478	HNp
066vh	Josh.7.24	עִמּ֑/וֹ	5973 a	HR/Sp3ms
06rLV	Josh.7.24	וַ/יַּעֲל֥וּ	c/5927	HC/Vhw3mp
06PfL	Josh.7.24	אֹתָ֖/ם	853	HTo/Sp3mp
06YQQ	Josh.7.24	עֵ֥מֶק	6010	HNcmsc
06Dr2	Josh.7.24	עָכֽוֹר	5911	HNp
06AAN	Josh.7.25	וַ/יֹּ֤אמֶר	c/559	HC/Vqw3ms
06FAQ	Josh.7.25	יְהוֹשֻׁ֨עַ֙	3091	HNp
06bz3	Josh.7.25	מֶ֣ה	4100	HTi
06VeC	Josh.7.25	עֲכַרְתָּ֔/נוּ	5916	HVqp2ms/Sp1cp
06gEf	Josh.7.25	יַעְכֳּרְ/ךָ֥	5916	HVqi3ms/Sp2ms
061Vr	Josh.7.25	יְהוָ֖ה	3068	HNp
06gUg	Josh.7.25	בַּ/יּ֣וֹם	b/3117	HRd/Ncmsa
06xr5	Josh.7.25	הַ/זֶּ֑ה	d/2088	HTd/Pdxms
06G11	Josh.7.25	וַ/יִּרְגְּמ֨וּ	c/7275	HC/Vqw3mp
06D9v	Josh.7.25	אֹת֤/וֹ	853	HTo/Sp3ms
06ZoM	Josh.7.25	כָל	3605	HNcmsc
06bCV	Josh.7.25	יִשְׂרָאֵל֙	3478	HNp
06fVR	Josh.7.25	אֶ֔בֶן	68	HNcfsa
06aDa	Josh.7.25	וַ/יִּשְׂרְפ֤וּ	c/8313	HC/Vqw3mp
06ZXK	Josh.7.25	אֹתָ/ם֙	853	HTo/Sp3mp
06frz	Josh.7.25	בָּ/אֵ֔שׁ	b/784	HRd/Ncbsa
06EPL	Josh.7.25	וַ/יִּסְקְל֥וּ	c/5619	HC/Vqw3mp
06zXD	Josh.7.25	אֹתָ֖/ם	853	HTo/Sp3mp
064tD	Josh.7.25	בָּ/אֲבָנִֽים	b/68	HRd/Ncfpa
0664m	Josh.7.26	וַ/יָּקִ֨ימוּ	c/6965 b	HC/Vhw3mp
06juf	Josh.7.26	עָלָ֜י/ו	5921 a	HR/Sp3ms
061Wx	Josh.7.26	גַּל	1530	HNcmsc
06FjT	Josh.7.26	אֲבָנִ֣ים	68	HNcfpa
06fFL	Josh.7.26	גָּד֗וֹל	1419 a	HAamsa
06iyy	Josh.7.26	עַ֚ד	5704	HR
06fXN	Josh.7.26	הַ/יּ֣וֹם	d/3117	HTd/Ncmsa
06L79	Josh.7.26	הַ/זֶּ֔ה	d/2088	HTd/Pdxms
062g9	Josh.7.26	וַ/יָּ֥שָׁב	c/7725	HC/Vqw3ms
06PUa	Josh.7.26	יְהוָ֖ה	3068	HNp
06r3q	Josh.7.26	מֵ/חֲר֣וֹן	m/2740	HR/Ncmsc
06i7e	Josh.7.26	אַפּ֑/וֹ	639	HNcmsc/Sp3ms
06Mem	Josh.7.26	עַל	5921 a	HR
06wNK	Josh.7.26	כֵּ֠ן	3651 c	HTm
06bwY	Josh.7.26	קָרָ֞א	7121	HVqp3ms
065e6	Josh.7.26	שֵׁ֣ם	8034	HNcmsc
06yr6	Josh.7.26	הַ/מָּק֤וֹם	d/4725	HTd/Ncmsa
06ckn	Josh.7.26	הַ/הוּא֙	d/1931	HTd/Pp3ms
06vA4	Josh.7.26	עֵ֣מֶק	6010	HNcmsc
06KEn	Josh.7.26	עָכ֔וֹר	5911	HNp
06cPC	Josh.7.26	עַ֖ד	5704	HR
06Eoc	Josh.7.26	הַ/יּ֥וֹם	d/3117	HTd/Ncmsa
06Pdv	Josh.7.26	הַ/זֶּֽה	d/2088	HTd/Pdxms
06S7t	Josh.8.1	וַ/יֹּ֨אמֶר	c/559	HC/Vqw3ms
068F2	Josh.8.1	יְהוָ֤ה	3068	HNp
06T2K	Josh.8.1	אֶל	413	HR
06ouG	Josh.8.1	יְהוֹשֻׁ֨עַ֙	3091	HNp
06xxG	Josh.8.1	אַל	408	HTn
06vin	Josh.8.1	תִּירָ֣א	3372	HVqj2ms
06KSD	Josh.8.1	וְ/אַל	c/408	HC/Tn
06Eiv	Josh.8.1	תֵּחָ֔ת	2865	HVNj2ms
06xpK	Josh.8.1	קַ֣ח	3947	HVqv2ms
06Nix	Josh.8.1	עִמְּ/ךָ֗	5973 a	HR/Sp2ms
06q1J	Josh.8.1	אֵ֚ת	853	HTo
06Vg9	Josh.8.1	כָּל	3605	HNcmsc
06642	Josh.8.1	עַ֣ם	5971 a	HNcmsc
06sWs	Josh.8.1	הַ/מִּלְחָמָ֔ה	d/4421	HTd/Ncfsa
06mUy	Josh.8.1	וְ/ק֖וּם	c/6965 b	HC/Vqv2ms
06v3c	Josh.8.1	עֲלֵ֣ה	5927	HVqv2ms
06m6p	Josh.8.1	הָ/עָ֑י	d/5857	HTd/Np
06BZu	Josh.8.1	רְאֵ֣ה	7200	HVqv2ms
06bwe	Josh.8.1	נָתַ֣תִּי	5414	HVqp1cs
06AWj	Josh.8.1	בְ/יָדְ/ךָ֗	b/3027	HR/Ncbsc/Sp2ms
06z96	Josh.8.1	אֶת	853	HTo
06ufK	Josh.8.1	מֶ֤לֶךְ	4428	HNcmsc
063CT	Josh.8.1	הָ/עַי֙	d/5857	HTd/Np
06Uhd	Josh.8.1	וְ/אֶת	c/853	HC/To
061i2	Josh.8.1	עַמּ֔/וֹ	5971 a	HNcmsc/Sp3ms
06Lzv	Josh.8.1	וְ/אֶת	c/853	HC/To
06Lun	Josh.8.1	עִיר֖/וֹ	5892 b	HNcfsc/Sp3ms
06PbF	Josh.8.1	וְ/אֶת	c/853	HC/To
06suR	Josh.8.1	אַרְצֽ/וֹ	776	HNcbsc/Sp3ms
06LXw	Josh.8.2	וְ/עָשִׂ֨יתָ	c/6213 a	HC/Vqq2ms
06una	Josh.8.2	לָ/עַ֜י	l/5857	HR/Np
06em6	Josh.8.2	וּ/לְ/מַלְכָּ֗/הּ	c/l/4428	HC/R/Ncmsc/Sp3fs
06157	Josh.8.2	כַּ/אֲשֶׁ֨ר	k/834 d	HR/Tr
06quT	Josh.8.2	עָשִׂ֤יתָ	6213 a	HVqp2ms
066Vo	Josh.8.2	לִֽ/ירִיחוֹ֙	l/3405	HR/Np
06E91	Josh.8.2	וּ/לְ/מַלְכָּ֔/הּ	c/l/4428	HC/R/Ncmsc/Sp3fs
063Cf	Josh.8.2	רַק	7535	HTa
06bsi	Josh.8.2	שְׁלָלָ֥/הּ	7998	HNcmsc/Sp3fs
06MWq	Josh.8.2	וּ/בְהֶמְתָּ֖/הּ	c/929	HC/Ncfsc/Sp3fs
0634f	Josh.8.2	תָּבֹ֣זּוּ	962	HVqi2mp
06aVY	Josh.8.2	לָ/כֶ֑ם	l	HR/Sp2mp
06hNg	Josh.8.2	שִׂים	7760 a	HVqv2ms
06G8o	Josh.8.2	לְ/ךָ֥	l	HR/Sp2ms
063Gd	Josh.8.2	אֹרֵ֛ב	693	HVqrmsa
06iWk	Josh.8.2	לָ/עִ֖יר	l/5892 b	HRd/Ncfsa
06mCg	Josh.8.2	מֵ/אַחֲרֶֽי/הָ	m/310 a	HR/R/Sp3fs
06tq2	Josh.8.3	וַ/יָּ֧קָם	c/6965 b	HC/Vqw3ms
06V3N	Josh.8.3	יְהוֹשֻׁ֛עַ	3091	HNp
06hKH	Josh.8.3	וְ/כָל	c/3605	HC/Ncmsc
06NHj	Josh.8.3	עַ֥ם	5971 a	HNcmsc
06Pym	Josh.8.3	הַ/מִּלְחָמָ֖ה	d/4421	HTd/Ncfsa
06D5E	Josh.8.3	לַ/עֲל֣וֹת	l/5927	HR/Vqc
06rsU	Josh.8.3	הָ/עָ֑י	d/5857	HTd/Np
06nrb	Josh.8.3	וַ/יִּבְחַ֣ר	c/977	HC/Vqw3ms
06hgT	Josh.8.3	יְ֠הוֹשֻׁעַ	3091	HNp
06ycN	Josh.8.3	שְׁלֹשִׁ֨ים	7970	HAcbpa
068Zr	Josh.8.3	אֶ֤לֶף	505	HAcbsa
06Lrg	Josh.8.3	אִישׁ֙	376	HNcmsa
061L6	Josh.8.3	גִּבּוֹרֵ֣י	1368	HAampc
06159	Josh.8.3	הַ/חַ֔יִל	d/2428	HTd/Ncmsa
06yeC	Josh.8.3	וַ/יִּשְׁלָחֵ֖/ם	c/7971	HC/Vqw3ms/Sp3mp
06Wj8	Josh.8.3	לָֽיְלָה	3915	HNcmsa
06reX	Josh.8.4	וַ/יְצַ֨ו	c/6680	HC/Vpw3ms
06Lng	Josh.8.4	אֹתָ֜/ם	853	HTo/Sp3mp
06CzS	Josh.8.4	לֵ/אמֹ֗ר	l/559	HR/Vqc
06RCv	Josh.8.4	רְ֠אוּ	7200	HVqv2mp
06x1h	Josh.8.4	אַתֶּ֞ם	859 d	HPp2mp
06YBK	Josh.8.4	אֹרְבִ֤ים	693	HVqrmpa
06GL3	Josh.8.4	לָ/עִיר֙	l/5892 b	HRd/Ncfsa
06r2t	Josh.8.4	מֵ/אַחֲרֵ֣י	m/310 a	HR/R
06rWe	Josh.8.4	הָ/עִ֔יר	d/5892 b	HTd/Ncfsa
06zto	Josh.8.4	אַל	408	HTn
06pCR	Josh.8.4	תַּרְחִ֥יקוּ	7368	HVhj2mp
067YV	Josh.8.4	מִן	4480 a	HR
06K4a	Josh.8.4	הָ/עִ֖יר	d/5892 b	HTd/Ncfsa
06N17	Josh.8.4	מְאֹ֑ד	3966	HD
063Nb	Josh.8.4	וִ/הְיִיתֶ֥ם	c/1961	HC/Vqq2mp
06AES	Josh.8.4	כֻּלְּ/כֶ֖ם	3605	HNcmsc/Sp2mp
06hh3	Josh.8.4	נְכֹנִֽים	3559 a	HVNrmpa
068xp	Josh.8.5	וַ/אֲנִ֗י	c/589	HC/Pp1cs
06wfD	Josh.8.5	וְ/כָל	c/3605	HC/Ncmsc
06Lka	Josh.8.5	הָ/עָם֙	d/5971 a	HTd/Ncmsa
06irT	Josh.8.5	אֲשֶׁ֣ר	834 a	HTr
0622j	Josh.8.5	אִתִּ֔/י	854	HR/Sp1cs
062eE	Josh.8.5	נִקְרַ֖ב	7126	HVqi1cp
06sGR	Josh.8.5	אֶל	413	HR
06FKm	Josh.8.5	הָ/עִ֑יר	d/5892 b	HTd/Ncfsa
06eb4	Josh.8.5	וְ/הָיָ֗ה	c/1961	HC/Vqq3ms
06fqb	Josh.8.5	כִּֽי	3588 a	HC
06DUs	Josh.8.5	יֵצְא֤וּ	3318	HVqi3mp
06NwS	Josh.8.5	לִ/קְרָאתֵ֨/נוּ֙	l/7125	HR/Vqc/Sp1cp
06SdY	Josh.8.5	כַּ/אֲשֶׁ֣ר	k/834 d	HR/Tr
061bU	Josh.8.5	בָּ/רִֽאשֹׁנָ֔ה	b/7223	HRd/Aafsa
06jno	Josh.8.5	וְ/נַ֖סְנוּ	c/5127	HC/Vqq1cp
06E7d	Josh.8.5	לִ/פְנֵי/הֶֽם	l/6440	HR/Ncbpc/Sp3mp
06z2B	Josh.8.6	וְ/יָצְא֣וּ	c/3318	HC/Vqq3cp
06WGp	Josh.8.6	אַחֲרֵ֗י/נוּ	310 a	HR/Sp1cp
06CRu	Josh.8.6	עַ֣ד	5704	HR
06fwL	Josh.8.6	הַתִּיקֵ֤/נוּ	5423	HVhc/Sp1cp
06FAr	Josh.8.6	אוֹתָ/ם֙	853	HTo/Sp3mp
06TtK	Josh.8.6	מִן	4480 a	HR
06Bqs	Josh.8.6	הָ/עִ֔יר	d/5892 b	HTd/Ncfsa
06UA1	Josh.8.6	כִּ֣י	3588 a	HC
06gLR	Josh.8.6	יֹֽאמְר֔וּ	559	HVqi3mp
06T3A	Josh.8.6	נָסִ֣ים	5127	HVqrmpa
06tvs	Josh.8.6	לְ/פָנֵ֔י/נוּ	l/6440	HR/Ncbpc/Sp1cp
06gbJ	Josh.8.6	כַּ/אֲשֶׁ֖ר	k/834 d	HR/Tr
06pr6	Josh.8.6	בָּ/רִֽאשֹׁנָ֑ה	b/7223	HRd/Aafsa
06T9M	Josh.8.6	וְ/נַ֖סְנוּ	c/5127	HC/Vqq1cp
06P1q	Josh.8.6	לִ/פְנֵי/הֶֽם	l/6440	HR/Ncbpc/Sp3mp
06LYS	Josh.8.7	וְ/אַתֶּ֗ם	c/859 d	HC/Pp2mp
06SKN	Josh.8.7	תָּקֻ֨מוּ֙	6965 b	HVqi2mp
06BbD	Josh.8.7	מֵ/הָ֣/אוֹרֵ֔ב	m/d/693	HR/Td/Vqrmsa
06VEJ	Josh.8.7	וְ/הוֹרַשְׁתֶּ֖ם	c/3423	HC/Vhq2mp
06yhg	Josh.8.7	אֶת	853	HTo
06T7C	Josh.8.7	הָ/עִ֑יר	d/5892 b	HTd/Ncfsa
06smW	Josh.8.7	וּ/נְתָנָ֛/הּ	c/5414	HC/Vqq3ms/Sp3fs
06DB1	Josh.8.7	יְהוָ֥ה	3068	HNp
06Uz3	Josh.8.7	אֱלֹֽהֵי/כֶ֖ם	430	HNcmpc/Sp2mp
067xd	Josh.8.7	בְּ/יֶדְ/כֶֽם	b/3027	HR/Ncbsc/Sp2mp
06We7	Josh.8.8	וְ/הָיָ֞ה	c/1961	HC/Vqq3ms
06ab8	Josh.8.8	כְּ/תָפְשְׂ/כֶ֣ם	k/8610	HR/Vqc/Sp2mp
06umg	Josh.8.8	אֶת	853	HTo
06DQn	Josh.8.8	הָ/עִ֗יר	d/5892 b	HTd/Ncfsa
06Pv1	Josh.8.8	תַּצִּ֤יתוּ	3341	HVhi2mp
06qti	Josh.8.8	אֶת	853	HTo
06y7b	Josh.8.8	הָ/עִיר֙	d/5892 b	HTd/Ncfsa
06mPV	Josh.8.8	בָּ/אֵ֔שׁ	b/784	HRd/Ncbsa
06X7Q	Josh.8.8	כִּ/דְבַ֥ר	k/1697	HR/Ncmsc
06Ls7	Josh.8.8	יְהוָ֖ה	3068	HNp
06pbK	Josh.8.8	תַּעֲשׂ֑וּ	6213 a	HVqi2mp
06bd9	Josh.8.8	רְא֖וּ	7200	HVqv2mp
0666B	Josh.8.8	צִוִּ֥יתִי	6680	HVpp1cs
06UxB	Josh.8.8	אֶתְ/כֶֽם	853	HTo/Sp2mp
06EQ6	Josh.8.9	וַ/יִּשְׁלָחֵ֣/ם	c/7971	HC/Vqw3ms/Sp3mp
06Hsg	Josh.8.9	יְהוֹשֻׁ֗עַ	3091	HNp
06CV5	Josh.8.9	וַ/יֵּֽלְכוּ֙	c/3212	HC/Vqw3mp
06KuH	Josh.8.9	אֶל	413	HR
06174	Josh.8.9	הַ/מַּאְרָ֔ב	d/3993	HTd/Ncmsa
06Nyn	Josh.8.9	וַ/יֵּשְׁב֗וּ	c/3427	HC/Vqw3mp
06L6v	Josh.8.9	בֵּ֧ין	996	HR
06mn4	Josh.8.9	בֵּֽית	1008+	HNp
06Sga	Josh.8.9	אֵ֛ל	1008	HNp
06zPm	Josh.8.9	וּ/בֵ֥ין	c/996	HC/R
06dP1	Josh.8.9	הָ/עַ֖י	d/5857	HTd/Np
06G4w	Josh.8.9	מִ/יָּ֣ם	m/3220	HR/Ncmsa
06bsJ	Josh.8.9	לָ/עָ֑י	l/5857	HR/Np
06WFx	Josh.8.9	וַ/יָּ֧לֶן	c/3885 a	HC/Vqw3ms
06fnp	Josh.8.9	יְהוֹשֻׁ֛עַ	3091	HNp
0631T	Josh.8.9	בַּ/לַּ֥יְלָה	b/3915	HRd/Ncmsa
06CPt	Josh.8.9	הַ/ה֖וּא	d/1931	HTd/Pp3ms
06beX	Josh.8.9	בְּ/ת֥וֹךְ	b/8432	HR/Ncmsc
06RAc	Josh.8.9	הָ/עָֽם	d/5971 a	HTd/Ncmsa
061AV	Josh.8.10	וַ/יַּשְׁכֵּ֤ם	c/7925	HC/Vhw3ms
064TA	Josh.8.10	יְהוֹשֻׁ֨עַ֙	3091	HNp
06Dxr	Josh.8.10	בַּ/בֹּ֔קֶר	b/1242	HRd/Ncmsa
06Xre	Josh.8.10	וַ/יִּפְקֹ֖ד	c/6485 a	HC/Vqw3ms
069xv	Josh.8.10	אֶת	853	HTo
06wci	Josh.8.10	הָ/עָ֑ם	d/5971 a	HTd/Ncmsa
06MpA	Josh.8.10	וַ/יַּ֨עַל	c/5927	HC/Vqw3ms
06Una	Josh.8.10	ה֜וּא	1931	HPp3ms
06jgC	Josh.8.10	וְ/זִקְנֵ֧י	c/2205	HC/Aampc
06EC9	Josh.8.10	יִשְׂרָאֵ֛ל	3478	HNp
06Ati	Josh.8.10	לִ/פְנֵ֥י	l/6440	HR/Ncbpc
06BDF	Josh.8.10	הָ/עָ֖ם	d/5971 a	HTd/Ncmsa
06cw6	Josh.8.10	הָ/עָֽי	d/5857	HTd/Np
06xcg	Josh.8.11	וְ/כָל	c/3605	HC/Ncmsc
063hZ	Josh.8.11	הָ/עָ֨ם	d/5971 a	HTd/Ncmsa
06Gh2	Josh.8.11	הַ/מִּלְחָמָ֜ה	d/4421	HTd/Ncfsa
06tTX	Josh.8.11	אֲשֶׁ֣ר	834 a	HTr
06Khz	Josh.8.11	אִתּ֗/וֹ	854	HR/Sp3ms
06A9P	Josh.8.11	עָלוּ֙	5927	HVqp3cp
06kHE	Josh.8.11	וַֽ/יִּגְּשׁ֔וּ	c/5066	HC/Vqw3mp
063yK	Josh.8.11	וַ/יָּבֹ֖אוּ	c/935	HC/Vqw3mp
068ib	Josh.8.11	נֶ֣גֶד	5048	HR
06cZW	Josh.8.11	הָ/עִ֑יר	d/5892 b	HTd/Ncfsa
06qur	Josh.8.11	וַֽ/יַּחֲנוּ֙	c/2583	HC/Vqw3mp
06kHk	Josh.8.11	מִ/צְּפ֣וֹן	m/6828	HR/Ncfsc
066Dh	Josh.8.11	לָ/עַ֔י	l/5857	HR/Np
06oAs	Josh.8.11	וְ/הַ/גַּ֖י	c/d/1516	HC/Td/Ncbsa
069eG	Josh.8.11	בינ/ו	996	HR/Sp3ms
06PZV	Josh.8.11	בֵּינָ֥י/ו	996	HR/Sp3ms
06GDR	Josh.8.11	וּ/בֵין	c/996	HC/R
0683x	Josh.8.11	הָ/עָֽי	d/5857	HTd/Np
06JGH	Josh.8.12	וַ/יִּקַּ֕ח	c/3947	HC/Vqw3ms
06XV5	Josh.8.12	כַּ/חֲמֵ֥שֶׁת	k/2568	HR/Acmsc
069Xx	Josh.8.12	אֲלָפִ֖ים	505	HAcbpa
06hrb	Josh.8.12	אִ֑ישׁ	376	HNcmsa
061hG	Josh.8.12	וַ/יָּ֨שֶׂם	c/7760 a	HC/Vqw3ms
06qmG	Josh.8.12	אוֹתָ֜/ם	853	HTo/Sp3mp
06VX8	Josh.8.12	אֹרֵ֗ב	693	HVqrmsa
069yf	Josh.8.12	בֵּ֧ין	996	HR
064wk	Josh.8.12	בֵּֽית	1008+	HNp
06wip	Josh.8.12	אֵ֛ל	1008	HNp
06cyY	Josh.8.12	וּ/בֵ֥ין	c/996	HC/R
06vHx	Josh.8.12	הָ/עַ֖י	d/5857	HTd/Np
06FX1	Josh.8.12	מִ/יָּ֥ם	m/3220	HR/Ncmsa
06eb2	Josh.8.12	לָ/עִֽיר	l/5892 b	HRd/Ncfsa
06c6H	Josh.8.13	וַ/יָּשִׂ֨ימוּ	c/7760 a	HC/Vqw3mp
06aZW	Josh.8.13	הָ/עָ֜ם	d/5971 a	HTd/Ncmsa
065aX	Josh.8.13	אֶת	853	HTo
06U87	Josh.8.13	כָּל	3605	HNcmsc
06NqP	Josh.8.13	הַֽ/מַּחֲנֶ֗ה	d/4264	HTd/Ncbsa
06mnj	Josh.8.13	אֲשֶׁר֙	834 a	HTr
063KS	Josh.8.13	מִ/צְּפ֣וֹן	m/6828	HR/Ncfsc
06MZD	Josh.8.13	לָ/עִ֔יר	l/5892 b	HRd/Ncfsa
068qW	Josh.8.13	וְ/אֶת	c/853	HC/To
06FvR	Josh.8.13	עֲקֵב֖/וֹ	6119	HNcmsc/Sp3ms
06G9D	Josh.8.13	מִ/יָּ֣ם	m/3220	HR/Ncmsa
06VL7	Josh.8.13	לָ/עִ֑יר	l/5892 b	HRd/Ncfsa
066Zy	Josh.8.13	וַ/יֵּ֧לֶךְ	c/3212	HC/Vqw3ms
06S9D	Josh.8.13	יְהוֹשֻׁ֛עַ	3091	HNp
06PJd	Josh.8.13	בַּ/לַּ֥יְלָה	b/3915	HRd/Ncmsa
06nWN	Josh.8.13	הַ/ה֖וּא	d/1931	HTd/Pp3ms
06Jus	Josh.8.13	בְּ/ת֥וֹךְ	b/8432	HR/Ncmsc
06WyJ	Josh.8.13	הָ/עֵֽמֶק	d/6010	HTd/Ncmsa
06AS9	Josh.8.14	וַ/יְהִ֞י	c/1961	HC/Vqw3ms
06Kp3	Josh.8.14	כִּ/רְא֣וֹת	k/7200	HR/Vqc
069db	Josh.8.14	מֶֽלֶךְ	4428	HNcmsc
06o7X	Josh.8.14	הָ/עַ֗י	d/5857	HTd/Np
06WoY	Josh.8.14	וַֽ/יְמַהֲר֡וּ	c/4116 a	HC/Vpw3mp
061bu	Josh.8.14	וַ/יַּשְׁכִּ֡ימוּ	c/7925	HC/Vhw3mp
06cWZ	Josh.8.14	וַ/יֵּצְא֣וּ	c/3318	HC/Vqw3mp
06c5u	Josh.8.14	אַנְשֵֽׁי	376	HNcmpc
06LeR	Josh.8.14	הָ/עִ֣יר	d/5892 b	HTd/Ncfsa
06vkF	Josh.8.14	לִ/קְרַֽאת	l/7125	HR/Vqc
06skP	Josh.8.14	יִ֠שְׂרָאֵל	3478	HNp
06MnR	Josh.8.14	לַֽ/מִּלְחָמָ֞ה	l/4421	HRd/Ncfsa
066Ze	Josh.8.14	ה֧וּא	1931	HPp3ms
06oeq	Josh.8.14	וְ/כָל	c/3605	HC/Ncmsc
06XJ4	Josh.8.14	עַמּ֛/וֹ	5971 a	HNcmsc/Sp3ms
06VLE	Josh.8.14	לַ/מּוֹעֵ֖ד	l/4150	HRd/Ncmsa
06RRT	Josh.8.14	לִ/פְנֵ֣י	l/6440	HR/Ncbpc
061WQ	Josh.8.14	הָֽ/עֲרָבָ֑ה	d/6160	HTd/Ncfsa
06GpM	Josh.8.14	וְ/הוּא֙	c/1931	HC/Pp3ms
06sbU	Josh.8.14	לֹ֣א	3808	HTn
06WbS	Josh.8.14	יָדַ֔ע	3045	HVqp3ms
06JSM	Josh.8.14	כִּֽי	3588 a	HC
06LLT	Josh.8.14	אֹרֵ֥ב	693	HVqrmsa
069QD	Josh.8.14	ל֖/וֹ	l	HR/Sp3ms
06Wuu	Josh.8.14	מֵ/אַחֲרֵ֥י	m/310 a	HR/R
06Pyy	Josh.8.14	הָ/עִֽיר	d/5892 b	HTd/Ncfsa
06pqj	Josh.8.15	וַ/יִּנָּֽגְע֛וּ	c/5060	HC/VNw3mp
062yD	Josh.8.15	יְהוֹשֻׁ֥עַ	3091	HNp
06ydy	Josh.8.15	וְ/כָל	c/3605	HC/Ncmsc
06Au7	Josh.8.15	יִשְׂרָאֵ֖ל	3478	HNp
06GwZ	Josh.8.15	לִ/פְנֵי/הֶ֑ם	l/6440	HR/Ncbpc/Sp3mp
06dXD	Josh.8.15	וַ/יָּנֻ֖סוּ	c/5127	HC/Vqw3mp
063Wn	Josh.8.15	דֶּ֥רֶךְ	1870	HNcbsc
066dK	Josh.8.15	הַ/מִּדְבָּֽר	d/4057 b	HTd/Ncmsa
06sKp	Josh.8.16	וַ/יִּזָּעֲק֗וּ	c/2199	HC/VNw3mp
06icY	Josh.8.16	כָּל	3605	HNcmsc
06bVT	Josh.8.16	הָ/עָם֙	d/5971 a	HTd/Ncmsa
06Vdb	Josh.8.16	אֲשֶׁ֣ר	834 a	HTr
06GEn	Josh.8.16	ב/עיר	b/5892 b	HRd/Ncfsa
06JcF	Josh.8.16	בָּ/עַ֔י	b/5857	HR/Np
06GWd	Josh.8.16	לִ/רְדֹּ֖ף	l/7291	HR/Vqc
06S7b	Josh.8.16	אַחֲרֵי/הֶ֑ם	310 a	HR/Sp3mp
06FMA	Josh.8.16	וַֽ/יִּרְדְּפוּ֙	c/7291	HC/Vqw3mp
067jb	Josh.8.16	אַחֲרֵ֣י	310 a	HR
06acY	Josh.8.16	יְהוֹשֻׁ֔עַ	3091	HNp
06kuq	Josh.8.16	וַ/יִּנָּתְק֖וּ	c/5423	HC/VNw3mp
0676D	Josh.8.16	מִן	4480 a	HR
06sYV	Josh.8.16	הָ/עִֽיר	d/5892 b	HTd/Ncfsa
06fgo	Josh.8.17	וְ/לֹֽא	c/3808	HC/Tn
06C3i	Josh.8.17	נִשְׁאַ֣ר	7604	HVNp3ms
06K31	Josh.8.17	אִ֗ישׁ	376	HNcmsa
06Mxg	Josh.8.17	בָּ/עַי֙	b/5857	HRd/Np
06UVY	Josh.8.17	וּ/בֵ֣ית	c/1008+	HC/Np
06ive	Josh.8.17	אֵ֔ל	1008	HNp
06m9N	Josh.8.17	אֲשֶׁ֥ר	834 a	HTr
06Gyf	Josh.8.17	לֹֽא	3808	HTn
06j6U	Josh.8.17	יָצְא֖וּ	3318	HVqp3cp
06T8G	Josh.8.17	אַחֲרֵ֣י	310 a	HR
06h69	Josh.8.17	יִשְׂרָאֵ֑ל	3478	HNp
06Hpm	Josh.8.17	וַ/יַּעַזְב֤וּ	c/5800 a	HC/Vqw3mp
06U2e	Josh.8.17	אֶת	853	HTo
06UaK	Josh.8.17	הָ/עִיר֙	d/5892 b	HTd/Ncfsa
06FLe	Josh.8.17	פְּתוּחָ֔ה	6605 a	HVqsfsa
06TjF	Josh.8.17	וַֽ/יִּרְדְּפ֖וּ	c/7291	HC/Vqw3mp
06tFS	Josh.8.17	אַחֲרֵ֥י	310 a	HR
06wv4	Josh.8.17	יִשְׂרָאֵֽל	3478	HNp
061QE	Josh.8.18	וַ/יֹּ֨אמֶר	c/559	HC/Vqw3ms
06HFk	Josh.8.18	יְהוָ֜ה	3068	HNp
06bMt	Josh.8.18	אֶל	413	HR
06fjp	Josh.8.18	יְהוֹשֻׁ֗עַ	3091	HNp
06hSe	Josh.8.18	נְ֠טֵה	5186	HVqv2ms
06JDi	Josh.8.18	בַּ/כִּיד֤וֹן	b/3591	HRd/Ncmsa
06pLR	Josh.8.18	אֲשֶׁר	834 a	HTr
06UUk	Josh.8.18	בְּ/יָֽדְ/ךָ֙	b/3027	HR/Ncbsc/Sp2ms
06FGD	Josh.8.18	אֶל	413	HR
06cjX	Josh.8.18	הָ/עַ֔י	d/5857	HTd/Np
06BD2	Josh.8.18	כִּ֥י	3588 a	HC
06fQf	Josh.8.18	בְ/יָדְ/ךָ֖	b/3027	HR/Ncbsc/Sp2ms
06cFY	Josh.8.18	אֶתְּנֶ֑/נָּה	5414	HVqi1cs/Sp3fs
06czF	Josh.8.18	וַ/יֵּ֧ט	c/5186	HC/Vqw3ms
06BK6	Josh.8.18	יְהוֹשֻׁ֛עַ	3091	HNp
06drG	Josh.8.18	בַּ/כִּיד֥וֹן	b/3591	HRd/Ncmsa
06tUv	Josh.8.18	אֲשֶׁר	834 a	HTr
06VQ4	Josh.8.18	בְּ/יָד֖/וֹ	b/3027	HR/Ncbsc/Sp3ms
06S5J	Josh.8.18	אֶל	413	HR
06bwb	Josh.8.18	הָ/עִֽיר	d/5892 b	HTd/Ncfsa
06gNm	Josh.8.19	וְ/הָ/אוֹרֵ֡ב	c/d/693	HC/Td/Vqrmsa
06ZtA	Josh.8.19	קָם֩	6965 b	HVqp3ms
06u1F	Josh.8.19	מְהֵרָ֨ה	4120	HNcfsa
06agt	Josh.8.19	מִ/מְּקוֹמ֤/וֹ	m/4725	HR/Ncmsc/Sp3ms
06csz	Josh.8.19	וַ/יָּר֨וּצוּ֙	c/7323	HC/Vqw3mp
06wNM	Josh.8.19	כִּ/נְט֣וֹת	k/5186	HR/Vqc
06rRN	Josh.8.19	יָד֔/וֹ	3027	HNcbsc/Sp3ms
06Ade	Josh.8.19	וַ/יָּבֹ֥אוּ	c/935	HC/Vqw3mp
06KH4	Josh.8.19	הָ/עִ֖יר	d/5892 b	HTd/Ncfsa
06kAt	Josh.8.19	וַֽ/יִּלְכְּד֑וּ/הָ	c/3920	HC/Vqw3mp/Sp3fs
06JGi	Josh.8.19	וַֽ/יְמַהֲר֔וּ	c/4116 a	HC/Vpw3mp
06KWf	Josh.8.19	וַ/יַּצִּ֥יתוּ	c/3341	HC/Vhw3mp
06mD6	Josh.8.19	אֶת	853	HTo
06xhB	Josh.8.19	הָ/עִ֖יר	d/5892 b	HTd/Ncfsa
0675Z	Josh.8.19	בָּ/אֵֽשׁ	b/784	HRd/Ncbsa
06vHP	Josh.8.20	וַ/יִּפְנ֣וּ	c/6437	HC/Vqw3mp
06CmX	Josh.8.20	אַנְשֵׁי֩	376	HNcmpc
06rpF	Josh.8.20	הָ/עַ֨י	d/5857	HTd/Np
0617V	Josh.8.20	אַחֲרֵי/הֶ֜ם	310 a	HR/Sp3mp
06qbi	Josh.8.20	וַ/יִּרְא֗וּ	c/7200	HC/Vqw3mp
06WH5	Josh.8.20	וְ/הִנֵּ֨ה	c/2009	HC/Tm
06Wu9	Josh.8.20	עָלָ֜ה	5927	HVqp3ms
06Wfj	Josh.8.20	עֲשַׁ֤ן	6227	HNcmsc
06MRr	Josh.8.20	הָ/עִיר֙	d/5892 b	HTd/Ncfsa
06d46	Josh.8.20	הַ/שָּׁמַ֔יְמָ/ה	d/8064	HTd/Ncmpa/Sd
06vGY	Josh.8.20	וְ/לֹא	c/3808	HC/Tn
06MDm	Josh.8.20	הָיָ֨ה	1961	HVqp3ms
06dCq	Josh.8.20	בָ/הֶ֥ם	b	HR/Sp3mp
06cAA	Josh.8.20	יָדַ֛יִם	3027	HNcbda
06UYM	Josh.8.20	לָ/נ֖וּס	l/5127	HR/Vqc
06NZQ	Josh.8.20	הֵ֣נָּה	2008	HD
06afe	Josh.8.20	וָ/הֵ֑נָּה	c/2008	HC/D
06jFT	Josh.8.20	וְ/הָ/עָם֙	c/d/5971 a	HC/Td/Ncmsa
06VEv	Josh.8.20	הַ/נָּ֣ס	d/5127	HTd/Vqrmsa
06dWK	Josh.8.20	הַ/מִּדְבָּ֔ר	d/4057 b	HTd/Ncmsa
06MeB	Josh.8.20	נֶהְפַּ֖ךְ	2015	HVNp3ms
06kAx	Josh.8.20	אֶל	413	HR
06cC6	Josh.8.20	הָ/רוֹדֵֽף	d/7291	HTd/Vqrmsa
06AoQ	Josh.8.21	וִ/יהוֹשֻׁ֨עַ	c/3091	HC/Np
06TQ4	Josh.8.21	וְ/כָֽל	c/3605	HC/Ncmsc
06pM2	Josh.8.21	יִשְׂרָאֵ֜ל	3478	HNp
06fTE	Josh.8.21	רָא֗וּ	7200	HVqp3cp
06BxX	Josh.8.21	כִּֽי	3588 a	HC
063b7	Josh.8.21	לָכַ֤ד	3920	HVqp3ms
0662B	Josh.8.21	הָֽ/אֹרֵב֙	d/693	HTd/Vqrmsa
06MnE	Josh.8.21	אֶת	853	HTo
065dP	Josh.8.21	הָ/עִ֔יר	d/5892 b	HTd/Ncfsa
06sJH	Josh.8.21	וְ/כִ֥י	c/3588 a	HC/C
06Wke	Josh.8.21	עָלָ֖ה	5927	HVqp3ms
068Vg	Josh.8.21	עֲשַׁ֣ן	6227	HNcmsc
06NwX	Josh.8.21	הָ/עִ֑יר	d/5892 b	HTd/Ncfsa
06VVb	Josh.8.21	וַ/יָּשֻׁ֕בוּ	c/7725	HC/Vqw3mp
06BJi	Josh.8.21	וַ/יַּכּ֖וּ	c/5221	HC/Vhw3mp
06dp9	Josh.8.21	אֶת	853	HTo
06ERi	Josh.8.21	אַנְשֵׁ֥י	376	HNcmpc
06riL	Josh.8.21	הָ/עָֽי	d/5857	HTd/Np
06qeW	Josh.8.22	וְ/אֵ֨לֶּה	c/428	HC/Pdxcp
062Cm	Josh.8.22	יָצְא֤וּ	3318	HVqp3cp
06juK	Josh.8.22	מִן	4480 a	HR
06CyD	Josh.8.22	הָ/עִיר֙	d/5892 b	HTd/Ncfsa
06CuU	Josh.8.22	לִ/קְרָאתָ֔/ם	l/7125	HR/Vqc/Sp3mp
06fge	Josh.8.22	וַ/יִּֽהְי֤וּ	c/1961	HC/Vqw3mp
066Q1	Josh.8.22	לְ/יִשְׂרָאֵל֙	l/3478	HR/Np
06zHR	Josh.8.22	בַּ/תָּ֔וֶךְ	b/8432	HRd/Ncmsa
06tip	Josh.8.22	אֵ֥לֶּה	428	HPdxcp
06KkZ	Josh.8.22	מִ/זֶּ֖ה	m/2088	HR/Pdxms
06hTx	Josh.8.22	וְ/אֵ֣לֶּה	c/428	HC/Pdxcp
06ZqW	Josh.8.22	מִ/זֶּ֑ה	m/2088	HR/Pdxms
06kWc	Josh.8.22	וַ/יַּכּ֣וּ	c/5221	HC/Vhw3mp
06gXQ	Josh.8.22	אוֹתָ֔/ם	853	HTo/Sp3mp
06qr9	Josh.8.22	עַד	5704	HR
06TFW	Josh.8.22	בִּלְתִּ֥י	1115	HC
062cg	Josh.8.22	הִשְׁאִֽיר	7604	HVhp3ms
06G6q	Josh.8.22	ל֖/וֹ	l	HR/Sp3ms
06E2j	Josh.8.22	שָׂרִ֥יד	8300	HNcmsa
06tXV	Josh.8.22	וּ/פָלִֽיט	c/6412 a	HC/Ncmsa
067Ee	Josh.8.23	וְ/אֶת	c/853	HC/To
064LF	Josh.8.23	מֶ֥לֶךְ	4428	HNcmsc
068Ur	Josh.8.23	הָ/עַ֖י	d/5857	HTd/Np
06UB3	Josh.8.23	תָּ֣פְשׂוּ	8610	HVqp3cp
065iK	Josh.8.23	חָ֑י	2416 a	HAamsa
06Der	Josh.8.23	וַ/יַּקְרִ֥בוּ	c/7126	HC/Vhw3mp
06e1m	Josh.8.23	אֹת֖/וֹ	853	HTo/Sp3ms
06JA6	Josh.8.23	אֶל	413	HR
06ZJi	Josh.8.23	יְהוֹשֻֽׁעַ	3091	HNp
06gKV	Josh.8.24	וַ/יְהִ֣י	c/1961	HC/Vqw3ms
064qd	Josh.8.24	כְּ/כַלּ֣וֹת	k/3615	HR/Vpc
06LEv	Josh.8.24	יִשְׂרָאֵ֡ל	3478	HNp
06N84	Josh.8.24	לַ/הֲרֹג֩	l/2026	HR/Vqc
06rBZ	Josh.8.24	אֶת	853	HTo
06uki	Josh.8.24	כָּל	3605	HNcmsc
06uaL	Josh.8.24	יֹשְׁבֵ֨י	3427	HVqrmpc
067ay	Josh.8.24	הָ/עַ֜י	d/5857	HTd/Np
06VmT	Josh.8.24	בַּ/שָּׂדֶ֗ה	b/7704 b	HRd/Ncmsa
06f8e	Josh.8.24	בַּ/מִּדְבָּר֙	b/4057 b	HRd/Ncmsa
06rZF	Josh.8.24	אֲשֶׁ֣ר	834 a	HTr
06HRi	Josh.8.24	רְדָפ֣וּ/ם	7291	HVqp3cp/Sp3mp
06cpy	Josh.8.24	בּ֔/וֹ	b	HR/Sp3ms
06N1Q	Josh.8.24	וַֽ/יִּפְּל֥וּ	c/5307	HC/Vqw3mp
06g1a	Josh.8.24	כֻלָּ֛/ם	3605	HNcmsc/Sp3mp
06sKY	Josh.8.24	לְ/פִי	l/6310	HR/Ncmsc
06CQw	Josh.8.24	חֶ֖רֶב	2719	HNcfsa
06C3C	Josh.8.24	עַד	5704	HR
06bgL	Josh.8.24	תֻּמָּ֑/ם	8552	HVqc/Sp3mp
06NPP	Josh.8.24	וַ/יָּשֻׁ֤בוּ	c/7725	HC/Vqw3mp
06son	Josh.8.24	כָל	3605	HNcmsc
06g5s	Josh.8.24	יִשְׂרָאֵל֙	3478	HNp
06xyw	Josh.8.24	הָ/עַ֔י	d/5857	HTd/Np
06UeH	Josh.8.24	וַ/יַּכּ֥וּ	c/5221	HC/Vhw3mp
06LdR	Josh.8.24	אֹתָ֖/הּ	853	HTo/Sp3fs
06LmR	Josh.8.24	לְ/פִי	l/6310	HR/Ncmsc
06NJs	Josh.8.24	חָֽרֶב	2719	HNcfsa
06AjX	Josh.8.25	וַ/יְהִי֩	c/1961	HC/Vqw3ms
064wq	Josh.8.25	כָל	3605	HNcmsc
06Xv2	Josh.8.25	הַ/נֹּ֨פְלִ֜ים	d/5307	HTd/Vqrmpa
06sVg	Josh.8.25	בַּ/יּ֤וֹם	b/3117	HRd/Ncmsa
06qDj	Josh.8.25	הַ/הוּא֙	d/1931	HTd/Pp3ms
06A47	Josh.8.25	מֵ/אִ֣ישׁ	m/376	HR/Ncmsa
06zoe	Josh.8.25	וְ/עַד	c/5704	HC/R
06hNP	Josh.8.25	אִשָּׁ֔ה	802	HNcfsa
06vwy	Josh.8.25	שְׁנֵ֥ים	8147	HAcmda
06grp	Josh.8.25	עָשָׂ֖ר	6240	HAcmsa
0662m	Josh.8.25	אָ֑לֶף	505	HAcbsa
063iU	Josh.8.25	כֹּ֖ל	3605	HNcmsc
06VM7	Josh.8.25	אַנְשֵׁ֥י	376	HNcmpc
06MLL	Josh.8.25	הָ/עָֽי	d/5857	HTd/Np
064Gd	Josh.8.26	וִ/יהוֹשֻׁ֨עַ֙	c/3091	HC/Np
06KJT	Josh.8.26	לֹֽא	3808	HTn
06usd	Josh.8.26	הֵשִׁ֣יב	7725	HVhp3ms
061WV	Josh.8.26	יָד֔/וֹ	3027	HNcbsc/Sp3ms
06BBr	Josh.8.26	אֲשֶׁ֥ר	834 a	HTr
06mUf	Josh.8.26	נָטָ֖ה	5186	HVqp3ms
06KL5	Josh.8.26	בַּ/כִּיד֑וֹן	b/3591	HRd/Ncmsa
06ry1	Josh.8.26	עַ֚ד	5704	HR
06C5C	Josh.8.26	אֲשֶׁ֣ר	834 a	HTr
06hY2	Josh.8.26	הֶחֱרִ֔ים	2763 a	HVhp3ms
06dNn	Josh.8.26	אֵ֖ת	853	HTo
06T9N	Josh.8.26	כָּל	3605	HNcmsc
06Fig	Josh.8.26	יֹשְׁבֵ֥י	3427	HVqrmpc
06h9t	Josh.8.26	הָ/עָֽי	d/5857	HTd/Np
066vs	Josh.8.27	רַ֣ק	7535	HTa
06Neq	Josh.8.27	הַ/בְּהֵמָ֗ה	d/929	HTd/Ncfsa
06ESF	Josh.8.27	וּ/שְׁלַל֙	c/7998	HC/Ncmsc
064Rb	Josh.8.27	הָ/עִ֣יר	d/5892 b	HTd/Ncfsa
06f3R	Josh.8.27	הַ/הִ֔יא	d/1931	HTd/Pp3fs
06eYe	Josh.8.27	בָּזְז֥וּ	962	HVqp3cp
06tse	Josh.8.27	לָ/הֶ֖ם	l	HR/Sp3mp
06T7X	Josh.8.27	יִשְׂרָאֵ֑ל	3478	HNp
06Ao9	Josh.8.27	כִּ/דְבַ֣ר	k/1697	HR/Ncmsc
06dNk	Josh.8.27	יְהוָ֔ה	3068	HNp
066Vu	Josh.8.27	אֲשֶׁ֥ר	834 a	HTr
06UqP	Josh.8.27	צִוָּ֖ה	6680	HVpp3ms
06y9h	Josh.8.27	אֶת	853	HTo
061wY	Josh.8.27	יְהוֹשֻֽׁעַ	3091	HNp
06eab	Josh.8.28	וַ/יִּשְׂרֹ֥ף	c/8313	HC/Vqw3ms
06woG	Josh.8.28	יְהוֹשֻׁ֖עַ	3091	HNp
069sB	Josh.8.28	אֶת	853	HTo
06Sgi	Josh.8.28	הָ/עָ֑י	d/5857	HTd/Np
06CEB	Josh.8.28	וַ/יְשִׂימֶ֤/הָ	c/7760 a	HC/Vqw3ms/Sp3fs
062MH	Josh.8.28	תֵּל	8510	HNcmsc
06mz9	Josh.8.28	עוֹלָם֙	5769	HNcmsa
06HHZ	Josh.8.28	שְׁמָמָ֔ה	8077 a	HNcfsa
06JA2	Josh.8.28	עַ֖ד	5704	HR
06Scx	Josh.8.28	הַ/יּ֥וֹם	d/3117	HTd/Ncmsa
06gFo	Josh.8.28	הַ/זֶּֽה	d/2088	HTd/Pdxms
066MJ	Josh.8.29	וְ/אֶת	c/853	HC/To
06ybQ	Josh.8.29	מֶ֧לֶךְ	4428	HNcmsc
0646t	Josh.8.29	הָ/עַ֛י	d/5857	HTd/Np
06vWK	Josh.8.29	תָּלָ֥ה	8518	HVqp3ms
06B91	Josh.8.29	עַל	5921 a	HR
06GeY	Josh.8.29	הָ/עֵ֖ץ	d/6086	HTd/Ncmsa
06WDj	Josh.8.29	עַד	5704	HR
06HnC	Josh.8.29	עֵ֣ת	6256	HNcbsc
06y8y	Josh.8.29	הָ/עָ֑רֶב	d/6153	HTd/Ncmsa
06b5P	Josh.8.29	וּ/כְ/ב֣וֹא	c/k/935	HC/R/Vqc
06adv	Josh.8.29	הַ/שֶּׁמֶשׁ֩	d/8121	HTd/Ncbsa
06tpc	Josh.8.29	צִוָּ֨ה	6680	HVpp3ms
069g8	Josh.8.29	יְהוֹשֻׁ֜עַ	3091	HNp
06ud1	Josh.8.29	וַ/יֹּרִ֧ידוּ	c/3381	HC/Vhw3mp
06ZMC	Josh.8.29	אֶת	853	HTo
06EHt	Josh.8.29	נִבְלָת֣/וֹ	5038	HNcfsc/Sp3ms
06YsZ	Josh.8.29	מִן	4480 a	HR
066p4	Josh.8.29	הָ/עֵ֗ץ	d/6086	HTd/Ncmsa
063FP	Josh.8.29	וַ/יַּשְׁלִ֤יכוּ	c/7993	HC/Vhw3mp
06GfA	Josh.8.29	אוֹתָ/הּ֙	853	HTo/Sp3fs
06eA1	Josh.8.29	אֶל	413	HR
06cQD	Josh.8.29	פֶּ֨תַח֙	6607	HNcmsc
06RMQ	Josh.8.29	שַׁ֣עַר	8179	HNcmsc
06WdN	Josh.8.29	הָ/עִ֔יר	d/5892 b	HTd/Ncfsa
06jG1	Josh.8.29	וַ/יָּקִ֤ימוּ	c/6965 b	HC/Vhw3mp
0685m	Josh.8.29	עָלָי/ו֙	5921 a	HR/Sp3ms
06iMR	Josh.8.29	גַּל	1530	HNcmsc
063NL	Josh.8.29	אֲבָנִ֣ים	68	HNcfpa
06YEU	Josh.8.29	גָּד֔וֹל	1419 a	HAamsa
06Cch	Josh.8.29	עַ֖ד	5704	HR
06gkB	Josh.8.29	הַ/יּ֥וֹם	d/3117	HTd/Ncmsa
06Kpe	Josh.8.29	הַ/זֶּֽה	d/2088	HTd/Pdxms
067Zk	Josh.8.30	אָ֣ז	227 a	HD
06Ajz	Josh.8.30	יִבְנֶ֤ה	1129	HVqi3ms
06UQk	Josh.8.30	יְהוֹשֻׁ֨עַ֙	3091	HNp
06tfV	Josh.8.30	מִזְבֵּ֔חַ	4196	HNcmsa
0643s	Josh.8.30	לַֽ/יהוָ֖ה	l/3068	HR/Np
06Ghn	Josh.8.30	אֱלֹהֵ֣י	430	HNcmpc
06ZYn	Josh.8.30	יִשְׂרָאֵ֑ל	3478	HNp
069F4	Josh.8.30	בְּ/הַ֖ר	b/2022	HR/Ncmsc
0662h	Josh.8.30	עֵיבָֽל	5858 c	HNp
06huk	Josh.8.31	כַּ/אֲשֶׁ֣ר	k/834 d	HR/Tr
06UDk	Josh.8.31	צִוָּה֩	6680	HVpp3ms
06QuN	Josh.8.31	מֹשֶׁ֨ה	4872	HNp
06VQo	Josh.8.31	עֶֽבֶד	5650	HNcmsc
067dP	Josh.8.31	יְהוָ֜ה	3068	HNp
06CUv	Josh.8.31	אֶת	853	HTo
06JqX	Josh.8.31	בְּנֵ֣י	1121 a	HNcmpc
06iVc	Josh.8.31	יִשְׂרָאֵ֗ל	3478	HNp
06z3B	Josh.8.31	כַּ/כָּתוּב֙	k/3789	HRd/Vqsmsa
06GFA	Josh.8.31	בְּ/סֵ֨פֶר֙	b/5612 a	HR/Ncmsc
06Wq6	Josh.8.31	תּוֹרַ֣ת	8451	HNcfsc
06hEi	Josh.8.31	מֹשֶׁ֔ה	4872	HNp
06NJx	Josh.8.31	מִזְבַּח֙	4196	HNcmsc
06YXv	Josh.8.31	אֲבָנִ֣ים	68	HNcfpa
06dTc	Josh.8.31	שְׁלֵמ֔וֹת	8003	HAafpa
063yW	Josh.8.31	אֲשֶׁ֛ר	834 a	HTr
061Xj	Josh.8.31	לֹֽא	3808	HTn
06gCC	Josh.8.31	הֵנִ֥יף	5130 b	HVhp3ms
06nPn	Josh.8.31	עֲלֵי/הֶ֖ן	5921 a	HR/Sp3fp
06men	Josh.8.31	בַּרְזֶ֑ל	1270	HNcmsa
06Uos	Josh.8.31	וַ/יַּעֲל֨וּ	c/5927	HC/Vhw3mp
06gzF	Josh.8.31	עָלָ֤י/ו	5921 a	HR/Sp3ms
06z6v	Josh.8.31	עֹלוֹת֙	5930 a	HNcfpa
06o1v	Josh.8.31	לַֽ/יהוָ֔ה	l/3068	HR/Np
068kX	Josh.8.31	וַֽ/יִּזְבְּח֖וּ	c/2076	HC/Vqw3mp
06VLR	Josh.8.31	שְׁלָמִֽים	8002	HNcmpa
06PN4	Josh.8.32	וַ/יִּכְתָּב	c/3789	HC/Vqw3ms
06T6a	Josh.8.32	שָׁ֖ם	8033	HD
06ywW	Josh.8.32	עַל	5921 a	HR
06aNz	Josh.8.32	הָ/אֲבָנִ֑ים	d/68	HTd/Ncfpa
06f9a	Josh.8.32	אֵ֗ת	853	HTo
0665i	Josh.8.32	מִשְׁנֵה֙	4932	HNcmsc
06fh4	Josh.8.32	תּוֹרַ֣ת	8451	HNcfsc
06Zxj	Josh.8.32	מֹשֶׁ֔ה	4872	HNp
06byd	Josh.8.32	אֲשֶׁ֣ר	834 a	HTr
064Ma	Josh.8.32	כָּתַ֔ב	3789	HVqp3ms
06gyw	Josh.8.32	לִ/פְנֵ֖י	l/6440	HR/Ncbpc
06M2C	Josh.8.32	בְּנֵ֥י	1121 a	HNcmpc
06CL8	Josh.8.32	יִשְׂרָאֵֽל	3478	HNp
06uZX	Josh.8.33	וְ/כָל	c/3605	HC/Ncmsc
06NYw	Josh.8.33	יִשְׂרָאֵ֡ל	3478	HNp
06NKz	Josh.8.33	וּ/זְקֵנָ֡י/ו	c/2205	HC/Aampc/Sp3ms
06V99	Josh.8.33	וְ/שֹׁטְרִ֣ים	c/7860	HC/Vqrmpa
06o3Y	Josh.8.33	וְ/שֹׁפְטָ֡י/ו	c/8199	HC/Vqrmpc/Sp3ms
06n3z	Josh.8.33	עֹמְדִ֣ים	5975	HVqrmpa
06hkq	Josh.8.33	מִ/זֶּ֣ה	m/2088	HR/Pdxms
06vp6	Josh.8.33	וּ/מִ/זֶּ֣ה	c/m/2088	HC/R/Pdxms
06NvP	Josh.8.33	לָ/אָר֡וֹן	l/727	HRd/Ncbsa
06ciJ	Josh.8.33	נֶגֶד֩	5048	HR
065L4	Josh.8.33	הַ/כֹּהֲנִ֨ים	d/3548	HTd/Ncmpa
06i2j	Josh.8.33	הַ/לְוִיִּ֜ם	d/3881	HTd/Ngmpa
06YPx	Josh.8.33	נֹשְׂאֵ֣י	5375	HVqrmpc
06FHp	Josh.8.33	אֲר֣וֹן	727	HNcbsc
06AKQ	Josh.8.33	בְּרִית	1285	HNcfsc
06c7n	Josh.8.33	יְהוָ֗ה	3068	HNp
06qqw	Josh.8.33	כַּ/גֵּר֙	k/1616	HRd/Ncmsa
06tnE	Josh.8.33	כָּֽ/אֶזְרָ֔ח	k/249	HRd/Ncmsa
06M4D	Josh.8.33	חֶצְי/וֹ֙	2677	HNcmsc/Sp3ms
06kz5	Josh.8.33	אֶל	413	HR
061Pz	Josh.8.33	מ֣וּל	4136	HR
06fz6	Josh.8.33	הַר	2022	HNcmsc
06EX2	Josh.8.33	גְּרִזִ֔ים	1630	HNp
06j2V	Josh.8.33	וְ/הַֽ/חֶצְי֖/וֹ	c/d/2677	HC/Td/Ncmsc/Sp3ms
069Bj	Josh.8.33	אֶל	413	HR
064gZ	Josh.8.33	מ֣וּל	4136	HR
06Zbw	Josh.8.33	הַר	2022	HNcmsc
06dMH	Josh.8.33	עֵיבָ֑ל	5858 c	HNp
06agv	Josh.8.33	כַּ/אֲשֶׁ֨ר	k/834 d	HR/Tr
06n4g	Josh.8.33	צִוָּ֜ה	6680	HVpp3ms
06JoF	Josh.8.33	מֹשֶׁ֣ה	4872	HNp
06f82	Josh.8.33	עֶֽבֶד	5650	HNcmsc
06YnB	Josh.8.33	יְהוָ֗ה	3068	HNp
06wpu	Josh.8.33	לְ/בָרֵ֛ךְ	l/1288	HR/Vpc
06E97	Josh.8.33	אֶת	853	HTo
069vy	Josh.8.33	הָ/עָ֥ם	d/5971 a	HTd/Ncmsa
06q1D	Josh.8.33	יִשְׂרָאֵ֖ל	3478	HNp
06RyE	Josh.8.33	בָּ/רִאשֹׁנָֽה	b/7223	HRd/Aafsa
06iBM	Josh.8.34	וְ/אַֽחֲרֵי	c/310 a	HC/R
06HhJ	Josh.8.34	כֵ֗ן	3651 c	HD
06H6z	Josh.8.34	קָרָא֙	7121	HVqp3ms
06UDW	Josh.8.34	אֶת	853	HTo
06TRf	Josh.8.34	כָּל	3605	HNcmsc
06LcF	Josh.8.34	דִּבְרֵ֣י	1697	HNcmpc
06xJK	Josh.8.34	הַ/תּוֹרָ֔ה	d/8451	HTd/Ncfsa
06kBm	Josh.8.34	הַ/בְּרָכָ֖ה	d/1293	HTd/Ncfsa
06yGN	Josh.8.34	וְ/הַ/קְּלָלָ֑ה	c/d/7045	HC/Td/Ncfsa
06GMF	Josh.8.34	כְּ/כָל	k/3605	HR/Ncmsc
06CG8	Josh.8.34	הַ/כָּת֖וּב	d/3789	HTd/Vqsmsa
063jX	Josh.8.34	בְּ/סֵ֥פֶר	b/5612 a	HR/Ncmsc
06DX8	Josh.8.34	הַ/תּוֹרָֽה	d/8451	HTd/Ncfsa
06yZK	Josh.8.35	לֹֽא	3808	HTn
06Ps4	Josh.8.35	הָיָ֣ה	1961	HVqp3ms
06jCy	Josh.8.35	דָבָ֔ר	1697	HNcmsa
06gAT	Josh.8.35	מִ/כֹּ֖ל	m/3605	HR/Ncmsa
06Lva	Josh.8.35	אֲשֶׁר	834 a	HTr
06sCe	Josh.8.35	צִוָּ֣ה	6680	HVpp3ms
06tYs	Josh.8.35	מֹשֶׁ֑ה	4872	HNp
06SFu	Josh.8.35	אֲשֶׁ֨ר	834 a	HTr
06TPm	Josh.8.35	לֹֽא	3808	HTn
06VnF	Josh.8.35	קָרָ֜א	7121	HVqp3ms
06mUe	Josh.8.35	יְהוֹשֻׁ֗עַ	3091	HNp
06EBm	Josh.8.35	נֶ֣גֶד	5048	HR
06xzw	Josh.8.35	כָּל	3605	HNcmsc
06Mj5	Josh.8.35	קְהַ֤ל	6951	HNcmsc
06JHF	Josh.8.35	יִשְׂרָאֵל֙	3478	HNp
066fJ	Josh.8.35	וְ/הַ/נָּשִׁ֣ים	c/d/802	HC/Td/Ncfpa
06TPR	Josh.8.35	וְ/הַ/טַּ֔ף	c/d/2945	HC/Td/Ncmsa
06N8B	Josh.8.35	וְ/הַ/גֵּ֖ר	c/d/1616	HC/Td/Ncmsa
06LP1	Josh.8.35	הַ/הֹלֵ֥ךְ	d/1980	HTd/Vqrmsa
06T1d	Josh.8.35	בְּ/קִרְבָּֽ/ם	b/7130	HR/Ncmsc/Sp3mp
06i6M	Josh.9.1	וַ/יְהִ֣י	c/1961	HC/Vqw3ms
06YXc	Josh.9.1	כִ/שְׁמֹ֣עַ	k/8085	HR/Vqc
06feJ	Josh.9.1	כָּֽל	3605	HNcmsc
062oS	Josh.9.1	הַ/מְּלָכִ֡ים	d/4428	HTd/Ncmpa
06iQ7	Josh.9.1	אֲשֶׁר֩	834 a	HTr
06etD	Josh.9.1	בְּ/עֵ֨בֶר	b/5676	HR/Ncmsc
06AJ9	Josh.9.1	הַ/יַּרְדֵּ֜ן	d/3383	HTd/Np
06Y2o	Josh.9.1	בָּ/הָ֣ר	b/2022	HRd/Ncmsa
06zZV	Josh.9.1	וּ/בַ/שְּׁפֵלָ֗ה	c/b/8219	HC/Rd/Ncfsa
06Mcm	Josh.9.1	וּ/בְ/כֹל֙	c/b/3605	HC/R/Ncmsc
06NSu	Josh.9.1	ח֚וֹף	2348	HNcmsc
06KVb	Josh.9.1	הַ/יָּ֣ם	d/3220	HTd/Ncmsa
06KEV	Josh.9.1	הַ/גָּד֔וֹל	d/1419 a	HTd/Aamsa
061pu	Josh.9.1	אֶל	413	HR
06fNB	Josh.9.1	מ֖וּל	4136	HR
06uQ9	Josh.9.1	הַ/לְּבָנ֑וֹן	d/3844	HTd/Np
06SCW	Josh.9.1	הַֽ/חִתִּי֙	d/2850	HTd/Ngmsa
067iT	Josh.9.1	וְ/הָ֣/אֱמֹרִ֔י	c/d/567	HC/Td/Ngmsa
06aZB	Josh.9.1	הַֽ/כְּנַעֲנִי֙	d/3669 a	HTd/Ngmsa
06Jjb	Josh.9.1	הַ/פְּרִזִּ֔י	d/6522	HTd/Ngmsa
06DZq	Josh.9.1	הַ/חִוִּ֖י	d/2340	HTd/Ngmsa
06iNw	Josh.9.1	וְ/הַ/יְבוּסִֽי	c/d/2983	HC/Td/Ngmsa
06edn	Josh.9.2	וַ/יִּֽתְקַבְּצ֣וּ	c/6908	HC/Vtw3mp
068b9	Josh.9.2	יַחְדָּ֔ו	3162 b	HD
062Bh	Josh.9.2	לְ/הִלָּחֵ֥ם	l/3898 a	HR/VNc
065eC	Josh.9.2	עִם	5973 a	HR
0644r	Josh.9.2	יְהוֹשֻׁ֖עַ	3091	HNp
065CX	Josh.9.2	וְ/עִם	c/5973 a	HC/R
06pdB	Josh.9.2	יִשְׂרָאֵ֑ל	3478	HNp
06NS8	Josh.9.2	פֶּ֖ה	6310	HNcmsa
067ET	Josh.9.2	אֶחָֽד	259	HAcmsa
064Jq	Josh.9.3	וְ/יֹשְׁבֵ֨י	c/3427	HC/Vqrmpc
06hA6	Josh.9.3	גִבְע֜וֹן	1391	HNp
06Lzj	Josh.9.3	שָׁמְע֗וּ	8085	HVqp3cp
06QZt	Josh.9.3	אֵת֩	853	HTo
06FUV	Josh.9.3	אֲשֶׁ֨ר	834 a	HTr
06eDe	Josh.9.3	עָשָׂ֧ה	6213 a	HVqp3ms
063fc	Josh.9.3	יְהוֹשֻׁ֛עַ	3091	HNp
06TYP	Josh.9.3	לִֽ/ירִיח֖וֹ	l/3405	HR/Np
06pVN	Josh.9.3	וְ/לָ/עָֽי	c/l/5857	HC/R/Np
06Nku	Josh.9.4	וַ/יַּעֲשׂ֤וּ	c/6213 a	HC/Vqw3mp
06ypK	Josh.9.4	גַם	1571	HD
06Yts	Josh.9.4	הֵ֨מָּה֙	1992	HPp3mp
061in	Josh.9.4	בְּ/עָרְמָ֔ה	b/6195	HR/Ncfsa
06JDW	Josh.9.4	וַ/יֵּלְכ֖וּ	c/3212	HC/Vqw3mp
06wBA	Josh.9.4	וַ/יִּצְטַיָּ֑רוּ	c/6737	HC/Vtw3mp
06Jon	Josh.9.4	וַ/יִּקְח֞וּ	c/3947	HC/Vqw3mp
06eep	Josh.9.4	שַׂקִּ֤ים	8242	HNcmpa
06548	Josh.9.4	בָּלִים֙	1087	HAampa
06Wut	Josh.9.4	לַ/חֲמ֣וֹרֵי/הֶ֔ם	l/2543	HR/Ncbpc/Sp3mp
06pLk	Josh.9.4	וְ/נֹאד֥וֹת	c/4997	HC/Ncmpc
06DJ2	Josh.9.4	יַ֨יִן֙	3196	HNcmsa
06gco	Josh.9.4	בָּלִ֔ים	1087	HAampa
06kQS	Josh.9.4	וּ/מְבֻקָּעִ֖ים	c/1234	HC/VPsmpa
06tuE	Josh.9.4	וּ/מְצֹרָרִֽים	c/6887 b	HC/VPsmpa
06uja	Josh.9.5	וּ/נְעָל֨וֹת	c/5275	HC/Ncfpa
06GwE	Josh.9.5	בָּל֤וֹת	1087	HAafpa
06XRt	Josh.9.5	וּ/מְטֻלָּאוֹת֙	c/2921	HC/VPsfpa
06Wxh	Josh.9.5	בְּ/רַגְלֵי/הֶ֔ם	b/7272	HR/Ncfdc/Sp3mp
06bfm	Josh.9.5	וּ/שְׂלָמ֥וֹת	c/8008	HC/Ncfpa
06my2	Josh.9.5	בָּל֖וֹת	1087	HAafpa
06Cn7	Josh.9.5	עֲלֵי/הֶ֑ם	5921 a	HR/Sp3mp
0643d	Josh.9.5	וְ/כֹל֙	c/3605	HC/Ncmsc
06KUk	Josh.9.5	לֶ֣חֶם	3899	HNcbsc
06ssc	Josh.9.5	צֵידָ֔/ם	6720	HNcbsc/Sp3mp
06EV7	Josh.9.5	יָבֵ֖שׁ	3001	HVqp3ms
068aA	Josh.9.5	הָיָ֥ה	1961	HVqp3ms
06xWZ	Josh.9.5	נִקֻּדִֽים	5350	HNcmpa
06cXS	Josh.9.6	וַ/יֵּלְכ֧וּ	c/3212	HC/Vqw3mp
06tBh	Josh.9.6	אֶל	413	HR
06eyN	Josh.9.6	יְהוֹשֻׁ֛עַ	3091	HNp
06SSh	Josh.9.6	אֶל	413	HR
0663d	Josh.9.6	הַֽ/מַּחֲנֶ֖ה	d/4264	HTd/Ncbsa
06R11	Josh.9.6	הַ/גִּלְגָּ֑ל	d/1537	HTd/Np
06pNu	Josh.9.6	וַ/יֹּאמְר֨וּ	c/559	HC/Vqw3mp
067VF	Josh.9.6	אֵלָ֜י/ו	413	HR/Sp3ms
06zUM	Josh.9.6	וְ/אֶל	c/413	HC/R
06zd9	Josh.9.6	אִ֣ישׁ	376	HNcmsc
06FAY	Josh.9.6	יִשְׂרָאֵ֗ל	3478	HNp
06Pfc	Josh.9.6	מֵ/אֶ֤רֶץ	m/776	HR/Ncbsa
06iza	Josh.9.6	רְחוֹקָה֙	7350	HAafsa
06AYM	Josh.9.6	בָּ֔אנוּ	935	HVqp1cp
06GmN	Josh.9.6	וְ/עַתָּ֖ה	c/6258	HC/D
06pSh	Josh.9.6	כִּרְתוּ	3772	HVqv2mp
06C37	Josh.9.6	לָ֥/נוּ	l	HR/Sp1cp
06yoT	Josh.9.6	בְרִֽית	1285	HNcfsa
06LMx	Josh.9.7	ו/יאמרו	c/559	HC/Vqw3mp
0623n	Josh.9.7	וַ/יֹּ֥אמֶר	c/559	HC/Vqw3ms
06Cb2	Josh.9.7	אִֽישׁ	376	HNcmsc
067qP	Josh.9.7	יִשְׂרָאֵ֖ל	3478	HNp
06FVN	Josh.9.7	אֶל	413	HR
06jaF	Josh.9.7	הַ/חִוִּ֑י	d/2340	HTd/Ngmsa
06rR2	Josh.9.7	אוּלַ֗י	194	HD
06BLG	Josh.9.7	בְּ/קִרְבִּ/י֙	b/7130	HR/Ncmsc/Sp1cs
06bNh	Josh.9.7	אַתָּ֣ה	859 a	HPp2ms
0661z	Josh.9.7	יוֹשֵׁ֔ב	3427	HVqrmsa
06Qhh	Josh.9.7	וְ/אֵ֖יךְ	c/349 a	HC/Ti
06VkB	Josh.9.7	אכרות	3772	HVqi1cs
06NxJ	Josh.9.7	אֶֽכְרָת	3772	HVqi1cs
06u2w	Josh.9.7	לְ/ךָ֥	l/3772	HR/Sp2ms
06s85	Josh.9.7	בְרִֽית	1285	HNcfsa
0654v	Josh.9.8	וַ/יֹּאמְר֥וּ	c/559	HC/Vqw3mp
06xWQ	Josh.9.8	אֶל	413	HR
06ksV	Josh.9.8	יְהוֹשֻׁ֖עַ	3091	HNp
06k9V	Josh.9.8	עֲבָדֶ֣י/ךָ	5650	HNcmpc/Sp2ms
06isA	Josh.9.8	אֲנָ֑חְנוּ	587	HPp1cp
066cS	Josh.9.8	וַ/יֹּ֨אמֶר	c/559	HC/Vqw3ms
06KP7	Josh.9.8	אֲלֵ/הֶ֧ם	413	HR/Sp3mp
06sYq	Josh.9.8	יְהוֹשֻׁ֛עַ	3091	HNp
06dVu	Josh.9.8	מִ֥י	4310	HTi
06erv	Josh.9.8	אַתֶּ֖ם	859 d	HPp2mp
06BBL	Josh.9.8	וּ/מֵ/אַ֥יִן	c/m/370	HC/R/Ti
06JW8	Josh.9.8	תָּבֹֽאוּ	935	HVqi2mp
06uiW	Josh.9.9	וַ/יֹּאמְר֣וּ	c/559	HC/Vqw3mp
06dve	Josh.9.9	אֵלָ֗י/ו	413	HR/Sp3ms
06xj3	Josh.9.9	מֵ/אֶ֨רֶץ	m/776	HR/Ncbsa
0642S	Josh.9.9	רְחוֹקָ֤ה	7350	HAafsa
06rNq	Josh.9.9	מְאֹד֙	3966	HD
06iqd	Josh.9.9	בָּ֣אוּ	935	HVqp3cp
06QZU	Josh.9.9	עֲבָדֶ֔י/ךָ	5650	HNcmpc/Sp2ms
06Fnj	Josh.9.9	לְ/שֵׁ֖ם	l/8034	HR/Ncmsc
06F7f	Josh.9.9	יְהוָ֣ה	3068	HNp
06aPG	Josh.9.9	אֱלֹהֶ֑י/ךָ	430	HNcmpc/Sp2ms
06k2V	Josh.9.9	כִּֽי	3588 a	HC
06fyM	Josh.9.9	שָׁמַ֣עְנוּ	8085	HVqp1cp
06LMG	Josh.9.9	שָׁמְע֔/וֹ	8089	HNcmsc/Sp3ms
063Ju	Josh.9.9	וְ/אֵ֛ת	c/853	HC/To
063rQ	Josh.9.9	כָּל	3605	HNcmsc
06DaL	Josh.9.9	אֲשֶׁ֥ר	834 a	HTr
06Y6J	Josh.9.9	עָשָׂ֖ה	6213 a	HVqp3ms
06pyb	Josh.9.9	בְּ/מִצְרָֽיִם	b/4714	HR/Np
06wLg	Josh.9.10	וְ/אֵ֣ת	c/853	HC/To
06cAP	Josh.9.10	כָּל	3605	HNcmsc
06cSt	Josh.9.10	אֲשֶׁ֣ר	834 a	HTr
06D4i	Josh.9.10	עָשָׂ֗ה	6213 a	HVqp3ms
06qRk	Josh.9.10	לִ/שְׁנֵי֙	l/8147	HR/Acmdc
06n62	Josh.9.10	מַלְכֵ֣י	4428	HNcmpc
06jjF	Josh.9.10	הָ/אֱמֹרִ֔י	d/567	HTd/Ngmsa
06ygr	Josh.9.10	אֲשֶׁ֖ר	834 a	HTr
06qTN	Josh.9.10	בְּ/עֵ֣בֶר	b/5676	HR/Ncmsc
06Wwg	Josh.9.10	הַ/יַּרְדֵּ֑ן	d/3383	HTd/Np
06eyj	Josh.9.10	לְ/סִיחוֹן֙	l/5511	HR/Np
06JBd	Josh.9.10	מֶ֣לֶךְ	4428	HNcmsc
06CYn	Josh.9.10	חֶשְׁבּ֔וֹן	2809	HNp
06fze	Josh.9.10	וּ/לְ/ע֥וֹג	c/l/5747	HC/R/Np
06bKv	Josh.9.10	מֶֽלֶךְ	4428	HNcmsc
06MUZ	Josh.9.10	הַ/בָּשָׁ֖ן	d/1316	HTd/Np
06W4g	Josh.9.10	אֲשֶׁ֥ר	834 a	HTr
06Dz4	Josh.9.10	בְּ/עַשְׁתָּרֽוֹת	b/6252	HR/Np
067Fu	Josh.9.11	וַ/יֹּאמְר֣וּ	c/559	HC/Vqw3mp
066Dy	Josh.9.11	אֵלֵ֡י/נוּ	413	HR/Sp1cp
06Zik	Josh.9.11	זְֽקֵינֵי/נוּ֩	2205	HAampc/Sp1cp
06G5G	Josh.9.11	וְ/כָל	c/3605	HC/Ncmsc
067C8	Josh.9.11	יֹשְׁבֵ֨י	3427	HVqrmpc
06KjQ	Josh.9.11	אַרְצֵ֜/נוּ	776	HNcbsc/Sp1cp
06wVX	Josh.9.11	לֵ/אמֹ֗ר	l/559	HR/Vqc
06FD2	Josh.9.11	קְח֨וּ	3947	HVqv2mp
06wMc	Josh.9.11	בְ/יֶדְ/כֶ֤ם	b/3027	HR/Ncbsc/Sp2mp
06srH	Josh.9.11	צֵידָה֙	6720	HNcbsa
06Fvm	Josh.9.11	לַ/דֶּ֔רֶךְ	l/1870	HRd/Ncbsa
06wn4	Josh.9.11	וּ/לְכ֖וּ	c/3212	HC/Vqv2mp
061w4	Josh.9.11	לִ/קְרָאתָ֑/ם	l/7125	HR/Vqc/Sp3mp
06cem	Josh.9.11	וַ/אֲמַרְתֶּ֤ם	c/559	HC/Vqq2mp
06ngH	Josh.9.11	אֲלֵי/הֶם֙	413	HR/Sp3mp
06vGA	Josh.9.11	עַבְדֵי/כֶ֣ם	5650	HNcmpc/Sp2mp
06nx3	Josh.9.11	אֲנַ֔חְנוּ	587	HPp1cp
06tVG	Josh.9.11	וְ/עַתָּ֖ה	c/6258	HC/D
064Qa	Josh.9.11	כִּרְתוּ	3772	HVqv2mp
06WJt	Josh.9.11	לָ֥/נוּ	l	HR/Sp1cp
06L5d	Josh.9.11	בְרִֽית	1285	HNcfsa
06ZeR	Josh.9.12	זֶ֣ה	2088	HPdxms
06hgx	Josh.9.12	לַחְמֵ֗/נוּ	3899	HNcbsc/Sp1cp
06og7	Josh.9.12	חָ֞ם	2525	HAamsa
06egd	Josh.9.12	הִצְטַיַּ֤דְנוּ	6679 b	HVtp1cp
06LrY	Josh.9.12	אֹת/וֹ֙	853	HTo/Sp3ms
06WQT	Josh.9.12	מִ/בָּ֣תֵּ֔י/נוּ	m/1004 b	HR/Ncmpc/Sp1cp
06m63	Josh.9.12	בְּ/י֥וֹם	b/3117	HR/Ncmsc
06pfS	Josh.9.12	צֵאתֵ֖/נוּ	3318	HVqc/Sp1cp
063aE	Josh.9.12	לָ/לֶ֣כֶת	l/3212	HR/Vqc
063rZ	Josh.9.12	אֲלֵי/כֶ֑ם	413	HR/Sp2ms
06Utw	Josh.9.12	וְ/עַתָּה֙	c/6258	HC/D
06fdq	Josh.9.12	הִנֵּ֣ה	2009	HTm
06sSt	Josh.9.12	יָבֵ֔שׁ	3001	HVqp3ms
06o26	Josh.9.12	וְ/הָיָ֖ה	c/1961	HC/Vqp3ms
06hex	Josh.9.12	נִקֻּדִֽים	5350	HNcmpa
06uGG	Josh.9.13	וְ/אֵ֨לֶּה	c/428	HC/Pdxcp
062V5	Josh.9.13	נֹאד֤וֹת	4997	HNcmpc
06UQx	Josh.9.13	הַ/יַּ֨יִן֙	d/3196	HTd/Ncmsa
06rB8	Josh.9.13	אֲשֶׁ֣ר	834 a	HTr
06SGD	Josh.9.13	מִלֵּ֣אנוּ	4390	HVpp1cp
06YJd	Josh.9.13	חֲדָשִׁ֔ים	2319	HAampa
06v6S	Josh.9.13	וְ/הִנֵּ֖ה	c/2009	HC/Tm
06v1o	Josh.9.13	הִתְבַּקָּ֑עוּ	1234	HVtp3cp
06JVz	Josh.9.13	וְ/אֵ֤לֶּה	c/428	HC/Pdxcp
06bm5	Josh.9.13	שַׂלְמוֹתֵ֨י/נוּ֙	8008	HNcfpc/Sp1cp
06WDC	Josh.9.13	וּ/נְעָלֵ֔י/נוּ	c/5275	HC/Ncfpc/Sp1cp
06ZQ7	Josh.9.13	בָּל֕וּ	1086	HVqp3cp
06Xbu	Josh.9.13	מֵ/רֹ֥ב	m/7230	HR/Ncbsc
06JZB	Josh.9.13	הַ/דֶּ֖רֶךְ	d/1870	HTd/Ncbsa
067QY	Josh.9.13	מְאֹֽד	3966	HD
06o5y	Josh.9.14	וַ/יִּקְח֥וּ	c/3947	HC/Vqw3mp
06mvb	Josh.9.14	הָֽ/אֲנָשִׁ֖ים	d/376	HTd/Ncmpa
06W2N	Josh.9.14	מִ/צֵּידָ֑/ם	m/6718 b	HR/Ncmsc/Sp3mp
0639a	Josh.9.14	וְ/אֶת	c/853	HC/To
062VQ	Josh.9.14	פִּ֥י	6310	HNcmsc
06gJa	Josh.9.14	יְהוָ֖ה	3068	HNp
06fqt	Josh.9.14	לֹ֥א	3808	HTn
06JGt	Josh.9.14	שָׁאָֽלוּ	7592	HVqp3cp
06Us4	Josh.9.15	וַ/יַּ֨עַשׂ	c/6213 a	HC/Vqw3ms
06Bwu	Josh.9.15	לָ/הֶ֤ם	l	HR/Sp3mp
062RT	Josh.9.15	יְהוֹשֻׁ֨עַ֙	3091	HNp
06tgM	Josh.9.15	שָׁל֔וֹם	7965	HNcmsa
06d4t	Josh.9.15	וַ/יִּכְרֹ֥ת	c/3772	HC/Vqw3ms
06jU8	Josh.9.15	לָ/הֶ֛ם	l	HR/Sp3mp
06raX	Josh.9.15	בְּרִ֖ית	1285	HNcfsa
06dm8	Josh.9.15	לְ/חַיּוֹתָ֑/ם	l/2421	HR/Vpc/Sp3mp
06L5p	Josh.9.15	וַ/יִּשָּׁבְע֣וּ	c/7650	HC/VNw3mp
06vru	Josh.9.15	לָ/הֶ֔ם	l	HR/Sp3mp
06Kbe	Josh.9.15	נְשִׂיאֵ֖י	5387 a	HNcmpc
06tHL	Josh.9.15	הָ/עֵדָֽה	d/5712	HTd/Ncfsa
06qZL	Josh.9.16	וַ/יְהִ֗י	c/1961	HC/Vqw3ms
06qwh	Josh.9.16	מִ/קְצֵה֙	m/7097 a	HR/Ncbsc
06iMv	Josh.9.16	שְׁלֹ֣שֶׁת	7969	HAcmsc
06DuZ	Josh.9.16	יָמִ֔ים	3117	HNcmpa
06fLk	Josh.9.16	אַחֲרֵ֕י	310 a	HR
06ACT	Josh.9.16	אֲשֶׁר	834 a	HTr
064RB	Josh.9.16	כָּרְת֥וּ	3772	HVqp3cp
06pid	Josh.9.16	לָ/הֶ֖ם	l	HR/Sp3mp
06uiv	Josh.9.16	בְּרִ֑ית	1285	HNcfsa
06HVX	Josh.9.16	וַֽ/יִּשְׁמְע֗וּ	c/8085	HC/Vqw3mp
06Mk2	Josh.9.16	כִּי	3588 a	HC
06aoG	Josh.9.16	קְרֹבִ֥ים	7138	HAampa
06c8D	Josh.9.16	הֵם֙	1992	HPp3mp
069se	Josh.9.16	אֵלָ֔י/ו	413	HR/Sp3ms
06rn8	Josh.9.16	וּ/בְ/קִרְבּ֖/וֹ	c/b/7130	HC/R/Ncmsc/Sp3ms
06nqT	Josh.9.16	הֵ֥ם	1992	HPp3mp
06wMG	Josh.9.16	יֹשְׁבִֽים	3427	HVqrmpa
06MNS	Josh.9.17	וַ/יִּסְע֣וּ	c/5265	HC/Vqw3mp
06Y7c	Josh.9.17	בְנֵֽי	1121 a	HNcmpc
06ohk	Josh.9.17	יִשְׂרָאֵ֗ל	3478	HNp
06ujT	Josh.9.17	וַ/יָּבֹ֛אוּ	c/935	HC/Vqw3mp
06sac	Josh.9.17	אֶל	413	HR
06URC	Josh.9.17	עָרֵי/הֶ֖ם	5892 b	HNcfpc/Sp3mp
06uyH	Josh.9.17	בַּ/יּ֣וֹם	b/3117	HRd/Ncmsa
069oK	Josh.9.17	הַ/שְּׁלִישִׁ֑י	d/7992	HTd/Aomsa
06nuG	Josh.9.17	וְ/עָרֵי/הֶם֙	c/5892 b	HC/Ncfpc/Sp3mp
06Uae	Josh.9.17	גִּבְע֣וֹן	1391	HNp
065P4	Josh.9.17	וְ/הַ/כְּפִירָ֔ה	c/d/3716	HC/Td/Np
06pNa	Josh.9.17	וּ/בְאֵר֖וֹת	c/881	HC/Np
06xdk	Josh.9.17	וְ/קִרְיַ֥ת	c/7157+	HC/Np
06aQh	Josh.9.17	יְעָרִֽים	7157	HNp
066HC	Josh.9.18	וְ/לֹ֤א	c/3808	HC/Tn
06Pz9	Josh.9.18	הִכּוּ/ם֙	5221	HVhp3cp/Sp3mp
06Hq3	Josh.9.18	בְּנֵ֣י	1121 a	HNcmpc
06Rne	Josh.9.18	יִשְׂרָאֵ֔ל	3478	HNp
06AFm	Josh.9.18	כִּֽי	3588 a	HC
06CqQ	Josh.9.18	נִשְׁבְּע֤וּ	7650	HVNp3cp
064pF	Josh.9.18	לָ/הֶם֙	l	HR/Sp3mp
06uJp	Josh.9.18	נְשִׂיאֵ֣י	5387 a	HNcmpc
06TaS	Josh.9.18	הָֽ/עֵדָ֔ה	d/5712	HTd/Ncfsa
06LLF	Josh.9.18	בַּֽ/יהוָ֖ה	b/3068	HR/Np
06bDy	Josh.9.18	אֱלֹהֵ֣י	430	HNcmpc
06iov	Josh.9.18	יִשְׂרָאֵ֑ל	3478	HNp
06sPA	Josh.9.18	וַ/יִּלֹּ֥נוּ	c/3885 b	HC/VNw3mp
06CJX	Josh.9.18	כָל	3605	HNcmsc
06ANN	Josh.9.18	הָ/עֵדָ֖ה	d/5712	HTd/Ncfsa
0695S	Josh.9.18	עַל	5921 a	HR
068xm	Josh.9.18	הַ/נְּשִׂיאִֽים	d/5387 a	HTd/Ncmpa
06gX2	Josh.9.19	וַ/יֹּאמְר֤וּ	c/559	HC/Vqw3mp
06r7E	Josh.9.19	כָל	3605	HNcmsc
06bzy	Josh.9.19	הַ/נְּשִׂיאִים֙	d/5387 a	HTd/Ncmpa
06Zd9	Josh.9.19	אֶל	413	HR
068Dv	Josh.9.19	כָּל	3605	HNcmsc
06NTZ	Josh.9.19	הָ֣/עֵדָ֔ה	d/5712	HTd/Ncfsa
06775	Josh.9.19	אֲנַ֨חְנוּ֙	587	HPp1cp
06Fmt	Josh.9.19	נִשְׁבַּ֣עְנוּ	7650	HVNp1cp
06eCW	Josh.9.19	לָ/הֶ֔ם	l	HR/Sp3mp
062pa	Josh.9.19	בַּֽ/יהוָ֖ה	b/3068	HR/Np
06kxp	Josh.9.19	אֱלֹהֵ֣י	430	HNcmpc
06vnr	Josh.9.19	יִשְׂרָאֵ֑ל	3478	HNp
06SfR	Josh.9.19	וְ/עַתָּ֕ה	c/6258	HC/D
06PA5	Josh.9.19	לֹ֥א	3808	HTn
066gb	Josh.9.19	נוּכַ֖ל	3201	HVqi1cp
06or6	Josh.9.19	לִ/נְגֹּ֥עַ	l/5060	HR/Vqc
06Zed	Josh.9.19	בָּ/הֶֽם	b	HR/Sp3mp
06u6X	Josh.9.20	זֹ֛את	2063	HPdxfs
06nm9	Josh.9.20	נַעֲשֶׂ֥ה	6213 a	HVqi1cp
063PJ	Josh.9.20	לָ/הֶ֖ם	l	HR/Sp3mp
065ZM	Josh.9.20	וְ/הַחֲיֵ֣ה	c/2421	HC/Vha
06fYy	Josh.9.20	אוֹתָ֑/ם	853	HTo/Sp3mp
06UBS	Josh.9.20	וְ/לֹֽא	c/3808	HC/Tn
061iG	Josh.9.20	יִֽהְיֶ֤ה	1961	HVqi3ms
06ZqA	Josh.9.20	עָלֵ֨י/נוּ֙	5921 a	HR/Sp1cp
06dKb	Josh.9.20	קֶ֔צֶף	7110 a	HNcmsa
06qiR	Josh.9.20	עַל	5921 a	HR
06amo	Josh.9.20	הַ/שְּׁבוּעָ֖ה	d/7621	HTd/Ncfsa
064Xh	Josh.9.20	אֲשֶׁר	834 a	HTr
065e5	Josh.9.20	נִשְׁבַּ֥עְנוּ	7650	HVNp1cp
06p9R	Josh.9.20	לָ/הֶֽם	l	HR/Sp3mp
06dTq	Josh.9.21	וַ/יֹּאמְר֧וּ	c/559	HC/Vqw3mp
06wep	Josh.9.21	אֲלֵי/הֶ֛ם	413	HR/Sp3mp
06Uo7	Josh.9.21	הַ/נְּשִׂיאִ֖ים	d/5387 a	HTd/Ncmpa
06Y7e	Josh.9.21	יִֽחְי֑וּ	2421	HVqi3mp
06Hgx	Josh.9.21	וַ֠/יִּֽהְיוּ	c/1961	HC/Vqw3mp
06G3x	Josh.9.21	חֹטְבֵ֨י	2404	HVqrmpc
06s67	Josh.9.21	עֵצִ֤ים	6086	HNcmpa
06YC8	Josh.9.21	וְ/שֹֽׁאֲבֵי	c/7579	HC/Vqrmpc
06krY	Josh.9.21	מַ֨יִם֙	4325	HNcmpa
06Cym	Josh.9.21	לְ/כָל	l/3605	HR/Ncmsc
06jbf	Josh.9.21	הָ֣/עֵדָ֔ה	d/5712	HTd/Ncfsa
06VGV	Josh.9.21	כַּ/אֲשֶׁ֛ר	k/834 d	HR/Tr
06PMB	Josh.9.21	דִּבְּר֥וּ	1696	HVpp3cp
06NJt	Josh.9.21	לָ/הֶ֖ם	l	HR/Sp3mp
06vsz	Josh.9.21	הַ/נְּשִׂיאִֽים	d/5387 a	HTd/Ncmpa
06mgi	Josh.9.22	וַ/יִּקְרָ֤א	c/7121	HC/Vqw3ms
06nDb	Josh.9.22	לָ/הֶם֙	l	HR/Sp3mp
06gDS	Josh.9.22	יְהוֹשֻׁ֔עַ	3091	HNp
06Efv	Josh.9.22	וַ/יְדַבֵּ֥ר	c/1696	HC/Vpw3ms
06DVj	Josh.9.22	אֲלֵי/הֶ֖ם	413	HR/Sp3mp
06YCE	Josh.9.22	לֵ/אמֹ֑ר	l/559	HR/Vqc
06JsT	Josh.9.22	לָ/מָּה֩	l/4100	HR/Ti
064Jj	Josh.9.22	רִמִּיתֶ֨ם	7411 b	HVpp2mp
06FjR	Josh.9.22	אֹתָ֜/נוּ	853	HTo/Sp1cp
06h6T	Josh.9.22	לֵ/אמֹ֗ר	l/559	HR/Vqc
06wu9	Josh.9.22	רְחוֹקִ֨ים	7350	HAampa
064Gx	Josh.9.22	אֲנַ֤חְנוּ	587	HPp1cp
06Bj7	Josh.9.22	מִ/כֶּם֙	m/4480 a	HR/Sp2mp
06sAN	Josh.9.22	מְאֹ֔ד	3966	HD
06MhW	Josh.9.22	וְ/אַתֶּ֖ם	c/859 d	HC/Pp2mp
06b4t	Josh.9.22	בְּ/קִרְבֵּ֥/נוּ	b/7130	HR/Ncmsc/Sp1cp
06KbS	Josh.9.22	יֹשְׁבִֽים	3427	HVqrmpa
06ymY	Josh.9.23	וְ/עַתָּ֖ה	c/6258	HC/D
061iQ	Josh.9.23	אֲרוּרִ֣ים	779	HVqsmpa
06zDJ	Josh.9.23	אַתֶּ֑ם	859 d	HPp2mp
06bUs	Josh.9.23	וְ/לֹֽא	c/3808	HC/Tn
06dcV	Josh.9.23	יִכָּרֵ֨ת	3772	HVNi3ms
06gAL	Josh.9.23	מִ/כֶּ֜ם	m/4480 a	HR/Sp2mp
06VXy	Josh.9.23	עֶ֗בֶד	5650	HNcmsa
06GXL	Josh.9.23	וְ/חֹטְבֵ֥י	c/2404	HC/Vqrmpc
06KEX	Josh.9.23	עֵצִ֛ים	6086	HNcmpa
06Try	Josh.9.23	וְ/שֹֽׁאֲבֵי	c/7579	HC/Vqrmpc
06d7i	Josh.9.23	מַ֖יִם	4325	HNcmpa
06512	Josh.9.23	לְ/בֵ֥ית	l/1004 b	HR/Ncmsc
06MzY	Josh.9.23	אֱלֹהָֽ/י	430	HNcmpc/Sp1cs
06kXM	Josh.9.24	וַ/יַּעֲנ֨וּ	c/6030 b	HC/Vqw3mp
06Hj8	Josh.9.24	אֶת	853	HTo
06zFY	Josh.9.24	יְהוֹשֻׁ֜עַ	3091	HNp
06Rhm	Josh.9.24	וַ/יֹּאמְר֗וּ	c/559	HC/Vqw3mp
06hnf	Josh.9.24	כִּי֩	3588 a	HC
06eM1	Josh.9.24	הֻגֵּ֨ד	5046	HVHa
06hk3	Josh.9.24	הֻגַּ֤ד	5046	HVHp3ms
06W1U	Josh.9.24	לַ/עֲבָדֶ֨י/ךָ֙	l/5650	HR/Ncmpc/Sp2ms
068Um	Josh.9.24	אֵת֩	853	HTo
06G4t	Josh.9.24	אֲשֶׁ֨ר	834 a	HTr
06VzB	Josh.9.24	צִוָּ֜ה	6680	HVpp3ms
061ou	Josh.9.24	יְהוָ֤ה	3068	HNp
06bjQ	Josh.9.24	אֱלֹהֶ֨י/ךָ֙	430	HNcmpc/Sp2ms
06A2U	Josh.9.24	אֶת	853	HTo
06ZM7	Josh.9.24	מֹשֶׁ֣ה	4872	HNp
06jY6	Josh.9.24	עַבְדּ֔/וֹ	5650	HNcmsc/Sp3ms
06XbX	Josh.9.24	לָ/תֵ֤ת	l/5414	HR/Vqc
06jxp	Josh.9.24	לָ/כֶם֙	l	HR/Sp2mp
06ox4	Josh.9.24	אֶת	853	HTo
06gSB	Josh.9.24	כָּל	3605	HNcmsc
06mv8	Josh.9.24	הָ/אָ֔רֶץ	d/776	HTd/Ncbsa
06xW5	Josh.9.24	וּ/לְ/הַשְׁמִ֛יד	c/l/8045	HC/R/Vhc
06X8c	Josh.9.24	אֶת	853	HTo
06Kyc	Josh.9.24	כָּל	3605	HNcmsc
06MpC	Josh.9.24	יֹשְׁבֵ֥י	3427	HVqrmpc
06s71	Josh.9.24	הָ/אָ֖רֶץ	d/776	HTd/Ncbsa
0678H	Josh.9.24	מִ/פְּנֵי/כֶ֑ם	m/6440	HR/Ncbpc/Sp2mp
06BwW	Josh.9.24	וַ/נִּירָ֨א	c/3372	HC/Vqw1cp
06xmm	Josh.9.24	מְאֹ֤ד	3966	HD
06QWv	Josh.9.24	לְ/נַפְשֹׁתֵ֨י/נוּ֙	l/5315	HR/Ncbpc/Sp1cp
06onS	Josh.9.24	מִ/פְּנֵי/כֶ֔ם	m/6440	HR/Ncbpc/Sp2mp
063CX	Josh.9.24	וַֽ/נַּעֲשֵׂ֖ה	c/6213 a	HC/Vqw1cp
06kSN	Josh.9.24	אֶת	853	HTo
06M79	Josh.9.24	הַ/דָּבָ֥ר	d/1697	HTd/Ncmsa
069PJ	Josh.9.24	הַ/זֶּֽה	d/2088	HTd/Pdxms
06psZ	Josh.9.25	וְ/עַתָּ֖ה	c/6258	HC/D
06jXT	Josh.9.25	הִנְ/נ֣וּ	2005	HTj/Sp1cp
063i9	Josh.9.25	בְ/יָדֶ֑/ךָ	b/3027	HR/Ncbsc/Sp2ms
0686G	Josh.9.25	כַּ/טּ֨וֹב	k/2896 a	HRd/Aamsa
069x4	Josh.9.25	וְ/כַ/יָּשָׁ֧ר	c/k/3477	HC/Rd/Aamsa
06FES	Josh.9.25	בְּ/עֵינֶ֛י/ךָ	b/5869 a	HR/Ncbdc/Sp2ms
06f4y	Josh.9.25	לַ/עֲשׂ֥וֹת	l/6213 a	HR/Vqc
06H8b	Josh.9.25	לָ֖/נוּ	l	HR/Sp1cp
06C81	Josh.9.25	עֲשֵֽׂה	6213 a	HVqv2ms
06G5J	Josh.9.26	וַ/יַּ֥עַשׂ	c/6213 a	HC/Vqw3ms
066Fc	Josh.9.26	לָ/הֶ֖ם	l	HR/Sp3mp
06x3P	Josh.9.26	כֵּ֑ן	3651 c	HTm
061wp	Josh.9.26	וַ/יַּצֵּ֥ל	c/5337	HC/Vhw3ms
06aq2	Josh.9.26	אוֹתָ֛/ם	853	HTo/Sp3mp
06U9g	Josh.9.26	מִ/יַּ֥ד	m/3027	HR/Ncbsc
06D2c	Josh.9.26	בְּנֵֽי	1121 a	HNcmpc
06EMa	Josh.9.26	יִשְׂרָאֵ֖ל	3478	HNp
06ef3	Josh.9.26	וְ/לֹ֥א	c/3808	HC/Tn
06saN	Josh.9.26	הֲרָגֽוּ/ם	2026	HVqp3cp/Sp3mp
06U8A	Josh.9.27	וַ/יִּתְּנֵ֨/ם	c/5414	HC/Vqw3ms/Sp3mp
06Pdw	Josh.9.27	יְהוֹשֻׁ֜עַ	3091	HNp
06c8h	Josh.9.27	בַּ/יּ֣וֹם	b/3117	HRd/Ncmsa
06vjE	Josh.9.27	הַ/ה֗וּא	d/1931	HTd/Pp3ms
06JgM	Josh.9.27	חֹטְבֵ֥י	2404	HVqrmpc
06Tmi	Josh.9.27	עֵצִ֛ים	6086	HNcmpa
06eRQ	Josh.9.27	וְ/שֹׁ֥אֲבֵי	c/7579	HC/Vqrmpc
06Ky8	Josh.9.27	מַ֖יִם	4325	HNcmpa
06Xnm	Josh.9.27	לָֽ/עֵדָ֑ה	l/5712	HRd/Ncfsa
06V6c	Josh.9.27	וּ/לְ/מִזְבַּ֤ח	c/l/4196	HC/R/Ncmsc
0683z	Josh.9.27	יְהוָה֙	3068	HNp
06gBP	Josh.9.27	עַד	5704	HR
06PP6	Josh.9.27	הַ/יּ֣וֹם	d/3117	HTd/Ncmsa
06rfQ	Josh.9.27	הַ/זֶּ֔ה	d/2088	HTd/Pdxms
061kz	Josh.9.27	אֶל	413	HR
06qBP	Josh.9.27	הַ/מָּק֖וֹם	d/4725	HTd/Ncmsa
062rB	Josh.9.27	אֲשֶׁ֥ר	834 a	HTr
06Hxg	Josh.9.27	יִבְחָֽר	977	HVqi3ms
069fZ	Josh.10.1	וַ/יְהִי֩	c/1961	HC/Vqw3ms
06SCH	Josh.10.1	כִ/שְׁמֹ֨עַ	k/8085	HR/Vqc
06anU	Josh.10.1	אֲדֹֽנִי	139+	HNp
06DJC	Josh.10.1	צֶ֜דֶק	139	HNp
06u5x	Josh.10.1	מֶ֣לֶךְ	4428	HNcmsc
06YgF	Josh.10.1	יְרוּשָׁלִַ֗ם	3389	HNp
06p1g	Josh.10.1	כִּֽי	3588 a	HC
06g1i	Josh.10.1	לָכַ֨ד	3920	HVqp3ms
06Wdi	Josh.10.1	יְהוֹשֻׁ֣עַ	3091	HNp
06YMa	Josh.10.1	אֶת	853	HTo
06xEe	Josh.10.1	הָ/עַי֮	d/5857	HTd/Np
06z48	Josh.10.1	וַ/יַּחֲרִימָ/הּ֒	c/2763 a	HC/Vhw3ms/Sp3fs
06fDm	Josh.10.1	כַּ/אֲשֶׁ֨ר	k/834 d	HR/Tr
06FEx	Josh.10.1	עָשָׂ֤ה	6213 a	HVqp3ms
06aSS	Josh.10.1	לִֽ/ירִיחוֹ֙	l/3405	HR/Np
06iAj	Josh.10.1	וּ/לְ/מַלְכָּ֔/הּ	c/l/4428	HC/R/Ncmsc/Sp3fs
06aWd	Josh.10.1	כֵּן	3651 c	HTm
06Vuh	Josh.10.1	עָשָׂ֥ה	6213 a	HVqp3ms
064nG	Josh.10.1	לָ/עַ֖י	l/5857	HR/Np
06D7R	Josh.10.1	וּ/לְ/מַלְכָּ֑/הּ	c/l/4428	HC/R/Ncmsc/Sp3fs
06fw9	Josh.10.1	וְ/כִ֨י	c/3588 a	HC/C
06znQ	Josh.10.1	הִשְׁלִ֜ימוּ	7999 b	HVhp3cp
06ZdC	Josh.10.1	יֹשְׁבֵ֤י	3427	HVqrmpc
062MP	Josh.10.1	גִבְעוֹן֙	1391	HNp
06Exz	Josh.10.1	אֶת	854	HR
063Cy	Josh.10.1	יִשְׂרָאֵ֔ל	3478	HNp
06EDb	Josh.10.1	וַ/יִּֽהְי֖וּ	c/1961	HC/Vqw3mp
06xv7	Josh.10.1	בְּ/קִרְבָּֽ/ם	b/7130	HR/Ncmsc/Sp3mp
06r5Y	Josh.10.2	וַ/יִּֽירְא֣וּ	c/3372	HC/Vqw3mp
06nEK	Josh.10.2	מְאֹ֔ד	3966	HD
06B86	Josh.10.2	כִּ֣י	3588 a	HC
06CK1	Josh.10.2	עִ֤יר	5892 b	HNcfsa
06jAF	Josh.10.2	גְּדוֹלָה֙	1419 a	HAafsa
06Gr7	Josh.10.2	גִּבְע֔וֹן	1391	HNp
06sWN	Josh.10.2	כְּ/אַחַ֖ת	k/259	HR/Acfsc
06DbU	Josh.10.2	עָרֵ֣י	5892 b	HNcfpc
06eDs	Josh.10.2	הַ/מַּמְלָכָ֑ה	d/4467	HTd/Ncfsa
06M1k	Josh.10.2	וְ/כִ֨י	c/3588 a	HC/C
06nt9	Josh.10.2	הִ֤יא	1931	HPp3fs
06uo8	Josh.10.2	גְדוֹלָה֙	1419 a	HAafsa
06wi3	Josh.10.2	מִן	4480 a	HR
06mK4	Josh.10.2	הָ/עַ֔י	d/5857	HTd/Np
06dSA	Josh.10.2	וְ/כָל	c/3605	HC/Ncmsc
06P8j	Josh.10.2	אֲנָשֶׁ֖י/הָ	376	HNcmpc/Sp3fs
06b9e	Josh.10.2	גִּבֹּרִֽים	1368	HAampa
067pd	Josh.10.3	וַ/יִּשְׁלַ֨ח	c/7971	HC/Vqw3ms
06B4V	Josh.10.3	אֲדֹנִי	139+	HNp
06ikF	Josh.10.3	צֶ֜דֶק	139	HNp
0666C	Josh.10.3	מֶ֣לֶךְ	4428	HNcmsc
064bg	Josh.10.3	יְרוּשָׁלִַ֗ם	3389	HNp
06Kgg	Josh.10.3	אֶל	413	HR
06M2B	Josh.10.3	הוֹהָ֣ם	1944	HNp
06NU6	Josh.10.3	מֶֽלֶךְ	4428	HNcmsc
06ukR	Josh.10.3	חֶ֠בְרוֹן	2275 a	HNp
06ojb	Josh.10.3	וְ/אֶל	c/413	HC/R
06Ft6	Josh.10.3	פִּרְאָ֨ם	6502	HNp
06fja	Josh.10.3	מֶֽלֶךְ	4428	HNcmsc
06phB	Josh.10.3	יַרְמ֜וּת	3412	HNp
06Fww	Josh.10.3	וְ/אֶל	c/413	HC/R
06wY4	Josh.10.3	יָפִ֧יעַ	3309	HNp
0691B	Josh.10.3	מֶֽלֶךְ	4428	HNcmsc
06qim	Josh.10.3	לָכִ֛ישׁ	3923	HNp
06bDb	Josh.10.3	וְ/אֶל	c/413	HC/R
06bJB	Josh.10.3	דְּבִ֥יר	1688 a	HNp
06LbJ	Josh.10.3	מֶֽלֶךְ	4428	HNcmsc
06pwG	Josh.10.3	עֶגְל֖וֹן	5700	HNp
06pBV	Josh.10.3	לֵ/אמֹֽר	l/559	HR/Vqc
06mui	Josh.10.4	עֲלֽוּ	5927	HVqv2mp
0611H	Josh.10.4	אֵלַ֣/י	413	HR/Sp1cs
06Yer	Josh.10.4	וְ/עִזְרֻ֔/נִי	c/5826	HC/Vqv2mp/Sp1cs
06Ua5	Josh.10.4	וְ/נַכֶּ֖ה	c/5221	HC/Vhi1cp
06drz	Josh.10.4	אֶת	853	HTo
06mWC	Josh.10.4	גִּבְע֑וֹן	1391	HNp
06euh	Josh.10.4	כִּֽי	3588 a	HC
06iWd	Josh.10.4	הִשְׁלִ֥ימָה	7999 b	HVhp3fs
06tJY	Josh.10.4	אֶת	854	HR
06wX7	Josh.10.4	יְהוֹשֻׁ֖עַ	3091	HNp
06264	Josh.10.4	וְ/אֶת	c/854	HC/R
06nWK	Josh.10.4	בְּנֵ֥י	1121 a	HNcmpc
06FhW	Josh.10.4	יִשְׂרָאֵֽל	3478	HNp
06xwC	Josh.10.5	וַ/יֵּאָסְפ֨וּ	c/622	HC/VNw3mp
06Gfv	Josh.10.5	וַֽ/יַּעֲל֜וּ	c/5927	HC/Vqw3mp
06pu7	Josh.10.5	חֲמֵ֣שֶׁת	2568	HAcmsc
06NZd	Josh.10.5	מַלְכֵ֣י	4428	HNcmpc
06SP9	Josh.10.5	הָ/אֱמֹרִ֗י	d/567	HTd/Ngmsa
068M7	Josh.10.5	מֶ֣לֶךְ	4428	HNcmsc
06dJj	Josh.10.5	יְרוּשָׁלִַ֜ם	3389	HNp
06edC	Josh.10.5	מֶֽלֶךְ	4428	HNcmsc
06mRn	Josh.10.5	חֶבְר֤וֹן	2275 a	HNp
06axV	Josh.10.5	מֶֽלֶךְ	4428	HNcmsc
06o7u	Josh.10.5	יַרְמוּת֙	3412	HNp
06ihd	Josh.10.5	מֶֽלֶךְ	4428	HNcmsc
06vRG	Josh.10.5	לָכִ֣ישׁ	3923	HNp
06fGs	Josh.10.5	מֶֽלֶךְ	4428	HNcmsc
065QH	Josh.10.5	עֶגְל֔וֹן	5700	HNp
06R1Q	Josh.10.5	הֵ֖ם	1992	HPp3mp
06ckh	Josh.10.5	וְ/כָל	c/3605	HC/Ncmsc
06z9U	Josh.10.5	מַֽחֲנֵי/הֶ֑ם	4264	HNcbpc/Sp3mp
06ySc	Josh.10.5	וַֽ/יַּחֲנוּ֙	c/2583	HC/Vqw3mp
06hPW	Josh.10.5	עַל	5921 a	HR
06CfY	Josh.10.5	גִּבְע֔וֹן	1391	HNp
06b31	Josh.10.5	וַ/יִּֽלָּחֲמ֖וּ	c/3898 a	HC/VNw3mp
06PmK	Josh.10.5	עָלֶֽי/הָ	5921 a	HR/Sp3fs
06DVx	Josh.10.6	וַ/יִּשְׁלְח֣וּ	c/7971	HC/Vqw3mp
06XEf	Josh.10.6	אַנְשֵׁי֩	376	HNcmpc
0656w	Josh.10.6	גִבְע֨וֹן	1391	HNp
06h2d	Josh.10.6	אֶל	413	HR
06GLn	Josh.10.6	יְהוֹשֻׁ֤עַ	3091	HNp
062mU	Josh.10.6	אֶל	413	HR
06gjo	Josh.10.6	הַֽ/מַּחֲנֶה֙	d/4264	HTd/Ncbsa
06jvq	Josh.10.6	הַ/גִּלְגָּ֣לָ/ה	d/1537	HTd/Np/Sd
06kmi	Josh.10.6	לֵ/אמֹ֔ר	l/559	HR/Vqc
06uRv	Josh.10.6	אַל	408	HTn
06YCW	Josh.10.6	תֶּ֥רֶף	7503	HVhj2ms
06uJ1	Josh.10.6	יָדֶ֖י/ךָ	3027	HNcbdc/Sp2ms
0671E	Josh.10.6	מֵֽ/עֲבָדֶ֑י/ךָ	m/5650	HR/Ncmpc/Sp2ms
06kBH	Josh.10.6	עֲלֵ֧ה	5927	HVqv2ms
06tFR	Josh.10.6	אֵלֵ֣י/נוּ	413	HR/Sp1cp
06oGq	Josh.10.6	מְהֵרָ֗ה	4120	HNcfsa
06REV	Josh.10.6	וְ/הוֹשִׁ֤יעָ/ה	c/3467	HC/Vhv2ms/Sh
06XBk	Josh.10.6	לָּ֨/נוּ֙	l	HR/Sp1cp
06WEz	Josh.10.6	וְ/עָזְרֵ֔/נוּ	c/5826	HC/Vqv2ms/Sp1cp
06b9h	Josh.10.6	כִּ֚י	3588 a	HC
06jKo	Josh.10.6	נִקְבְּצ֣וּ	6908	HVNp3cp
065EL	Josh.10.6	אֵלֵ֔י/נוּ	413	HR/Sp1cp
06CTs	Josh.10.6	כָּל	3605	HNcmsc
06Cz7	Josh.10.6	מַלְכֵ֥י	4428	HNcmpc
064NJ	Josh.10.6	הָ/אֱמֹרִ֖י	d/567	HTd/Ngmsa
06nWS	Josh.10.6	יֹשְׁבֵ֥י	3427	HVqrmpc
06CJ3	Josh.10.6	הָ/הָֽר	d/2022	HTd/Ncmsa
06Ymk	Josh.10.7	וַ/יַּ֨עַל	c/5927	HC/Vqw3ms
06fAS	Josh.10.7	יְהוֹשֻׁ֜עַ	3091	HNp
06x3S	Josh.10.7	מִן	4480 a	HR
064tb	Josh.10.7	הַ/גִּלְגָּ֗ל	d/1537	HTd/Np
06a6P	Josh.10.7	ה֚וּא	1931	HPp3ms
06nWj	Josh.10.7	וְ/כָל	c/3605	HC/Ncmsc
06eKZ	Josh.10.7	עַ֤ם	5971 a	HNcmsc
06tM8	Josh.10.7	הַ/מִּלְחָמָה֙	d/4421	HTd/Ncfsa
06CrC	Josh.10.7	עִמּ֔/וֹ	5973 a	HR/Sp3ms
06q3W	Josh.10.7	וְ/כֹ֖ל	c/3605	HC/Ncmsc
06yMr	Josh.10.7	גִּבּוֹרֵ֥י	1368	HAampc
068Ci	Josh.10.7	הֶ/חָֽיִל	d/2428	HTd/Ncmsa
06jsc	Josh.10.8	וַ/יֹּ֨אמֶר	c/559	HC/Vqw3ms
06kGg	Josh.10.8	יְהוָ֤ה	3068	HNp
06miQ	Josh.10.8	אֶל	413	HR
06Q6Z	Josh.10.8	יְהוֹשֻׁ֨עַ֙	3091	HNp
06auq	Josh.10.8	אַל	408	HTn
06Nmy	Josh.10.8	תִּירָ֣א	3372	HVqj2ms
06HXq	Josh.10.8	מֵ/הֶ֔ם	m	HR/Sp3mp
06Prq	Josh.10.8	כִּ֥י	3588 a	HC
06GoM	Josh.10.8	בְ/יָדְ/ךָ֖	b/3027	HR/Ncbsc/Sp2ms
06Qit	Josh.10.8	נְתַתִּ֑י/ם	5414	HVqp1cs/Sp3mp
06EWH	Josh.10.8	לֹֽא	3808	HTn
06v1C	Josh.10.8	יַעֲמֹ֥ד	5975	HVqi3ms
06tNG	Josh.10.8	אִ֛ישׁ	376	HNcmsa
06Hag	Josh.10.8	מֵ/הֶ֖ם	m	HR/Sp3mp
06n52	Josh.10.8	בְּ/פָנֶֽי/ךָ	b/6440	HR/Ncbpc/Sp2ms
06eDt	Josh.10.9	וַ/יָּבֹ֧א	c/935	HC/Vqw3ms
068jm	Josh.10.9	אֲלֵי/הֶ֛ם	413	HR/Sp3mp
06o98	Josh.10.9	יְהוֹשֻׁ֖עַ	3091	HNp
065ax	Josh.10.9	פִּתְאֹ֑ם	6597	HD
06ce1	Josh.10.9	כָּל	3605	HNcmsc
06iyi	Josh.10.9	הַ/לַּ֕יְלָה	d/3915	HTd/Ncmsa
069mB	Josh.10.9	עָלָ֖ה	5927	HVqp3ms
061yE	Josh.10.9	מִן	4480 a	HR
06kZi	Josh.10.9	הַ/גִּלְגָּֽל	d/1537	HTd/Np
06XWn	Josh.10.10	וַ/יְהֻמֵּ֤/ם	c/2000	HC/Vqw3ms/Sp3mp
06N3v	Josh.10.10	יְהוָה֙	3068	HNp
06WjB	Josh.10.10	לִ/פְנֵ֣י	l/6440	HR/Ncbpc
06z8A	Josh.10.10	יִשְׂרָאֵ֔ל	3478	HNp
06CqV	Josh.10.10	וַ/יַּכֵּ֥/ם	c/5221	HC/Vhw3ms/Sp3mp
06gaD	Josh.10.10	מַכָּֽה	4347	HNcfsa
06iXd	Josh.10.10	גְדוֹלָ֖ה	1419 a	HAafsa
06MD3	Josh.10.10	בְּ/גִבְע֑וֹן	b/1391	HR/Np
06HgW	Josh.10.10	וַֽ/יִּרְדְּפֵ֗/ם	c/7291	HC/Vqw3ms/Sp3mp
06ns5	Josh.10.10	דֶּ֚רֶךְ	1870	HNcbsc
06jBp	Josh.10.10	מַעֲלֵ֣ה	4609 b	HNcfsc
06YWJ	Josh.10.10	בֵית	1032+	HNp
06SNT	Josh.10.10	חוֹרֹ֔ן	1032	HNp
063ye	Josh.10.10	וַ/יַּכֵּ֥/ם	c/5221	HC/Vhw3ms/Sp3mp
06sN7	Josh.10.10	עַד	5704	HR
06X85	Josh.10.10	עֲזֵקָ֖ה	5825	HNp
06oVd	Josh.10.10	וְ/עַד	c/5704	HC/R
06Qiq	Josh.10.10	מַקֵּדָֽה	4719	HNp
06hE4	Josh.10.11	וַ/יְהִ֞י	c/1961	HC/Vqw3ms
06pej	Josh.10.11	בְּ/נֻסָ֣/ם	b/5127	HR/Vqc/Sp3mp
06Y5A	Josh.10.11	מִ/פְּנֵ֣י	m/6440	HR/Ncbpc
06ti3	Josh.10.11	יִשְׂרָאֵ֗ל	3478	HNp
06XtY	Josh.10.11	הֵ֞ם	1992	HPp3mp
06kBb	Josh.10.11	בְּ/מוֹרַ֤ד	b/4174	HR/Ncmsc
06CAc	Josh.10.11	בֵּית	1032+	HNp
06dWV	Josh.10.11	חוֹרֹן֙	1032	HNp
06atD	Josh.10.11	וַֽ/יהוָ֡ה	c/3068	HC/Np
06Uit	Josh.10.11	הִשְׁלִ֣יךְ	7993	HVhp3ms
06mrd	Josh.10.11	עֲלֵי/הֶם֩	5921 a	HR/Sp3mp
068NY	Josh.10.11	אֲבָנִ֨ים	68	HNcfpa
06BdS	Josh.10.11	גְּדֹל֧וֹת	1419 a	HAafpa
067d1	Josh.10.11	מִן	4480 a	HR
06iGP	Josh.10.11	הַ/שָּׁמַ֛יִם	d/8064	HTd/Ncmpa
06LXv	Josh.10.11	עַד	5704	HR
06YrG	Josh.10.11	עֲזֵקָ֖ה	5825	HNp
06SBB	Josh.10.11	וַ/יָּמֻ֑תוּ	c/4191	HC/Vqw3mp
06EcU	Josh.10.11	רַבִּ֗ים	7227 a	HAampa
06Yth	Josh.10.11	אֲשֶׁר	834 a	HTr
06fZb	Josh.10.11	מֵ֨תוּ֙	4191	HVqp3cp
06G6t	Josh.10.11	בְּ/אַבְנֵ֣י	b/68	HR/Ncfpc
064zB	Josh.10.11	הַ/בָּרָ֔ד	d/1259	HTd/Ncmsa
06DaG	Josh.10.11	מֵ/אֲשֶׁ֥ר	m/834 c	HR/Tr
06USD	Josh.10.11	הָרְג֛וּ	2026	HVqp3cp
062W4	Josh.10.11	בְּנֵ֥י	1121 a	HNcmpc
06Uzr	Josh.10.11	יִשְׂרָאֵ֖ל	3478	HNp
065bQ	Josh.10.11	בֶּ/חָֽרֶב	b/2719	HRd/Ncfsa
06whG	Josh.10.12	אָ֣ז	227 a	HD
06Ztm	Josh.10.12	יְדַבֵּ֤ר	1696	HVpi3ms
06gob	Josh.10.12	יְהוֹשֻׁעַ֙	3091	HNp
06QLb	Josh.10.12	לַֽ/יהוָ֔ה	l/3068	HR/Np
06CzH	Josh.10.12	בְּ/י֗וֹם	b/3117	HR/Ncmsc
06SRf	Josh.10.12	תֵּ֤ת	5414	HVqc
06aUL	Josh.10.12	יְהוָה֙	3068	HNp
06ABu	Josh.10.12	אֶת	853	HTo
06Qno	Josh.10.12	הָ֣/אֱמֹרִ֔י	d/567	HTd/Ngmsa
06faU	Josh.10.12	לִ/פְנֵ֖י	l/6440	HR/Ncbpc
06xJG	Josh.10.12	בְּנֵ֣י	1121 a	HNcmpc
06mUS	Josh.10.12	יִשְׂרָאֵ֑ל	3478	HNp
06rbb	Josh.10.12	וַ/יֹּ֣אמֶר	c/559	HC/Vqw3ms
067s1	Josh.10.12	לְ/עֵינֵ֣י	l/5869 a	HR/Ncbdc
06g7p	Josh.10.12	יִשְׂרָאֵ֗ל	3478	HNp
06SNp	Josh.10.12	שֶׁ֚מֶשׁ	8121	HNcbsa
06Fjh	Josh.10.12	בְּ/גִבְע֣וֹן	b/1391	HR/Np
06aH9	Josh.10.12	דּ֔וֹם	1826 a	HVqv2ms
06kv5	Josh.10.12	וְ/יָרֵ֖חַ	c/3394	HC/Ncmsa
06RUm	Josh.10.12	בְּ/עֵ֥מֶק	b/6010	HR/Ncmsc
06NJw	Josh.10.12	אַיָּלֽוֹן	357	HNp
06pgX	Josh.10.13	וַ/יִּדֹּ֨ם	c/1826 a	HC/Vqw3ms
06pvp	Josh.10.13	הַ/שֶּׁ֜מֶשׁ	d/8121	HTd/Ncbsa
06g9e	Josh.10.13	וְ/יָרֵ֣חַ	c/3394	HC/Ncmsa
06qtY	Josh.10.13	עָמָ֗ד	5975	HVqp3ms
06mno	Josh.10.13	עַד	5704	HR
065Ne	Josh.10.13	יִקֹּ֥ם	5358	HVqi3ms
06kfA	Josh.10.13	גּוֹי֙	1471 a	HNcmsa
06o9X	Josh.10.13	אֹֽיְבָ֔י/ו	341	HVqrmpc/Sp3ms
06qEq	Josh.10.13	הֲ/לֹא	i/3808	HTi/Tn
06FMs	Josh.10.13	הִ֥יא	1931	HPp3fs
06uss	Josh.10.13	כְתוּבָ֖ה	3789	HVqsfsa
06LSu	Josh.10.13	עַל	5921 a	HR
06X7L	Josh.10.13	סֵ֣פֶר	5612 a	HNcmsc
06acK	Josh.10.13	הַ/יָּשָׁ֑ר	d/3477	HTd/Aamsa
06Bfx	Josh.10.13	וַ/יַּעֲמֹ֤ד	c/5975	HC/Vqw3ms
06Jcq	Josh.10.13	הַ/שֶּׁ֨מֶשׁ֙	d/8121	HTd/Ncbsa
06yxB	Josh.10.13	בַּ/חֲצִ֣י	b/2677	HR/Ncmsc
06EMh	Josh.10.13	הַ/שָּׁמַ֔יִם	d/8064	HTd/Ncmpa
06oSC	Josh.10.13	וְ/לֹא	c/3808	HC/Tn
06x6j	Josh.10.13	אָ֥ץ	213	HVqp3ms
06sqj	Josh.10.13	לָ/ב֖וֹא	l/935	HR/Vqc
06U8L	Josh.10.13	כְּ/י֥וֹם	k/3117	HR/Ncmsa
06N1A	Josh.10.13	תָּמִֽים	8549	HAamsa
06S7G	Josh.10.14	וְ/לֹ֨א	c/3808	HC/Tn
06jyn	Josh.10.14	הָיָ֜ה	1961	HVqp3ms
06K1A	Josh.10.14	כַּ/יּ֤וֹם	k/3117	HRd/Ncmsa
06uDX	Josh.10.14	הַ/הוּא֙	d/1931	HTd/Pp3ms
06xoq	Josh.10.14	לְ/פָנָ֣י/ו	l/6440	HR/Ncbpc/Sp3ms
06p8s	Josh.10.14	וְ/אַחֲרָ֔י/ו	c/310 a	HC/R/Sp3ms
06u7q	Josh.10.14	לִ/שְׁמֹ֥עַ	l/8085	HR/Vqc
06WtS	Josh.10.14	יְהוָ֖ה	3068	HNp
06PiF	Josh.10.14	בְּ/ק֣וֹל	b/6963 a	HR/Ncmsc
06wyB	Josh.10.14	אִ֑ישׁ	376	HNcmsa
06uBF	Josh.10.14	כִּ֣י	3588 a	HC
06wqi	Josh.10.14	יְהוָ֔ה	3068	HNp
06Fm8	Josh.10.14	נִלְחָ֖ם	3898 a	HVNp3ms
065Sy	Josh.10.14	לְ/יִשְׂרָאֵֽל	l/3478	HR/Np
062gS	Josh.10.15	וַ/יָּ֤שָׁב	c/7725	HC/Vqw3ms
06Jut	Josh.10.15	יְהוֹשֻׁ֨עַ֙	3091	HNp
06p3n	Josh.10.15	וְ/כָל	c/3605	HC/Ncmsc
06d68	Josh.10.15	יִשְׂרָאֵ֣ל	3478	HNp
06qeT	Josh.10.15	עִמּ֔/וֹ	5973 a	HR/Sp3ms
062pY	Josh.10.15	אֶל	413	HR
06hYY	Josh.10.15	הַֽ/מַּחֲנֶ֖ה	d/4264	HTd/Ncbsa
06gz6	Josh.10.15	הַ/גִּלְגָּֽלָ/ה	d/1537	HTd/Np/Sd
06YKe	Josh.10.16	וַ/יָּנֻ֕סוּ	c/5127	HC/Vqw3mp
06LnX	Josh.10.16	חֲמֵ֖שֶׁת	2568	HAcmsc
06fBS	Josh.10.16	הַ/מְּלָכִ֣ים	d/4428	HTd/Ncmpa
06r2p	Josh.10.16	הָ/אֵ֑לֶּה	d/428	HTd/Pdxcp
06RiY	Josh.10.16	וַ/יֵּחָבְא֥וּ	c/2244	HC/VNw3mp
06ZhF	Josh.10.16	בַ/מְּעָרָ֖ה	b/4631	HRd/Ncfsa
06M4z	Josh.10.16	בְּ/מַקֵּדָֽה	b/4719	HR/Np
06t9s	Josh.10.17	וַ/יֻּגַּ֖ד	c/5046	HC/VHw3ms
06ubY	Josh.10.17	לִ/יהוֹשֻׁ֣עַ	l/3091	HR/Np
06hDs	Josh.10.17	לֵ/אמֹ֑ר	l/559	HR/Vqc
06tti	Josh.10.17	נִמְצְאוּ֙	4672	HVNp3cp
06Ht3	Josh.10.17	חֲמֵ֣שֶׁת	2568	HAcmsc
0637A	Josh.10.17	הַ/מְּלָכִ֔ים	d/4428	HTd/Ncmpa
06ZhJ	Josh.10.17	נֶחְבְּאִ֥ים	2244	HVNrmpa
06SmQ	Josh.10.17	בַּ/מְּעָרָ֖ה	b/4631	HRd/Ncfsa
06MZa	Josh.10.17	בְּ/מַקֵּדָֽה	b/4719	HR/Np
06zKB	Josh.10.18	וַ/יֹּ֣אמֶר	c/559	HC/Vqw3ms
06eLd	Josh.10.18	יְהוֹשֻׁ֔עַ	3091	HNp
06o5N	Josh.10.18	גֹּ֛לּוּ	1556	HVqv2mp
06S8J	Josh.10.18	אֲבָנִ֥ים	68	HNcfpa
06wdY	Josh.10.18	גְּדֹל֖וֹת	1419 a	HAafpa
064qA	Josh.10.18	אֶל	413	HR
06vHo	Josh.10.18	פִּ֣י	6310	HNcmsc
06JGD	Josh.10.18	הַ/מְּעָרָ֑ה	d/4631	HTd/Ncfsa
066uD	Josh.10.18	וְ/הַפְקִ֧ידוּ	c/6485 a	HC/Vhv2mp
06CXt	Josh.10.18	עָלֶ֛י/הָ	5921 a	HR/Sp3fs
06Pwy	Josh.10.18	אֲנָשִׁ֖ים	376	HNcmpa
068Dn	Josh.10.18	לְ/שָׁמְרָֽ/ם	l/8104	HR/Vqc/Sp3mp
06avv	Josh.10.19	וְ/אַתֶּם֙	c/859 d	HC/Pp2mp
06bKm	Josh.10.19	אַֽל	408	HTn
064Vj	Josh.10.19	תַּעֲמֹ֔דוּ	5975	HVqj2mp
061Ae	Josh.10.19	רִדְפוּ֙	7291	HVqv2mp
06Kmu	Josh.10.19	אַחֲרֵ֣י	310 a	HR
06yUJ	Josh.10.19	אֹֽיְבֵי/כֶ֔ם	341	HVqrmpc/Sp2mp
06UZY	Josh.10.19	וְ/זִנַּבְתֶּ֖ם	c/2179	HC/Vpq2mp
06t13	Josh.10.19	אוֹתָ֑/ם	853	HTo/Sp3mp
06SW7	Josh.10.19	אַֽל	408	HTn
06znf	Josh.10.19	תִּתְּנ֗וּ/ם	5414	HVqj2mp/Sp3mp
0612R	Josh.10.19	לָ/בוֹא֙	l/935	HR/Vqc
06Wm7	Josh.10.19	אֶל	413	HR
06Jxk	Josh.10.19	עָ֣רֵי/הֶ֔ם	5892 b	HNcfpc/Sp3mp
06zc3	Josh.10.19	כִּ֧י	3588 a	HC
06hE9	Josh.10.19	נְתָנָ֛/ם	5414	HVqp3ms/Sp3mp
06NHf	Josh.10.19	יְהוָ֥ה	3068	HNp
06d3H	Josh.10.19	אֱלֹהֵי/כֶ֖ם	430	HNcmpc/Sp2mp
06hmj	Josh.10.19	בְּ/יֶדְ/כֶֽם	b/3027	HR/Ncbsc/Sp2mp
06GSJ	Josh.10.20	וַ/יְהִי֩	c/1961	HC/Vqw3ms
06RMB	Josh.10.20	כְּ/כַלּ֨וֹת	k/3615	HR/Vpc
062am	Josh.10.20	יְהוֹשֻׁ֜עַ	3091	HNp
06Pwx	Josh.10.20	וּ/בְנֵ֣י	c/1121 a	HC/Ncmpc
06sNu	Josh.10.20	יִשְׂרָאֵ֗ל	3478	HNp
06SGp	Josh.10.20	לְ/הַכּוֹתָ֛/ם	l/5221	HR/Vhc/Sp3mp
06AKE	Josh.10.20	מַכָּ֥ה	4347	HNcfsa
06BdE	Josh.10.20	גְדוֹלָֽה	1419 a	HAafsa
06Z58	Josh.10.20	מְאֹ֖ד	3966	HD
06sXJ	Josh.10.20	עַד	5704	HR
06nEL	Josh.10.20	תֻּמָּ֑/ם	8552	HVqc/Sp3mp
06LDB	Josh.10.20	וְ/הַ/שְּׂרִידִים֙	c/d/8300	HC/Td/Ncmpa
06Lsc	Josh.10.20	שָׂרְד֣וּ	8277	HVqp3cp
064Se	Josh.10.20	מֵ/הֶ֔ם	m	HR/Sp3mp
06KM8	Josh.10.20	וַ/יָּבֹ֖אוּ	c/935	HC/Vqw3mp
069DU	Josh.10.20	אֶל	413	HR
064Q5	Josh.10.20	עָרֵ֥י	5892 b	HNcfpc
06NAz	Josh.10.20	הַ/מִּבְצָֽר	d/4013	HTd/Ncmsa
06xWi	Josh.10.21	וַ/יָּשֻׁבוּ֩	c/7725	HC/Vqw3mp
06kqa	Josh.10.21	כָל	3605	HNcmsc
06Awb	Josh.10.21	הָ/עָ֨ם	d/5971 a	HTd/Ncmsa
06Us6	Josh.10.21	אֶל	413	HR
06XWb	Josh.10.21	הַ/מַּחֲנֶ֧ה	d/4264	HTd/Ncbsa
06AzE	Josh.10.21	אֶל	413	HR
06zMc	Josh.10.21	יְהוֹשֻׁ֛עַ	3091	HNp
06f4L	Josh.10.21	מַקֵּדָ֖ה	4719	HNp
06zMh	Josh.10.21	בְּ/שָׁל֑וֹם	b/7965	HR/Ncmsa
06uRx	Josh.10.21	לֹֽא	3808	HTn
06u5G	Josh.10.21	חָרַ֞ץ	2782	HVqp3ms
06V2c	Josh.10.21	לִ/בְנֵ֧י	l/1121 a	HR/Ncmpc
06GoD	Josh.10.21	יִשְׂרָאֵ֛ל	3478	HNp
06Euf	Josh.10.21	לְ/אִ֖ישׁ	l/376	HR/Ncmsa
06hmw	Josh.10.21	אֶת	853	HTo
06Hme	Josh.10.21	לְשֹׁנֽ/וֹ	3956	HNcbsc/Sp3ms
06pDV	Josh.10.22	וַ/יֹּ֣אמֶר	c/559	HC/Vqw3ms
06zCP	Josh.10.22	יְהוֹשֻׁ֔עַ	3091	HNp
06QxP	Josh.10.22	פִּתְח֖וּ	6605 a	HVqv2mp
06ihJ	Josh.10.22	אֶת	853	HTo
06NR3	Josh.10.22	פִּ֣י	6310	HNcmsc
06Wsp	Josh.10.22	הַ/מְּעָרָ֑ה	d/4631	HTd/Ncfsa
06eVQ	Josh.10.22	וְ/הוֹצִ֣יאוּ	c/3318	HC/Vhv2mp
06upN	Josh.10.22	אֵלַ֗/י	413	HR/Sp1cs
06Zh8	Josh.10.22	אֶת	853	HTo
06Pf6	Josh.10.22	חֲמֵ֛שֶׁת	2568	HAcmsc
06kEn	Josh.10.22	הַ/מְּלָכִ֥ים	d/4428	HTd/Ncmpa
06det	Josh.10.22	הָ/אֵ֖לֶּה	d/428	HTd/Pdxcp
06peM	Josh.10.22	מִן	4480 a	HR
06dMe	Josh.10.22	הַ/מְּעָרָֽה	d/4631	HTd/Ncfsa
06VmC	Josh.10.23	וַ/יַּ֣עֲשׂוּ	c/6213 a	HC/Vqw3mp
06wQx	Josh.10.23	כֵ֔ן	3651 c	HD
06VMV	Josh.10.23	וַ/יֹּצִ֣יאוּ	c/3318	HC/Vhw3mp
06GSm	Josh.10.23	אֵלָ֗י/ו	413	HR/Sp3ms
065sF	Josh.10.23	אֶת	853	HTo
06Rdh	Josh.10.23	חֲמֵ֛שֶׁת	2568	HAcmsc
06V35	Josh.10.23	הַ/מְּלָכִ֥ים	d/4428	HTd/Ncmpa
06iQU	Josh.10.23	הָ/אֵ֖לֶּה	d/428	HTd/Pdxcp
064GK	Josh.10.23	מִן	4480 a	HR
067A7	Josh.10.23	הַ/מְּעָרָ֑ה	d/4631	HTd/Ncfsa
06W71	Josh.10.23	אֵ֣ת	853	HTo
0688E	Josh.10.23	מֶ֣לֶךְ	4428	HNcmsc
06Gdj	Josh.10.23	יְרוּשָׁלִַ֗ם	3389	HNp
06h3q	Josh.10.23	אֶת	853	HTo
06fkU	Josh.10.23	מֶ֤לֶךְ	4428	HNcmsc
06Ass	Josh.10.23	חֶבְרוֹן֙	2275 a	HNp
0697U	Josh.10.23	אֶת	853	HTo
06YSa	Josh.10.23	מֶ֣לֶךְ	4428	HNcmsc
06FHj	Josh.10.23	יַרְמ֔וּת	3412	HNp
068ZH	Josh.10.23	אֶת	853	HTo
06vK2	Josh.10.23	מֶ֥לֶךְ	4428	HNcmsc
06SNW	Josh.10.23	לָכִ֖ישׁ	3923	HNp
06Mrd	Josh.10.23	אֶת	853	HTo
06mxr	Josh.10.23	מֶ֥לֶךְ	4428	HNcmsc
06Rm3	Josh.10.23	עֶגְלֽוֹן	5700	HNp
06JFe	Josh.10.24	וַ֠/יְהִי	c/1961	HC/Vqw3ms
06Vat	Josh.10.24	כְּֽ/הוֹצִיאָ֞/ם	k/3318	HR/Vhc/Sp3mp
064Nu	Josh.10.24	אֶת	853	HTo
0659s	Josh.10.24	הַ/מְּלָכִ֣ים	d/4428	HTd/Ncmpa
06yAS	Josh.10.24	הָ/אֵלֶּה֮	d/428	HTd/Pdxcp
06Drk	Josh.10.24	אֶל	413	HR
06kox	Josh.10.24	יְהוֹשֻׁעַ֒	3091	HNp
06qHe	Josh.10.24	וַ/יִּקְרָ֨א	c/7121	HC/Vqw3ms
06bLP	Josh.10.24	יְהוֹשֻׁ֜עַ	3091	HNp
06VkX	Josh.10.24	אֶל	413	HR
06Cjp	Josh.10.24	כָּל	3605	HNcmsc
069dQ	Josh.10.24	אִ֣ישׁ	376	HNcmsc
06VAa	Josh.10.24	יִשְׂרָאֵ֗ל	3478	HNp
06PY4	Josh.10.24	וַ֠/יֹּאמֶר	c/559	HC/Vqw3ms
06N7X	Josh.10.24	אֶל	413	HR
069vs	Josh.10.24	קְצִינֵ֞י	7101	HNcmpc
06C5h	Josh.10.24	אַנְשֵׁ֤י	376	HNcmpc
06a7n	Josh.10.24	הַ/מִּלְחָמָה֙	d/4421	HTd/Ncfsa
06zJe	Josh.10.24	הֶ/הָלְכ֣וּא	d/1980	HTd/Vqp3cp
06PcK	Josh.10.24	אִתּ֔/וֹ	854	HR/Sp3ms
06c4r	Josh.10.24	קִרְב֗וּ	7126	HVqv2mp
061zb	Josh.10.24	שִׂ֚ימוּ	7760 a	HVqv2mp
0689i	Josh.10.24	אֶת	853	HTo
06sCL	Josh.10.24	רַגְלֵי/כֶ֔ם	7272	HNcfdc/Sp2mp
06faF	Josh.10.24	עַֽל	5921 a	HR
06kqz	Josh.10.24	צַוְּארֵ֖י	6677 a	HNcmpc
0696q	Josh.10.24	הַ/מְּלָכִ֣ים	d/4428	HTd/Ncmpa
06ret	Josh.10.24	הָ/אֵ֑לֶּה	d/428	HTd/Pdxcp
06C7D	Josh.10.24	וַֽ/יִּקְרְב֔וּ	c/7126	HC/Vqw3mp
062md	Josh.10.24	וַ/יָּשִׂ֥ימוּ	c/7760 a	HC/Vqw3mp
06XGJ	Josh.10.24	אֶת	853	HTo
06hPa	Josh.10.24	רַגְלֵי/הֶ֖ם	7272	HNcfdc/Sp3mp
06vef	Josh.10.24	עַל	5921 a	HR
06cJJ	Josh.10.24	צַוְּארֵי/הֶֽם	6677 a	HNcmpc/Sp3mp
06rbT	Josh.10.25	וַ/יֹּ֤אמֶר	c/559	HC/Vqw3ms
068Ea	Josh.10.25	אֲלֵי/הֶם֙	413	HR/Sp3mp
06gVK	Josh.10.25	יְהוֹשֻׁ֔עַ	3091	HNp
064HS	Josh.10.25	אַל	408	HTn
06mj8	Josh.10.25	תִּֽירְא֖וּ	3372	HVqj2mp
06bJu	Josh.10.25	וְ/אַל	c/408	HC/Tn
06MwN	Josh.10.25	תֵּחָ֑תּוּ	2865	HVNj2mp
06wWB	Josh.10.25	חִזְק֣וּ	2388	HVqv2mp
06trS	Josh.10.25	וְ/אִמְצ֔וּ	c/553	HC/Vqv2mp
06i8H	Josh.10.25	כִּ֣י	3588 a	HC
06rzM	Josh.10.25	כָ֗כָה	3602	HD
06wUo	Josh.10.25	יַעֲשֶׂ֤ה	6213 a	HVqi3ms
06R7j	Josh.10.25	יְהוָה֙	3068	HNp
06qgv	Josh.10.25	לְ/כָל	l/3605	HR/Ncmsc
062zb	Josh.10.25	אֹ֣יְבֵי/כֶ֔ם	341	HVqrmpc/Sp2mp
069RY	Josh.10.25	אֲשֶׁ֥ר	834 a	HTr
06sqX	Josh.10.25	אַתֶּ֖ם	859 d	HPp2mp
06aqQ	Josh.10.25	נִלְחָמִ֥ים	3898 a	HVNrmpa
06rK8	Josh.10.25	אוֹתָֽ/ם	853	HTo/Sp3mp
06LMs	Josh.10.26	וַ/יַּכֵּ֨/ם	c/5221	HC/Vhw3ms/Sp3mp
06SGP	Josh.10.26	יְהוֹשֻׁ֤עַ	3091	HNp
06wyN	Josh.10.26	אַֽחֲרֵי	310 a	HR
063Wk	Josh.10.26	כֵן֙	3651 c	HD
06MKh	Josh.10.26	וַ/יְמִיתֵ֔/ם	c/4191	HC/Vhw3ms/Sp3mp
06xqJ	Josh.10.26	וַ/יִּתְלֵ֕/ם	c/8518	HC/Vqw3ms/Sp3mp
06aoc	Josh.10.26	עַ֖ל	5921 a	HR
06aM6	Josh.10.26	חֲמִשָּׁ֣ה	2568	HAcmsa
06ujL	Josh.10.26	עֵצִ֑ים	6086	HNcmpa
06i5Y	Josh.10.26	וַ/יִּֽהְי֛וּ	c/1961	HC/Vqw3mp
06npa	Josh.10.26	תְּלוּיִ֥ם	8518	HVqsmpa
06E9M	Josh.10.26	עַל	5921 a	HR
06x2c	Josh.10.26	הָ/עֵצִ֖ים	d/6086	HTd/Ncmpa
06Y2D	Josh.10.26	עַד	5704	HR
06Meo	Josh.10.26	הָ/עָֽרֶב	d/6153	HTd/Ncmsa
06h5c	Josh.10.27	וַ/יְהִ֞י	c/1961	HC/Vqw3ms
06Nsn	Josh.10.27	לְ/עֵ֣ת	l/6256	HR/Ncbsc
06Pej	Josh.10.27	בּ֣וֹא	935	HVqc
06tYz	Josh.10.27	הַ/שֶּׁ֗מֶשׁ	d/8121	HTd/Ncbsa
06Pcn	Josh.10.27	צִוָּ֤ה	6680	HVpp3ms
06SiH	Josh.10.27	יְהוֹשֻׁ֨עַ֙	3091	HNp
065cU	Josh.10.27	וַ/יֹּֽרִידוּ/ם֙	c/3381	HC/Vhw3mp/Sp3mp
06Eeo	Josh.10.27	מֵ/עַ֣ל	m/5921 a	HR/R
06mie	Josh.10.27	הָ/עֵצִ֔ים	d/6086	HTd/Ncmpa
06Unm	Josh.10.27	וַ/יַּ֨שְׁלִכֻ֔/ם	c/7993	HC/Vhw3mp/Sp3mp
06kSG	Josh.10.27	אֶל	413	HR
06gGY	Josh.10.27	הַ/מְּעָרָ֖ה	d/4631	HTd/Ncfsa
06wFV	Josh.10.27	אֲשֶׁ֣ר	834 a	HTr
06RCx	Josh.10.27	נֶחְבְּאוּ	2244	HVNp3cp
06ti5	Josh.10.27	שָׁ֑ם	8033	HD
06rN3	Josh.10.27	וַ/יָּשִׂ֜מוּ	c/7760 a	HC/Vqw3mp
06BLX	Josh.10.27	אֲבָנִ֤ים	68	HNcfpa
06boU	Josh.10.27	גְּדֹלוֹת֙	1419 a	HAafpa
06d1n	Josh.10.27	עַל	5921 a	HR
06b8r	Josh.10.27	פִּ֣י	6310	HNcmsc
06PBA	Josh.10.27	הַ/מְּעָרָ֔ה	d/4631	HTd/Ncfsa
06V4e	Josh.10.27	עַד	5704	HR
06Es6	Josh.10.27	עֶ֖צֶם	6106	HNcfsc
06Uhs	Josh.10.27	הַ/יּ֥וֹם	d/3117	HTd/Ncmsa
06aMR	Josh.10.27	הַ/זֶּֽה	d/2088	HTd/Pdxms
06UuW	Josh.10.28	וְ/אֶת	c/853	HC/To
06RPy	Josh.10.28	מַקֵּדָה֩	4719	HNp
06udF	Josh.10.28	לָכַ֨ד	3920	HVqp3ms
06Sy4	Josh.10.28	יְהוֹשֻׁ֜עַ	3091	HNp
06jnZ	Josh.10.28	בַּ/יּ֣וֹם	b/3117	HRd/Ncmsa
06jnF	Josh.10.28	הַ/ה֗וּא	d/1931	HTd/Pp3ms
067ss	Josh.10.28	וַ/יַּכֶּ֣/הָ	c/5221	HC/Vhw3ms/Sp3fs
06ino	Josh.10.28	לְ/פִי	l/6310	HR/Ncmsc
06XLt	Josh.10.28	חֶרֶב֮	2719	HNcfsa
06ZsF	Josh.10.28	וְ/אֶת	c/853	HC/To
061cW	Josh.10.28	מַלְכָּ/הּ֒	4428	HNcmsc/Sp3fs
06AjK	Josh.10.28	הֶחֱרִ֣ם	2763 a	HVhp3ms
06pFJ	Josh.10.28	אוֹתָ֗/ם	853	HTo/Sp3mp
06K1X	Josh.10.28	וְ/אֶת	c/853	HC/To
06mKX	Josh.10.28	כָּל	3605	HNcmsc
06Mpt	Josh.10.28	הַ/נֶּ֨פֶשׁ֙	d/5315	HTd/Ncbsa
06wP4	Josh.10.28	אֲשֶׁר	834 a	HTr
06jmU	Josh.10.28	בָּ֔/הּ	b	HR/Sp3fs
06eRW	Josh.10.28	לֹ֥א	3808	HTn
06tQY	Josh.10.28	הִשְׁאִ֖יר	7604	HVhp3ms
06R4T	Josh.10.28	שָׂרִ֑יד	8300	HNcmsa
064cT	Josh.10.28	וַ/יַּ֨עַשׂ֙	c/6213 a	HC/Vqw3ms
06m9t	Josh.10.28	לְ/מֶ֣לֶךְ	l/4428	HR/Ncmsc
06MxN	Josh.10.28	מַקֵּדָ֔ה	4719	HNp
06HKE	Josh.10.28	כַּ/אֲשֶׁ֥ר	k/834 d	HR/Tr
06HTT	Josh.10.28	עָשָׂ֖ה	6213 a	HVqp3ms
06V1j	Josh.10.28	לְ/מֶ֥לֶךְ	l/4428	HR/Ncmsc
062Js	Josh.10.28	יְרִיחֽוֹ	3405	HNp
06W9E	Josh.10.29	וַ/יַּעֲבֹ֣ר	c/5674 a	HC/Vqw3ms
06T7b	Josh.10.29	יְ֠הוֹשֻׁעַ	3091	HNp
062vK	Josh.10.29	וְ/כָֽל	c/3605	HC/Ncmsc
06uMy	Josh.10.29	יִשְׂרָאֵ֥ל	3478	HNp
06686	Josh.10.29	עִמּ֛/וֹ	5973 a	HR/Sp3ms
06afp	Josh.10.29	מִ/מַּקֵּדָ֖ה	m/4719	HR/Np
06kV5	Josh.10.29	לִבְנָ֑ה	3841	HNp
06yK5	Josh.10.29	וַ/יִּלָּ֖חֶם	c/3898 a	HC/VNw3ms
06kcg	Josh.10.29	עִם	5973 a	HR
06RRm	Josh.10.29	לִבְנָֽה	3841	HNp
067pV	Josh.10.30	וַ/יִּתֵּן֩	c/5414	HC/Vqw3ms
06HhQ	Josh.10.30	יְהוָ֨ה	3068	HNp
06zX3	Josh.10.30	גַּם	1571	HTa
06qit	Josh.10.30	אוֹתָ֜/הּ	853	HTo/Sp3fs
06mju	Josh.10.30	בְּ/יַ֣ד	b/3027	HR/Ncbsc
06XGi	Josh.10.30	יִשְׂרָאֵ֘ל	3478	HNp
06UFc	Josh.10.30	וְ/אֶת	c/853	HC/To
067B8	Josh.10.30	מַלְכָּ/הּ֒	4428	HNcmsc/Sp3fs
06a34	Josh.10.30	וַ/יַּכֶּ֣/הָ	c/5221	HC/Vhw3ms/Sp3fs
06aKv	Josh.10.30	לְ/פִי	l/6310	HR/Ncmsc
06v9T	Josh.10.30	חֶ֗רֶב	2719	HNcfsa
062tz	Josh.10.30	וְ/אֶת	c/853	HC/To
062y9	Josh.10.30	כָּל	3605	HNcmsc
06swM	Josh.10.30	הַ/נֶּ֨פֶשׁ֙	d/5315	HTd/Ncbsa
06wiK	Josh.10.30	אֲשֶׁר	834 a	HTr
06sDy	Josh.10.30	בָּ֔/הּ	b	HR/Sp3fs
06crC	Josh.10.30	לֹֽא	3808	HTn
06Bwp	Josh.10.30	הִשְׁאִ֥יר	7604	HVhp3ms
06yNo	Josh.10.30	בָּ֖/הּ	b	HR/Sp3fs
06zMn	Josh.10.30	שָׂרִ֑יד	8300	HNcmsa
06TXQ	Josh.10.30	וַ/יַּ֣עַשׂ	c/6213 a	HC/Vqw3ms
06hfV	Josh.10.30	לְ/מַלְכָּ֔/הּ	l/4428	HR/Ncmsc/Sp3fs
06K2f	Josh.10.30	כַּ/אֲשֶׁ֥ר	k/834 d	HR/Tr
06hMA	Josh.10.30	עָשָׂ֖ה	6213 a	HVqp3ms
06g6w	Josh.10.30	לְ/מֶ֥לֶךְ	l/4428	HR/Ncmsc
06Dxg	Josh.10.30	יְרִיחֽוֹ	3405	HNp
06hDt	Josh.10.31	וַ/יַּעֲבֹ֣ר	c/5674 a	HC/Vqw3ms
06JoU	Josh.10.31	יְ֠הוֹשֻׁעַ	3091	HNp
06zcL	Josh.10.31	וְ/כָל	c/3605	HC/Ncmsc
065eb	Josh.10.31	יִשְׂרָאֵ֥ל	3478	HNp
06E5V	Josh.10.31	עִמּ֛/וֹ	5973 a	HR/Sp3ms
06shT	Josh.10.31	מִ/לִּבְנָ֖ה	m/3841	HR/Np
06Gxb	Josh.10.31	לָכִ֑ישָׁ/ה	3923	HNp/Sd
06xdy	Josh.10.31	וַ/יִּ֣חַן	c/2583	HC/Vqw3ms
06xcf	Josh.10.31	עָלֶ֔י/הָ	5921 a	HR/Sp3fs
06R9X	Josh.10.31	וַ/יִּלָּ֖חֶם	c/3898 a	HC/VNw3ms
06gMk	Josh.10.31	בָּֽ/הּ	b	HR/Sp3fs
06wFk	Josh.10.32	וַ/יִּתֵּן֩	c/5414	HC/Vqw3ms
061yV	Josh.10.32	יְהוָ֨ה	3068	HNp
06UKs	Josh.10.32	אֶת	853	HTo
06mMQ	Josh.10.32	לָכִ֜ישׁ	3923	HNp
06akU	Josh.10.32	בְּ/יַ֣ד	b/3027	HR/Ncbsc
06FdP	Josh.10.32	יִשְׂרָאֵ֗ל	3478	HNp
06fBN	Josh.10.32	וַֽ/יִּלְכְּדָ/הּ֙	c/3920	HC/Vqw3ms/Sp3fs
06QgK	Josh.10.32	בַּ/יּ֣וֹם	b/3117	HRd/Ncmsa
06aPN	Josh.10.32	הַ/שֵּׁנִ֔י	d/8145	HTd/Aomsa
06XHx	Josh.10.32	וַ/יַּכֶּ֣/הָ	c/5221	HC/Vhw3ms/Sp3fs
06xxk	Josh.10.32	לְ/פִי	l/6310	HR/Ncmsc
06ShD	Josh.10.32	חֶ֔רֶב	2719	HNcfsa
06MEx	Josh.10.32	וְ/אֶת	c/853	HC/To
0686V	Josh.10.32	כָּל	3605	HNcmsc
064gS	Josh.10.32	הַ/נֶּ֖פֶשׁ	d/5315	HTd/Ncbsa
06X5d	Josh.10.32	אֲשֶׁר	834 a	HTr
062oP	Josh.10.32	בָּ֑/הּ	b	HR/Sp3fs
06fEW	Josh.10.32	כְּ/כֹ֥ל	k/3605	HR/Ncmsa
06mbg	Josh.10.32	אֲשֶׁר	834 a	HTr
06uda	Josh.10.32	עָשָׂ֖ה	6213 a	HVqp3ms
06fci	Josh.10.32	לְ/לִבְנָֽה	l/3841	HR/Np
06FqG	Josh.10.33	אָ֣ז	227 a	HD
06LVx	Josh.10.33	עָלָ֗ה	5927	HVqp3ms
061w8	Josh.10.33	הֹרָם֙	2036	HNp
06wEJ	Josh.10.33	מֶ֣לֶךְ	4428	HNcmsc
06X5H	Josh.10.33	גֶּ֔זֶר	1507	HNp
06Zhq	Josh.10.33	לַ/עְזֹ֖ר	l/5826	HR/Vqc
06b1X	Josh.10.33	אֶת	853	HTo
06w8M	Josh.10.33	לָכִ֑ישׁ	3923	HNp
06tdz	Josh.10.33	וַ/יַּכֵּ֤/הוּ	c/5221	HC/Vhw3ms/Sp3ms
06giU	Josh.10.33	יְהוֹשֻׁ֨עַ֙	3091	HNp
06iXF	Josh.10.33	וְ/אֶת	c/853	HC/To
06ssa	Josh.10.33	עַמּ֔/וֹ	5971 a	HNcmsc/Sp3ms
06REu	Josh.10.33	עַד	5704	HR
06Tdr	Josh.10.33	בִּלְתִּ֥י	1115	HC
06BFg	Josh.10.33	הִשְׁאִֽיר	7604	HVhp3ms
06T8E	Josh.10.33	ל֖/וֹ	l	HR/Sp3ms
06WQf	Josh.10.33	שָׂרִֽיד	8300	HNcmsa
06eUm	Josh.10.34	וַ/יַּעֲבֹ֣ר	c/5674 a	HC/Vqw3ms
066Tw	Josh.10.34	יְ֠הוֹשֻׁעַ	3091	HNp
06ywr	Josh.10.34	וְ/כָל	c/3605	HC/Ncmsc
06oym	Josh.10.34	יִשְׂרָאֵ֥ל	3478	HNp
06Di6	Josh.10.34	עִמּ֛/וֹ	5973 a	HR/Sp3ms
06AXZ	Josh.10.34	מִ/לָּכִ֖ישׁ	m/3923	HR/Np
06o2H	Josh.10.34	עֶגְלֹ֑נָ/ה	5700	HNp/Sd
06MaF	Josh.10.34	וַ/יַּחֲנ֣וּ	c/2583	HC/Vqw3mp
065PZ	Josh.10.34	עָלֶ֔י/הָ	5921 a	HR/Sp3fs
06Gcz	Josh.10.34	וַ/יִּֽלָּחֲמ֖וּ	c/3898 a	HC/VNw3mp
06kjt	Josh.10.34	עָלֶֽי/הָ	5921 a	HR/Sp3fs
06nTA	Josh.10.35	וַֽ/יִּלְכְּד֜וּ/הָ	c/3920	HC/Vqw3mp/Sp3fs
06Xw7	Josh.10.35	בַּ/יּ֤וֹם	b/3117	HRd/Ncmsa
06X3d	Josh.10.35	הַ/הוּא֙	d/1931	HTd/Pp3ms
065Mw	Josh.10.35	וַ/יַּכּ֣וּ/הָ	c/5221	HC/Vhw3mp/Sp3fs
06uvu	Josh.10.35	לְ/פִי	l/6310	HR/Ncmsc
06z1m	Josh.10.35	חֶ֔רֶב	2719	HNcfsa
06BYB	Josh.10.35	וְ/אֵת֙	c/853	HC/To
06fDj	Josh.10.35	כָּל	3605	HNcmsc
06UXN	Josh.10.35	הַ/נֶּ֣פֶשׁ	d/5315	HTd/Ncbsa
06wXa	Josh.10.35	אֲשֶׁר	834 a	HTr
06CmE	Josh.10.35	בָּ֔/הּ	b	HR/Sp3fs
06bdC	Josh.10.35	בַּ/יּ֥וֹם	b/3117	HRd/Ncmsa
06gUj	Josh.10.35	הַ/ה֖וּא	d/1931	HTd/Pp3ms
06kJL	Josh.10.35	הֶחֱרִ֑ים	2763 a	HVhp3ms
06SLq	Josh.10.35	כְּ/כֹ֥ל	k/3605	HR/Ncmsa
06W3H	Josh.10.35	אֲשֶׁר	834 a	HTr
06qJ4	Josh.10.35	עָשָׂ֖ה	6213 a	HVqp3ms
06aVp	Josh.10.35	לְ/לָכִֽישׁ	l/3923	HR/Np
06JGF	Josh.10.36	וַ/יַּ֣עַל	c/5927	HC/Vqw3ms
069aY	Josh.10.36	יְ֠הוֹשֻׁעַ	3091	HNp
069pt	Josh.10.36	וְ/כָֽל	c/3605	HC/Ncmsc
0624k	Josh.10.36	יִשְׂרָאֵ֥ל	3478	HNp
061M6	Josh.10.36	עִמּ֛/וֹ	5973 a	HR/Sp3ms
069Dg	Josh.10.36	מֵ/עֶגְל֖וֹנָ/ה	m/5700	HR/Np/Sd
06RHw	Josh.10.36	חֶבְר֑וֹנָ/ה	2275 a	HNp/Sd
06J9s	Josh.10.36	וַ/יִּֽלָּחֲמ֖וּ	c/3898 a	HC/VNw3mp
06t9t	Josh.10.36	עָלֶֽי/הָ	5921 a	HR/Sp3fs
06ZqP	Josh.10.37	וַ/יִּלְכְּד֣וּ/הָ	c/3920	HC/Vqw3mp/Sp3fs
068Fu	Josh.10.37	וַ/יַּכּֽוּ/הָ	c/5221	HC/Vhw3mp/Sp3fs
06JNs	Josh.10.37	לְ/פִי	l/6310	HR/Ncmsc
06xmF	Josh.10.37	חֶ֠רֶב	2719	HNcfsa
06vVj	Josh.10.37	וְ/אֶת	c/853	HC/To
06pPj	Josh.10.37	מַלְכָּ֨/הּ	4428	HNcmsc/Sp3fs
06n48	Josh.10.37	וְ/אֶת	c/853	HC/To
06LQQ	Josh.10.37	כָּל	3605	HNcmsc
06nFs	Josh.10.37	עָרֶ֜י/הָ	5892 b	HNcfpc/Sp3fs
06zKb	Josh.10.37	וְ/אֶת	c/853	HC/To
06M2G	Josh.10.37	כָּל	3605	HNcmsc
06p7o	Josh.10.37	הַ/נֶּ֤פֶשׁ	d/5315	HTd/Ncbsa
06cvy	Josh.10.37	אֲשֶׁר	834 a	HTr
06uTh	Josh.10.37	בָּ/הּ֙	b	HR/Sp3fs
0662r	Josh.10.37	לֹֽא	3808	HTn
06XAc	Josh.10.37	הִשְׁאִ֣יר	7604	HVhp3ms
06XMh	Josh.10.37	שָׂרִ֔יד	8300	HNcmsa
06Pm6	Josh.10.37	כְּ/כֹ֥ל	k/3605	HR/Ncmsa
06Exh	Josh.10.37	אֲשֶׁר	834 a	HTr
06Mhm	Josh.10.37	עָשָׂ֖ה	6213 a	HVqp3ms
06k8r	Josh.10.37	לְ/עֶגְל֑וֹן	l/5700	HR/Np
06U2q	Josh.10.37	וַ/יַּחֲרֵ֣ם	c/2763 a	HC/Vhw3ms
06f9x	Josh.10.37	אוֹתָ֔/הּ	853	HTo/Sp3fs
06F3B	Josh.10.37	וְ/אֶת	c/853	HC/To
06u6M	Josh.10.37	כָּל	3605	HNcmsc
06ttW	Josh.10.37	הַ/נֶּ֖פֶשׁ	d/5315	HTd/Ncbsa
06Not	Josh.10.37	אֲשֶׁר	834 a	HTr
06QoS	Josh.10.37	בָּֽ/הּ	b	HR/Sp3fs
06MfC	Josh.10.38	וַ/יָּ֧שָׁב	c/7725	HC/Vqw3ms
06KoV	Josh.10.38	יְהוֹשֻׁ֛עַ	3091	HNp
06592	Josh.10.38	וְ/כָל	c/3605	HC/Ncmsc
06Vfx	Josh.10.38	יִשְׂרָאֵ֥ל	3478	HNp
06QkU	Josh.10.38	עִמּ֖/וֹ	5973 a	HR/Sp3ms
066L9	Josh.10.38	דְּבִ֑רָ/ה	1688 a	HNp/Sd
06cpC	Josh.10.38	וַ/יִּלָּ֖חֶם	c/3898 a	HC/VNw3ms
062Ki	Josh.10.38	עָלֶֽי/הָ	5921 a	HR/Sp3fs
06XhP	Josh.10.39	וַֽ/יִּלְכְּדָ֞/הּ	c/3920	HC/Vqw3ms/Sp3fs
06yML	Josh.10.39	וְ/אֶת	c/853	HC/To
06Kk2	Josh.10.39	מַלְכָּ֤/הּ	4428	HNcmsc/Sp3fs
06XAP	Josh.10.39	וְ/אֶת	c/853	HC/To
06DJo	Josh.10.39	כָּל	3605	HNcmsc
06iXN	Josh.10.39	עָרֶ֨י/הָ֙	5892 b	HNcfpc/Sp3fs
06czB	Josh.10.39	וַ/יַּכּ֣וּ/ם	c/5221	HC/Vhw3mp/Sp3mp
06QBD	Josh.10.39	לְ/פִי	l/6310	HR/Ncmsc
06Gxu	Josh.10.39	חֶ֔רֶב	2719	HNcfsa
06BQ9	Josh.10.39	וַֽ/יַּחֲרִ֨ימוּ֙	c/2763 a	HC/Vhw3mp
06y8v	Josh.10.39	אֶת	853	HTo
06wtg	Josh.10.39	כָּל	3605	HNcmsc
06Seg	Josh.10.39	נֶ֣פֶשׁ	5315	HNcbsa
06Kcz	Josh.10.39	אֲשֶׁר	834 a	HTr
065MF	Josh.10.39	בָּ֔/הּ	b	HR/Sp3fs
06eUp	Josh.10.39	לֹ֥א	3808	HTn
06tEh	Josh.10.39	הִשְׁאִ֖יר	7604	HVhp3ms
06x2S	Josh.10.39	שָׂרִ֑יד	8300	HNcmsa
06Npq	Josh.10.39	כַּ/אֲשֶׁ֨ר	k/834 d	HR/Tr
063ti	Josh.10.39	עָשָׂ֜ה	6213 a	HVqp3ms
06QoP	Josh.10.39	לְ/חֶבְר֗וֹן	l/2275 a	HR/Np
06i6S	Josh.10.39	כֵּן	3651 c	HTm
062mi	Josh.10.39	עָשָׂ֤ה	6213 a	HVqp3ms
06HbP	Josh.10.39	לִ/דְבִ֨רָ/ה֙	l/1688 a	HR/Np/Sd
06Wi1	Josh.10.39	וּ/לְ/מַלְכָּ֔/הּ	c/l/4428	HC/R/Ncmsc/Sp3fs
06beE	Josh.10.39	וְ/כַ/אֲשֶׁ֥ר	c/k/834 d	HC/R/Tr
06DvH	Josh.10.39	עָשָׂ֛ה	6213 a	HVqp3ms
066BE	Josh.10.39	לְ/לִבְנָ֖ה	l/3841	HR/Np
06r7k	Josh.10.39	וּ/לְ/מַלְכָּֽ/הּ	c/l/4428	HC/R/Ncmsc/Sp3fs
063kE	Josh.10.40	וַ/יַּכֶּ֣ה	c/5221	HC/Vhw3ms
06UUW	Josh.10.40	יְהוֹשֻׁ֣עַ	3091	HNp
06Jqs	Josh.10.40	אֶת	853	HTo
0687K	Josh.10.40	כָּל	3605	HNcmsc
06gvN	Josh.10.40	הָ/אָ֡רֶץ	d/776	HTd/Ncbsa
06Cye	Josh.10.40	הָ/הָר֩	d/2022	HTd/Ncmsa
06tsb	Josh.10.40	וְ/הַ/נֶּ֨גֶב	c/d/5045	HC/Td/Ncmsa
06RaB	Josh.10.40	וְ/הַ/שְּׁפֵלָ֜ה	c/d/8219	HC/Td/Ncfsa
062a9	Josh.10.40	וְ/הָ/אֲשֵׁד֗וֹת	c/d/794	HC/Td/Ncfpa
06ob2	Josh.10.40	וְ/אֵת֙	c/853	HC/To
06jU7	Josh.10.40	כָּל	3605	HNcmsc
06w2C	Josh.10.40	מַלְכֵי/הֶ֔ם	4428	HNcmpc/Sp3mp
062VS	Josh.10.40	לֹ֥א	3808	HTn
064Jz	Josh.10.40	הִשְׁאִ֖יר	7604	HVhp3ms
06C9r	Josh.10.40	שָׂרִ֑יד	8300	HNcmsa
06yLe	Josh.10.40	וְ/אֵ֤ת	c/853	HC/To
06Ww8	Josh.10.40	כָּל	3605	HNcmsc
06HGy	Josh.10.40	הַ/נְּשָׁמָה֙	d/5397	HTd/Ncfsa
06hGK	Josh.10.40	הֶחֱרִ֔ים	2763 a	HVhp3ms
066pK	Josh.10.40	כַּ/אֲשֶׁ֣ר	k/834 d	HR/Tr
06VQD	Josh.10.40	צִוָּ֔ה	6680	HVpp3ms
06T3u	Josh.10.40	יְהוָ֖ה	3068	HNp
06c96	Josh.10.40	אֱלֹהֵ֥י	430	HNcmpc
06YiK	Josh.10.40	יִשְׂרָאֵֽל	3478	HNp
06Lof	Josh.10.41	וַ/יַּכֵּ֧/ם	c/5221	HC/Vhw3ms/Sp3mp
06ZT8	Josh.10.41	יְהוֹשֻׁ֛עַ	3091	HNp
06s7k	Josh.10.41	מִ/קָּדֵ֥שׁ	m/6947+	HR/Np
063HC	Josh.10.41	בַּרְנֵ֖עַ	6947	HNp
06P6z	Josh.10.41	וְ/עַד	c/5704	HC/R
061W5	Josh.10.41	עַזָּ֑ה	5804	HNp
06q9w	Josh.10.41	וְ/אֵ֛ת	c/853	HC/To
06UE1	Josh.10.41	כָּל	3605	HNcmsc
06Rps	Josh.10.41	אֶ֥רֶץ	776	HNcbsc
06Vbn	Josh.10.41	גֹּ֖שֶׁן	1657	HNp
06Fm5	Josh.10.41	וְ/עַד	c/5704	HC/R
06Wct	Josh.10.41	גִּבְעֽוֹן	1391	HNp
06KQn	Josh.10.42	וְ/אֵ֨ת	c/853	HC/To
06TLX	Josh.10.42	כָּל	3605	HNcmsc
06xcH	Josh.10.42	הַ/מְּלָכִ֤ים	d/4428	HTd/Ncmpa
06LG4	Josh.10.42	הָ/אֵ֨לֶּה֙	d/428	HTd/Pdxcp
06Vcf	Josh.10.42	וְ/אֶת	c/853	HC/To
06yU7	Josh.10.42	אַרְצָ֔/ם	776	HNcbsc/Sp3mp
06WV1	Josh.10.42	לָכַ֥ד	3920	HVqp3ms
06bXb	Josh.10.42	יְהוֹשֻׁ֖עַ	3091	HNp
066sJ	Josh.10.42	פַּ֣עַם	6471	HNcfsc
06t4v	Josh.10.42	אֶחָ֑ת	259	HAcfsa
06ofA	Josh.10.42	כִּ֗י	3588 a	HC
06VgJ	Josh.10.42	יְהוָה֙	3068	HNp
06wSa	Josh.10.42	אֱלֹהֵ֣י	430	HNcmpc
0622e	Josh.10.42	יִשְׂרָאֵ֔ל	3478	HNp
06jsX	Josh.10.42	נִלְחָ֖ם	3898 a	HVNp3ms
06V1h	Josh.10.42	לְ/יִשְׂרָאֵֽל	l/3478	HR/Np
06awv	Josh.10.43	וַ/יָּ֤שָׁב	c/7725	HC/Vqw3ms
06bdJ	Josh.10.43	יְהוֹשֻׁ֨עַ֙	3091	HNp
06ixo	Josh.10.43	וְ/כָל	c/3605	HC/Ncmsc
06iXs	Josh.10.43	יִשְׂרָאֵ֣ל	3478	HNp
06sdj	Josh.10.43	עִמּ֔/וֹ	5973 a	HR/Sp3ms
06GqS	Josh.10.43	אֶל	413	HR
06umc	Josh.10.43	הַֽ/מַּחֲנֶ֖ה	d/4264	HTd/Ncbsa
06B2L	Josh.10.43	הַ/גִּלְגָּֽלָ/ה	d/1537	HTd/Np/Sd
06zE3	Josh.11.1	וַ/יְהִ֕י	c/1961	HC/Vqw3ms
06Y5f	Josh.11.1	כִּ/שְׁמֹ֖עַ	k/8085	HR/Vqc
06YWA	Josh.11.1	יָבִ֣ין	2985	HNp
06mHM	Josh.11.1	מֶֽלֶךְ	4428	HNcmsc
06SDB	Josh.11.1	חָצ֑וֹר	2674	HNp
06DuR	Josh.11.1	וַ/יִּשְׁלַ֗ח	c/7971	HC/Vqw3ms
06VTa	Josh.11.1	אֶל	413	HR
065ZG	Josh.11.1	יוֹבָב֙	3103	HNp
06Wzi	Josh.11.1	מֶ֣לֶךְ	4428	HNcmsc
06Rvo	Josh.11.1	מָד֔וֹן	4068	HNp
06TdV	Josh.11.1	וְ/אֶל	c/413	HC/R
06wCZ	Josh.11.1	מֶ֥לֶךְ	4428	HNcmsc
06rRa	Josh.11.1	שִׁמְר֖וֹן	8110 a	HNp
06UgC	Josh.11.1	וְ/אֶל	c/413	HC/R
06qBN	Josh.11.1	מֶ֥לֶךְ	4428	HNcmsc
065VV	Josh.11.1	אַכְשָֽׁף	407	HNp
06Mo9	Josh.11.2	וְֽ/אֶל	c/413	HC/R
06C5P	Josh.11.2	הַ/מְּלָכִ֞ים	d/4428	HTd/Ncmpa
06hyy	Josh.11.2	אֲשֶׁ֣ר	834 a	HTr
06yJd	Josh.11.2	מִ/צְּפ֗וֹן	m/6828	HR/Ncfsc
067h8	Josh.11.2	בָּ/הָ֧ר	b/2022	HRd/Ncmsa
06EAv	Josh.11.2	וּ/בָ/עֲרָבָ֛ה	c/b/6160	HC/Rd/Ncfsa
06D1Z	Josh.11.2	נֶ֥גֶב	5045	HNcmsc
061Cu	Josh.11.2	כִּֽנֲר֖וֹת	3672	HNp
06j6C	Josh.11.2	וּ/בַ/שְּׁפֵלָ֑ה	c/b/8219	HC/Rd/Ncfsa
06aRN	Josh.11.2	וּ/בְ/נָפ֥וֹת	c/b/5299 b	HC/R/Ncfpc
06C3d	Josh.11.2	דּ֖וֹר	1756	HNp
06Lmq	Josh.11.2	מִ/יָּֽם	m/3220	HR/Ncmsa
06EVf	Josh.11.3	הַֽ/כְּנַעֲנִי֙	d/3669 a	HTd/Ngmsa
06eQX	Josh.11.3	מִ/מִּזְרָ֣ח	m/4217	HR/Ncmsa
06YNf	Josh.11.3	וּ/מִ/יָּ֔ם	c/m/3220	HC/R/Ncmsa
0683b	Josh.11.3	וְ/הָ/אֱמֹרִ֧י	c/d/567	HC/Td/Ngmsa
065fs	Josh.11.3	וְ/הַ/חִתִּ֛י	c/d/2850	HC/Td/Ngmsa
06ACe	Josh.11.3	וְ/הַ/פְּרִזִּ֥י	c/d/6522	HC/Td/Ngmsa
06rv7	Josh.11.3	וְ/הַ/יְבוּסִ֖י	c/d/2983	HC/Td/Ngmsa
061YK	Josh.11.3	בָּ/הָ֑ר	b/2022	HRd/Ncmsa
06kVU	Josh.11.3	וְ/הַֽ/חִוִּי֙	c/d/2340	HC/Td/Ngmsa
06nXq	Josh.11.3	תַּ֣חַת	8478	HR
06Dcn	Josh.11.3	חֶרְמ֔וֹן	2768	HNp
06WDZ	Josh.11.3	בְּ/אֶ֖רֶץ	b/776	HR/Ncbsc
06UzN	Josh.11.3	הַ/מִּצְפָּֽה	d/4709	HTd/Np
06v4E	Josh.11.4	וַ/יֵּצְא֣וּ	c/3318	HC/Vqw3mp
06MrG	Josh.11.4	הֵ֗ם	1992	HPp3mp
06HT2	Josh.11.4	וְ/כָל	c/3605	HC/Ncmsc
066Qq	Josh.11.4	מַֽחֲנֵי/הֶם֙	4264	HNcbpc/Sp3mp
06XYe	Josh.11.4	עִמָּ֔/ם	5973 a	HR/Sp3mp
0676X	Josh.11.4	עַם	5971 a	HNcmsa
065Ua	Josh.11.4	רָ֕ב	7227 a	HAamsa
06ebC	Josh.11.4	כַּ/ח֛וֹל	k/2344	HRd/Ncmsa
069hc	Josh.11.4	אֲשֶׁ֥ר	834 a	HTr
06ovC	Josh.11.4	עַל	5921 a	HR
06XE9	Josh.11.4	שְׂפַת	8193	HNcfsc
066iw	Josh.11.4	הַ/יָּ֖ם	d/3220	HTd/Ncmsa
06eUw	Josh.11.4	לָ/רֹ֑ב	l/7230	HR/Ncbsa
06VkU	Josh.11.4	וְ/ס֥וּס	c/5483 b	HC/Ncmsa
06dYi	Josh.11.4	וָ/רֶ֖כֶב	c/7393	HC/Ncmsa
06dMc	Josh.11.4	רַב	7227 a	HAamsa
06S8k	Josh.11.4	מְאֹֽד	3966	HD
06Yf4	Josh.11.5	וַ/יִּוָּ֣עֲד֔וּ	c/3259	HC/VNw3mp
061w3	Josh.11.5	כֹּ֖ל	3605	HNcmsc
06rcB	Josh.11.5	הַ/מְּלָכִ֣ים	d/4428	HTd/Ncmpa
06pbQ	Josh.11.5	הָ/אֵ֑לֶּה	d/428	HTd/Pdxcp
06N9a	Josh.11.5	וַ/יָּבֹ֜אוּ	c/935	HC/Vqw3mp
06kiJ	Josh.11.5	וַ/יַּחֲנ֤וּ	c/2583	HC/Vqw3mp
06MRj	Josh.11.5	יַחְדָּו֙	3162 b	HD
06j3M	Josh.11.5	אֶל	413	HR
06GBU	Josh.11.5	מֵ֣י	4325	HNcmpc
06bgt	Josh.11.5	מֵר֔וֹם	4792	HNp
06T6V	Josh.11.5	לְ/הִלָּחֵ֖ם	l/3898 a	HR/VNc
06yRs	Josh.11.5	עִם	5973 a	HR
06Gbm	Josh.11.5	יִשְׂרָאֵֽל	3478	HNp
06YSC	Josh.11.6	וַ/יֹּ֨אמֶר	c/559	HC/Vqw3ms
06s2X	Josh.11.6	יְהוָ֣ה	3068	HNp
06bSC	Josh.11.6	אֶל	413	HR
06bHu	Josh.11.6	יְהוֹשֻׁעַ֮	3091	HNp
06h5C	Josh.11.6	אַל	408	HTn
06z6J	Josh.11.6	תִּירָ֣א	3372	HVqj2ms
06Hqt	Josh.11.6	מִ/פְּנֵי/הֶם֒	m/6440	HR/Ncbpc/Sp3mp
06ey4	Josh.11.6	כִּֽי	3588 a	HC
06QMs	Josh.11.6	מָחָ֞ר	4279	HNcmsa
06Afb	Josh.11.6	כָּ/עֵ֣ת	k/6256	HRd/Ncbsa
0627y	Josh.11.6	הַ/זֹּ֗את	d/2063	HTd/Pdxfs
06sEu	Josh.11.6	אָנֹכִ֞י	595	HPp1cs
06rF3	Josh.11.6	נֹתֵ֧ן	5414	HVqrmsa
06VF8	Josh.11.6	אֶת	853	HTo
06jDj	Josh.11.6	כֻּלָּ֛/ם	3605	HNcmsc/Sp3mp
06eBr	Josh.11.6	חֲלָלִ֖ים	2491 a	HAampa
06GCu	Josh.11.6	לִ/פְנֵ֣י	l/6440	HR/Ncbpc
06rbd	Josh.11.6	יִשְׂרָאֵ֑ל	3478	HNp
06YG2	Josh.11.6	אֶת	853	HTo
06kwy	Josh.11.6	סוּסֵי/הֶ֣ם	5483 b	HNcmpc/Sp3mp
063qw	Josh.11.6	תְּעַקֵּ֔ר	6131 b	HVpi2ms
06iWa	Josh.11.6	וְ/אֶת	c/853	HC/To
06cUQ	Josh.11.6	מַרְכְּבֹתֵי/הֶ֖ם	4818	HNcfpc/Sp3mp
064xN	Josh.11.6	תִּשְׂרֹ֥ף	8313	HVqi2ms
06rXs	Josh.11.6	בָּ/אֵֽשׁ	b/784	HRd/Ncbsa
06M3R	Josh.11.7	וַ/יָּבֹ֣א	c/935	HC/Vqw3ms
06d8N	Josh.11.7	יְהוֹשֻׁ֡עַ	3091	HNp
06oTd	Josh.11.7	וְ/כָל	c/3605	HC/Ncmsc
06owL	Josh.11.7	עַם֩	5971 a	HNcmsc
06QQs	Josh.11.7	הַ/מִּלְחָמָ֨ה	d/4421	HTd/Ncfsa
062bu	Josh.11.7	עִמּ֧/וֹ	5973 a	HR/Sp3ms
06Cj3	Josh.11.7	עֲלֵי/הֶ֛ם	5921 a	HR/Sp3mp
06SKp	Josh.11.7	עַל	5921 a	HR
06yJh	Josh.11.7	מֵ֥י	4325	HNcmpc
06RYV	Josh.11.7	מֵר֖וֹם	4792	HNp
06EW6	Josh.11.7	פִּתְאֹ֑ם	6597	HD
06sNB	Josh.11.7	וַֽ/יִּפְּל֖וּ	c/5307	HC/Vqw3mp
06mk1	Josh.11.7	בָּ/הֶֽם	b	HR/Sp3mp
06myk	Josh.11.8	וַ/יִּתְּנֵ֨/ם	c/5414	HC/Vqw3ms/Sp3mp
06mjE	Josh.11.8	יְהוָ֥ה	3068	HNp
06QJA	Josh.11.8	בְּ/יַֽד	b/3027	HR/Ncbsc
06CPB	Josh.11.8	יִשְׂרָאֵל֮	3478	HNp
06113	Josh.11.8	וַ/יַּכּוּ/ם֒	c/5221	HC/Vhw3mp/Sp3mp
06wq8	Josh.11.8	וַֽ/יִּרְדְּפ֞וּ/ם	c/7291	HC/Vqw3mp/Sp3mp
06FGW	Josh.11.8	עַד	5704	HR
06Ld7	Josh.11.8	צִיד֣וֹן	6721	HNp
06Xo3	Josh.11.8	רַבָּ֗ה	7227 a	HAafsa
06RHX	Josh.11.8	וְ/עַד֙	c/5704	HC/R
06BCV	Josh.11.8	מִשְׂרְפ֣וֹת	4956+	HNp
06oTL	Josh.11.8	מַ֔יִם	4956	HNp
06DoL	Josh.11.8	וְ/עַד	c/5704	HC/R
064pE	Josh.11.8	בִּקְעַ֥ת	1237	HNcfsc
06DFj	Josh.11.8	מִצְפֶּ֖ה	4708	HNp
06rYe	Josh.11.8	מִזְרָ֑חָ/ה	4217	HNcmsa/Sd
06b8e	Josh.11.8	וַ/יַּכֻּ֕/ם	c/5221	HC/Vhw3mp/Sp3mp
06jni	Josh.11.8	עַד	5704	HR
06Y7m	Josh.11.8	בִּלְתִּ֥י	1115	HC
06sPR	Josh.11.8	הִשְׁאִֽיר	7604	HVhp3ms
065tD	Josh.11.8	לָ/הֶ֖ם	l	HR/Sp3mp
06m39	Josh.11.8	שָׂרִֽיד	8300	HNcmsa
06ZsB	Josh.11.9	וַ/יַּ֤עַשׂ	c/6213 a	HC/Vqw3ms
06VXi	Josh.11.9	לָ/הֶם֙	l	HR/Sp3mp
06QxV	Josh.11.9	יְהוֹשֻׁ֔עַ	3091	HNp
06c9a	Josh.11.9	כַּ/אֲשֶׁ֥ר	k/834 d	HR/Tr
06v9b	Josh.11.9	אָֽמַר	559	HVqp3ms
06Sw9	Josh.11.9	ל֖/וֹ	l	HR/Sp3ms
06in2	Josh.11.9	יְהוָ֑ה	3068	HNp
06cdx	Josh.11.9	אֶת	853	HTo
066gi	Josh.11.9	סוּסֵי/הֶ֣ם	5483 b	HNcmpc/Sp3mp
069nq	Josh.11.9	עִקֵּ֔ר	6131 b	HVpp3ms
06tmJ	Josh.11.9	וְ/אֶת	c/853	HC/To
06WgN	Josh.11.9	מַרְכְּבֹתֵי/הֶ֖ם	4818	HNcfpc/Sp3mp
06m7K	Josh.11.9	שָׂרַ֥ף	8313	HVqp3ms
06Qzb	Josh.11.9	בָּ/אֵֽשׁ	b/784	HRd/Ncbsa
06DPt	Josh.11.10	וַ/יָּ֨שָׁב	c/7725	HC/Vqw3ms
06AAx	Josh.11.10	יְהוֹשֻׁ֜עַ	3091	HNp
06HFs	Josh.11.10	בָּ/עֵ֤ת	b/6256	HRd/Ncbsa
06duL	Josh.11.10	הַ/הִיא֙	d/1931	HTd/Pp3fs
06Bdx	Josh.11.10	וַ/יִּלְכֹּ֣ד	c/3920	HC/Vqw3ms
06o2X	Josh.11.10	אֶת	853	HTo
06rWy	Josh.11.10	חָצ֔וֹר	2674	HNp
068Pg	Josh.11.10	וְ/אֶת	c/853	HC/To
06FxB	Josh.11.10	מַלְכָּ֖/הּ	4428	HNcmsc/Sp3fs
06eMv	Josh.11.10	הִכָּ֣ה	5221	HVhp3ms
06DrT	Josh.11.10	בֶ/חָ֑רֶב	b/2719	HRd/Ncfsa
06uHY	Josh.11.10	כִּֽי	3588 a	HC
06F9W	Josh.11.10	חָצ֣וֹר	2674	HNp
06mRM	Josh.11.10	לְ/פָנִ֔ים	l/6440	HR/Ncbpa
06aY7	Josh.11.10	הִ֕יא	1931	HPp3fs
06r3M	Josh.11.10	רֹ֖אשׁ	7218 a	HNcmsc
06nzk	Josh.11.10	כָּל	3605	HNcmsc
064we	Josh.11.10	הַ/מַּמְלָכ֥וֹת	d/4467	HTd/Ncfpa
06YKJ	Josh.11.10	הָ/אֵֽלֶּה	d/428	HTd/Pdxcp
0631a	Josh.11.11	וַ֠/יַּכּוּ	c/5221	HC/Vhw3mp
06yFv	Josh.11.11	אֶת	853	HTo
067a7	Josh.11.11	כָּל	3605	HNcmsc
06wMY	Josh.11.11	הַ/נֶּ֨פֶשׁ	d/5315	HTd/Ncbsa
06rQi	Josh.11.11	אֲשֶׁר	834 a	HTr
061TM	Josh.11.11	בָּ֤/הּ	b	HR/Sp3fs
069HW	Josh.11.11	לְ/פִי	l/6310	HR/Ncmsc
06Yoz	Josh.11.11	חֶ֨רֶב֙	2719	HNcfsa
06KFq	Josh.11.11	הַֽחֲרֵ֔ם	2763 a	HVha
06efx	Josh.11.11	לֹ֥א	3808	HTn
06Tt9	Josh.11.11	נוֹתַ֖ר	3498	HVNp3ms
06yQh	Josh.11.11	כָּל	3605	HNcmsc
06CAN	Josh.11.11	נְשָׁמָ֑ה	5397	HNcfsa
06Xva	Josh.11.11	וְ/אֶת	c/853	HC/To
06ef9	Josh.11.11	חָצ֖וֹר	2674	HNp
06JnZ	Josh.11.11	שָׂרַ֥ף	8313	HVqp3ms
06qg7	Josh.11.11	בָּ/אֵֽשׁ	b/784	HRd/Ncbsa
06cSo	Josh.11.12	וְֽ/אֶת	c/853	HC/To
06Yyj	Josh.11.12	כָּל	3605	HNcmsc
06opb	Josh.11.12	עָרֵ֣י	5892 b	HNcfpc
063dA	Josh.11.12	הַ/מְּלָכִֽים	d/4428	HTd/Ncmpa
06m49	Josh.11.12	הָ֠/אֵלֶּה	d/428	HTd/Pdxcp
06HAZ	Josh.11.12	וְֽ/אֶת	c/853	HC/To
0618S	Josh.11.12	כָּל	3605	HNcmsc
06pvu	Josh.11.12	מַלְכֵי/הֶ֞ם	4428	HNcmpc/Sp3mp
06RzD	Josh.11.12	לָכַ֧ד	3920	HVqp3ms
06b9d	Josh.11.12	יְהוֹשֻׁ֛עַ	3091	HNp
06yKt	Josh.11.12	וַ/יַּכֵּ֥/ם	c/5221	HC/Vhw3ms/Sp3mp
06kTv	Josh.11.12	לְ/פִי	l/6310	HR/Ncmsc
063Zu	Josh.11.12	חֶ֖רֶב	2719	HNcfsa
06cNU	Josh.11.12	הֶחֱרִ֣ים	2763 a	HVhp3ms
06w93	Josh.11.12	אוֹתָ֑/ם	853	HTo/Sp3mp
06hRC	Josh.11.12	כַּ/אֲשֶׁ֣ר	k/834 d	HR/Tr
06y8q	Josh.11.12	צִוָּ֔ה	6680	HVpp3ms
066Us	Josh.11.12	מֹשֶׁ֖ה	4872	HNp
067EH	Josh.11.12	עֶ֥בֶד	5650	HNcmsc
06xEy	Josh.11.12	יְהוָֽה	3068	HNp
06dYW	Josh.11.13	רַ֣ק	7535	HTa
06Dbu	Josh.11.13	כָּל	3605	HNcmsc
06biE	Josh.11.13	הֶ/עָרִ֗ים	d/5892 b	HTd/Ncfpa
061oc	Josh.11.13	הָ/עֹֽמְדוֹת֙	d/5975	HTd/Vqrfpa
06X8S	Josh.11.13	עַל	5921 a	HR
06spk	Josh.11.13	תִּלָּ֔/ם	8510	HNcmsc/Sp3mp
06tvc	Josh.11.13	לֹ֥א	3808	HTn
06Xj8	Josh.11.13	שְׂרָפָ֖/ם	8313	HVqp3ms/Sp3mp
063ho	Josh.11.13	יִשְׂרָאֵ֑ל	3478	HNp
06u8J	Josh.11.13	זוּלָתִ֛י	2108	HC
06pVY	Josh.11.13	אֶת	853	HTo
06biG	Josh.11.13	חָצ֥וֹר	2674	HNp
06pZy	Josh.11.13	לְ/בַדָּ֖/הּ	l/905	HR/Ncmsc/Sp3fs
06q48	Josh.11.13	שָׂרַ֥ף	8313	HVqp3ms
06s4E	Josh.11.13	יְהוֹשֻֽׁעַ	3091	HNp
06h3h	Josh.11.14	וְ֠/כֹל	c/3605	HC/Ncmsc
06918	Josh.11.14	שְׁלַ֞ל	7998	HNcmsc
06oD9	Josh.11.14	הֶ/עָרִ֤ים	d/5892 b	HTd/Ncfpa
06iih	Josh.11.14	הָ/אֵ֨לֶּה֙	d/428	HTd/Pdxcp
06vUK	Josh.11.14	וְ/הַ/בְּהֵמָ֔ה	c/d/929	HC/Td/Ncfsa
06ZDx	Josh.11.14	בָּזְז֥וּ	962	HVqp3cp
06YCX	Josh.11.14	לָ/הֶ֖ם	l	HR/Sp3mp
06YWB	Josh.11.14	בְּנֵ֣י	1121 a	HNcmpc
06tQU	Josh.11.14	יִשְׂרָאֵ֑ל	3478	HNp
06CJW	Josh.11.14	רַ֣ק	7535	HTa
06Y86	Josh.11.14	אֶֽת	853	HTo
069vU	Josh.11.14	כָּל	3605	HNcmsc
069R8	Josh.11.14	הָ/אָדָ֞ם	d/120	HTd/Ncmsa
06moo	Josh.11.14	הִכּ֣וּ	5221	HVhp3cp
06gAE	Josh.11.14	לְ/פִי	l/6310	HR/Ncmsc
06ZAq	Josh.11.14	חֶ֗רֶב	2719	HNcfsa
06ubx	Josh.11.14	עַד	5704	HR
06cLd	Josh.11.14	הִשְׁמִדָ/ם֙	8045	HVhc/Sp3mp
06fc7	Josh.11.14	אוֹתָ֔/ם	853	HTo/Sp3mp
06zLa	Josh.11.14	לֹ֥א	3808	HTn
06Dcd	Josh.11.14	הִשְׁאִ֖ירוּ	7604	HVhp3cp
06sHq	Josh.11.14	כָּל	3605	HNcmsc
06Z4P	Josh.11.14	נְשָׁמָֽה	5397	HNcfsa
06n76	Josh.11.15	כַּ/אֲשֶׁ֨ר	k/834 d	HR/Tr
06bD6	Josh.11.15	צִוָּ֤ה	6680	HVpp3ms
06wcG	Josh.11.15	יְהוָה֙	3068	HNp
06S4Y	Josh.11.15	אֶת	853	HTo
06pJA	Josh.11.15	מֹשֶׁ֣ה	4872	HNp
06T7j	Josh.11.15	עַבְדּ֔/וֹ	5650	HNcmsc/Sp3ms
06fBv	Josh.11.15	כֵּן	3651 c	HTm
06mGL	Josh.11.15	צִוָּ֥ה	6680	HVpp3ms
06m4P	Josh.11.15	מֹשֶׁ֖ה	4872	HNp
06YX6	Josh.11.15	אֶת	853	HTo
06aYb	Josh.11.15	יְהוֹשֻׁ֑עַ	3091	HNp
06M4g	Josh.11.15	וְ/כֵן֙	c/3651 c	HC/Tm
06WUC	Josh.11.15	עָשָׂ֣ה	6213 a	HVqp3ms
06pov	Josh.11.15	יְהוֹשֻׁ֔עַ	3091	HNp
063VU	Josh.11.15	לֹֽא	3808	HTn
068qr	Josh.11.15	הֵסִ֣יר	5493	HVhp3ms
06Sag	Josh.11.15	דָּבָ֔ר	1697	HNcmsa
06awo	Josh.11.15	מִ/כֹּ֛ל	m/3605	HR/Ncmsa
06FpW	Josh.11.15	אֲשֶׁר	834 a	HTr
06Q3M	Josh.11.15	צִוָּ֥ה	6680	HVpp3ms
06ztj	Josh.11.15	יְהוָ֖ה	3068	HNp
06uxE	Josh.11.15	אֶת	853	HTo
068qh	Josh.11.15	מֹשֶֽׁה	4872	HNp
06zk3	Josh.11.16	וַ/יִּקַּ֨ח	c/3947	HC/Vqw3ms
06art	Josh.11.16	יְהוֹשֻׁ֜עַ	3091	HNp
06XTQ	Josh.11.16	אֶת	853	HTo
06pgc	Josh.11.16	כָּל	3605	HNcmsc
06nnX	Josh.11.16	הָ/אָ֣רֶץ	d/776	HTd/Ncbsa
069fu	Josh.11.16	הַ/זֹּ֗את	d/2063	HTd/Pdxfs
06gcE	Josh.11.16	הָ/הָ֤ר	d/2022	HTd/Ncmsa
06EgB	Josh.11.16	וְ/אֶת	c/853	HC/To
06NgL	Josh.11.16	כָּל	3605	HNcmsc
06oX6	Josh.11.16	הַ/נֶּ֨גֶב֙	d/5045	HTd/Ncmsa
06JwH	Josh.11.16	וְ/אֵת֙	c/853	HC/To
06LPw	Josh.11.16	כָּל	3605	HNcmsc
06enA	Josh.11.16	אֶ֣רֶץ	776	HNcbsc
06YX2	Josh.11.16	הַ/גֹּ֔שֶׁן	d/1657	HTd/Np
06TkZ	Josh.11.16	וְ/אֶת	c/853	HC/To
06VP3	Josh.11.16	הַ/שְּׁפֵלָ֖ה	d/8219	HTd/Ncfsa
069LC	Josh.11.16	וְ/אֶת	c/853	HC/To
066ty	Josh.11.16	הָ/עֲרָבָ֑ה	d/6160	HTd/Ncfsa
06u6K	Josh.11.16	וְ/אֶת	c/853	HC/To
06PQd	Josh.11.16	הַ֥ר	2022	HNcmsc
06MHe	Josh.11.16	יִשְׂרָאֵ֖ל	3478	HNp
06Q1Y	Josh.11.16	וּ/שְׁפֵלָתֹֽ/ה	c/8219	HC/Ncfsc/Sp3ms
06Y4x	Josh.11.17	מִן	4480 a	HR
06RLf	Josh.11.17	הָ/הָ֤ר	d/2022	HTd/Ncmsa
06R79	Josh.11.17	הֶֽ/חָלָק֙	d/2510	HTd/Np
06xRL	Josh.11.17	הָ/עוֹלֶ֣ה	d/5927	HTd/Vqrmsa
06vxt	Josh.11.17	שֵׂעִ֔יר	8165 a	HNp
0626U	Josh.11.17	וְ/עַד	c/5704	HC/R
06ZvP	Josh.11.17	בַּ֤עַל	1171+	HNp
062eu	Josh.11.17	גָּד֙	1171	HNp
06Xfm	Josh.11.17	בְּ/בִקְעַ֣ת	b/1237	HR/Ncfsc
06sGE	Josh.11.17	הַ/לְּבָנ֔וֹן	d/3844	HTd/Np
066g8	Josh.11.17	תַּ֖חַת	8478	HR
06BrJ	Josh.11.17	הַר	2022	HNcmsc
065mG	Josh.11.17	חֶרְמ֑וֹן	2768	HNp
06wJu	Josh.11.17	וְ/אֵ֤ת	c/853	HC/To
06gKD	Josh.11.17	כָּל	3605	HNcmsc
06hca	Josh.11.17	מַלְכֵי/הֶם֙	4428	HNcmpc/Sp3mp
06khN	Josh.11.17	לָכַ֔ד	3920	HVqp3ms
06nJG	Josh.11.17	וַ/יַּכֵּ֖/ם	c/5221	HC/Vhw3ms/Sp3mp
062W7	Josh.11.17	וַ/יְמִיתֵֽ/ם	c/4191	HC/Vhw3ms/Sp3mp
068pa	Josh.11.18	יָמִ֣ים	3117	HNcmpa
06QNM	Josh.11.18	רַבִּ֗ים	7227 a	HAampa
06KBD	Josh.11.18	עָשָׂ֧ה	6213 a	HVqp3ms
06i6P	Josh.11.18	יְהוֹשֻׁ֛עַ	3091	HNp
06TCC	Josh.11.18	אֶת	854	HR
066Em	Josh.11.18	כָּל	3605	HNcmsc
065S4	Josh.11.18	הַ/מְּלָכִ֥ים	d/4428	HTd/Ncmpa
06MAJ	Josh.11.18	הָ/אֵ֖לֶּה	d/428	HTd/Pdxcp
06eFY	Josh.11.18	מִלְחָמָֽה	4421	HNcfsa
069CN	Josh.11.19	לֹֽא	3808	HTn
063M5	Josh.11.19	הָיְתָ֣ה	1961	HVqp3fs
065Ar	Josh.11.19	עִ֗יר	5892 b	HNcfsa
06315	Josh.11.19	אֲשֶׁ֤ר	834 a	HTr
06EMQ	Josh.11.19	הִשְׁלִ֨ימָה֙	7999 b	HVhp3fs
061qL	Josh.11.19	אֶל	413	HR
06sHh	Josh.11.19	בְּנֵ֣י	1121 a	HNcmpc
06nw3	Josh.11.19	יִשְׂרָאֵ֔ל	3478	HNp
06hip	Josh.11.19	בִּלְתִּ֥י	1115	HC
06qKh	Josh.11.19	הַ/חִוִּ֖י	d/2340	HTd/Ngmsa
06K3s	Josh.11.19	יֹשְׁבֵ֣י	3427	HVqrmpc
06Udm	Josh.11.19	גִבְע֑וֹן	1391	HNp
06pSF	Josh.11.19	אֶת	853	HTo
06wfx	Josh.11.19	הַ/כֹּ֖ל	d/3605	HTd/Ncmsa
06rqa	Josh.11.19	לָקְח֥וּ	3947	HVqp3cp
06ZRa	Josh.11.19	בַ/מִּלְחָמָֽה	b/4421	HRd/Ncfsa
06XtJ	Josh.11.20	כִּ֣י	3588 a	HC
06D2e	Josh.11.20	מֵ/אֵ֣ת	m/854	HR/R
06Mu5	Josh.11.20	יְהוָ֣ה	3068	HNp
06nSW	Josh.11.20	הָיְתָ֡ה	1961	HVqp3fs
068m3	Josh.11.20	לְ/חַזֵּ֣ק	l/2388	HR/Vpc
06fBz	Josh.11.20	אֶת	853	HTo
06yf4	Josh.11.20	לִבָּ/ם֩	3820 a	HNcmsc/Sp3mp
06kib	Josh.11.20	לִ/קְרַ֨את	l/7125	HR/Vqc
06yQw	Josh.11.20	הַ/מִּלְחָמָ֤ה	d/4421	HTd/Ncfsa
06vAd	Josh.11.20	אֶת	854	HR
06hNu	Josh.11.20	יִשְׂרָאֵל֙	3478	HNp
0693D	Josh.11.20	לְמַ֣עַן	4616	HR
06Evy	Josh.11.20	הַֽחֲרִימָ֔/ם	2763 a	HVhc/Sp3mp
06qSH	Josh.11.20	לְ/בִלְתִּ֥י	l/1115	HR/C
06vYV	Josh.11.20	הֱיוֹת	1961	HVqc
06rDA	Josh.11.20	לָ/הֶ֖ם	l	HR/Sp3mp
06Z3T	Josh.11.20	תְּחִנָּ֑ה	8467	HNcfsa
06fn2	Josh.11.20	כִּ֚י	3588 a	HC
064nS	Josh.11.20	לְמַ֣עַן	4616	HR
069p2	Josh.11.20	הַשְׁמִידָ֔/ם	8045	HVhc/Sp3mp
065Sr	Josh.11.20	כַּ/אֲשֶׁ֛ר	k/834 d	HR/Tr
06np9	Josh.11.20	צִוָּ֥ה	6680	HVpp3ms
06au6	Josh.11.20	יְהוָ֖ה	3068	HNp
06Yj4	Josh.11.20	אֶת	853	HTo
06P4Y	Josh.11.20	מֹשֶֽׁה	4872	HNp
063AT	Josh.11.21	וַ/יָּבֹ֨א	c/935	HC/Vqw3ms
06MMh	Josh.11.21	יְהוֹשֻׁ֜עַ	3091	HNp
06C6R	Josh.11.21	בָּ/עֵ֣ת	b/6256	HRd/Ncbsa
06Tsm	Josh.11.21	הַ/הִ֗יא	d/1931	HTd/Pp3fs
06C4T	Josh.11.21	וַ/יַּכְרֵ֤ת	c/3772	HC/Vhw3ms
06ErU	Josh.11.21	אֶת	853	HTo
06b1D	Josh.11.21	הָֽ/עֲנָקִים֙	d/6062	HTd/Ngmpa
06RBu	Josh.11.21	מִן	4480 a	HR
06DAW	Josh.11.21	הָ/הָ֤ר	d/2022	HTd/Ncmsa
06Hip	Josh.11.21	מִן	4480 a	HR
06rvf	Josh.11.21	חֶבְרוֹן֙	2275 a	HNp
06EUu	Josh.11.21	מִן	4480 a	HR
06MRq	Josh.11.21	דְּבִ֣ר	1688 a	HNp
06Rrp	Josh.11.21	מִן	4480 a	HR
0617A	Josh.11.21	עֲנָ֔ב	6024	HNp
06Q4z	Josh.11.21	וּ/מִ/כֹּל֙	c/m/3605	HC/R/Ncmsc
06FYp	Josh.11.21	הַ֣ר	2022	HNcmsc
068m1	Josh.11.21	יְהוּדָ֔ה	3063	HNp
068mf	Josh.11.21	וּ/מִ/כֹּ֖ל	c/m/3605	HC/R/Ncmsc
063kw	Josh.11.21	הַ֣ר	2022	HNcmsc
06wCh	Josh.11.21	יִשְׂרָאֵ֑ל	3478	HNp
06zrv	Josh.11.21	עִם	5973 a	HR
06zCn	Josh.11.21	עָרֵי/הֶ֖ם	5892 b	HNcfpc/Sp3mp
063zp	Josh.11.21	הֶחֱרִימָ֥/ם	2763 a	HVhp3ms/Sp3mp
06QAE	Josh.11.21	יְהוֹשֻֽׁעַ	3091	HNp
06jpx	Josh.11.22	לֹֽא	3808	HTn
06i8q	Josh.11.22	נוֹתַ֣ר	3498	HVNp3ms
06TP4	Josh.11.22	עֲנָקִ֔ים	6062	HNcmpa
069Ng	Josh.11.22	בְּ/אֶ֖רֶץ	b/776	HR/Ncbsc
064MJ	Josh.11.22	בְּנֵ֣י	1121 a	HNcmpc
06efU	Josh.11.22	יִשְׂרָאֵ֑ל	3478	HNp
06R3h	Josh.11.22	רַ֗ק	7535	HTa
06icS	Josh.11.22	בְּ/עַזָּ֛ה	b/5804	HR/Np
06hwb	Josh.11.22	בְּ/גַ֥ת	b/1661	HR/Np
06rTr	Josh.11.22	וּ/בְ/אַשְׁדּ֖וֹד	c/b/795	HC/R/Np
06bfb	Josh.11.22	נִשְׁאָֽרוּ	7604	HVNp3cp
06mEa	Josh.11.23	וַ/יִּקַּ֨ח	c/3947	HC/Vqw3ms
06ydN	Josh.11.23	יְהוֹשֻׁ֜עַ	3091	HNp
06HVK	Josh.11.23	אֶת	853	HTo
06jiK	Josh.11.23	כָּל	3605	HNcmsc
06Vqg	Josh.11.23	הָ/אָ֗רֶץ	d/776	HTd/Ncbsa
06yTL	Josh.11.23	כְּ֠/כֹל	k/3605	HR/Ncmsa
063Xt	Josh.11.23	אֲשֶׁ֨ר	834 a	HTr
06dTm	Josh.11.23	דִּבֶּ֣ר	1696	HVpp3ms
066o3	Josh.11.23	יְהוָה֮	3068	HNp
06cZp	Josh.11.23	אֶל	413	HR
06diR	Josh.11.23	מֹשֶׁה֒	4872	HNp
06kEs	Josh.11.23	וַ/יִּתְּנָ/הּ֩	c/5414	HC/Vqw3ms/Sp3fs
06bvu	Josh.11.23	יְהוֹשֻׁ֨עַ	3091	HNp
06a1T	Josh.11.23	לְ/נַחֲלָ֧ה	l/5159	HR/Ncfsa
06TnP	Josh.11.23	לְ/יִשְׂרָאֵ֛ל	l/3478	HR/Np
06JjK	Josh.11.23	כְּ/מַחְלְקֹתָ֖/ם	k/4256	HR/Ncfpc/Sp3mp
06PFs	Josh.11.23	לְ/שִׁבְטֵי/הֶ֑ם	l/7626	HR/Ncmpc/Sp3mp
063pH	Josh.11.23	וְ/הָ/אָ֥רֶץ	c/d/776	HC/Td/Ncbsa
06eEz	Josh.11.23	שָׁקְטָ֖ה	8252	HVqp3fs
06RwK	Josh.11.23	מִ/מִּלְחָמָֽה	m/4421	HR/Ncfsa
06vTf	Josh.12.1	וְ/אֵ֣לֶּה	c/428	HC/Pdxcp
06jRy	Josh.12.1	מַלְכֵ֣י	4428	HNcmpc
06kAg	Josh.12.1	הָ/אָ֗רֶץ	d/776	HTd/Ncbsa
066JK	Josh.12.1	אֲשֶׁ֨ר	834 a	HTr
06ibz	Josh.12.1	הִכּ֤וּ	5221	HVhp3cp
066Zt	Josh.12.1	בְנֵֽי	1121 a	HNcmpc
06Ywk	Josh.12.1	יִשְׂרָאֵל֙	3478	HNp
062Ag	Josh.12.1	וַ/יִּֽרְשׁ֣וּ	c/3423	HC/Vqw3mp
06Saf	Josh.12.1	אֶת	853	HTo
06KVW	Josh.12.1	אַרְצָ֔/ם	776	HNcbsc/Sp3mp
06ybr	Josh.12.1	בְּ/עֵ֥בֶר	b/5676	HR/Ncmsc
06Rgy	Josh.12.1	הַ/יַּרְדֵּ֖ן	d/3383	HTd/Np
06CDd	Josh.12.1	מִזְרְחָ֣/ה	4217	HNcmsc/Sd
06Li1	Josh.12.1	הַ/שָּׁ֑מֶשׁ	d/8121	HTd/Ncbsa
06pYz	Josh.12.1	מִ/נַּ֤חַל	m/5158 a	HR/Ncmsc
06mTQ	Josh.12.1	אַרְנוֹן֙	769	HNp
06yeW	Josh.12.1	עַד	5704	HR
065vv	Josh.12.1	הַ֣ר	2022	HNcmsc
06V6s	Josh.12.1	חֶרְמ֔וֹן	2768	HNp
06FCH	Josh.12.1	וְ/כָל	c/3605	HC/Ncmsc
061f5	Josh.12.1	הָ/עֲרָבָ֖ה	d/6160	HTd/Ncfsa
06Z5P	Josh.12.1	מִזְרָֽחָ/ה	4217	HNcmsa/Sd
065KP	Josh.12.2	סִיחוֹן֙	5511	HNp
06qVV	Josh.12.2	מֶ֣לֶךְ	4428	HNcmsc
06Pg2	Josh.12.2	הָ/אֱמֹרִ֔י	d/567	HTd/Ngmsa
06Zue	Josh.12.2	הַ/יּוֹשֵׁ֖ב	d/3427	HTd/Vqrmsa
06ncc	Josh.12.2	בְּ/חֶשְׁבּ֑וֹן	b/2809	HR/Np
062Dc	Josh.12.2	מֹשֵׁ֡ל	4910	HVqrmsa
06gKj	Josh.12.2	מֵ/עֲרוֹעֵ֡ר	m/6177	HR/Np
06fDt	Josh.12.2	אֲשֶׁר֩	834 a	HTr
06Zsb	Josh.12.2	עַל	5921 a	HR
067ZE	Josh.12.2	שְׂפַת	8193	HNcfsc
06zWF	Josh.12.2	נַ֨חַל	5158 a	HNcmsc
06XPk	Josh.12.2	אַרְנ֜וֹן	769	HNp
06G2M	Josh.12.2	וְ/ת֤וֹךְ	c/8432	HC/Ncmsc
06hHK	Josh.12.2	הַ/נַּ֨חַל֙	d/5158 a	HTd/Ncmsa
06a8K	Josh.12.2	וַ/חֲצִ֣י	c/2677	HC/Ncmsc
06uiR	Josh.12.2	הַ/גִּלְעָ֔ד	d/1568	HTd/Np
06sWP	Josh.12.2	וְ/עַד֙	c/5704	HC/R
06GBG	Josh.12.2	יַבֹּ֣ק	2999	HNp
06acQ	Josh.12.2	הַ/נַּ֔חַל	d/5158 a	HTd/Ncmsa
06t1b	Josh.12.2	גְּב֖וּל	1366	HNcmsc
06aWG	Josh.12.2	בְּנֵ֥י	1121 a	HNcmpc
06G7R	Josh.12.2	עַמּֽוֹן	5983	HNp
06AZv	Josh.12.3	וְ/הָ/עֲרָבָה֩	c/d/6160	HC/Td/Ncfsa
06ZFu	Josh.12.3	עַד	5704	HR
06qRc	Josh.12.3	יָ֨ם	3220	HNcmsc
06882	Josh.12.3	כִּנְר֜וֹת	3672	HNp
06JzX	Josh.12.3	מִזְרָ֗חָ/ה	4217	HNcmsa/Sd
06EPM	Josh.12.3	וְ֠/עַד	c/5704	HC/R
068LY	Josh.12.3	יָ֣ם	3220	HNcmsc
06TcQ	Josh.12.3	הָ/עֲרָבָ֤ה	d/6160	HTd/Ncfsa
06CiQ	Josh.12.3	יָם	3220	HNcmsc
06PJ7	Josh.12.3	הַ/מֶּ֨לַח֙	d/4417	HTd/Ncmsa
06kht	Josh.12.3	מִזְרָ֔חָ/ה	4217	HNcmsa/Sd
06JpD	Josh.12.3	דֶּ֖רֶךְ	1870	HNcbsc
06mnM	Josh.12.3	בֵּ֣ית	1020+	HNp
06wHF	Josh.12.3	הַיְשִׁמ֑וֹת	1020	HNp
06yhp	Josh.12.3	וּ/מִ֨/תֵּימָ֔ן	c/m/8486	HC/R/Ncfsa
06U6B	Josh.12.3	תַּ֖חַת	8478	HR
066Li	Josh.12.3	אַשְׁדּ֥וֹת	794	HNcfpc
06hin	Josh.12.3	הַ/פִּסְגָּֽה	d/6449	HTd/Np
06JVU	Josh.12.4	וּ/גְב֗וּל	c/1366	HC/Ncmsc
06YsH	Josh.12.4	ע֚וֹג	5747	HNp
06Y6g	Josh.12.4	מֶ֣לֶךְ	4428	HNcmsc
06mjQ	Josh.12.4	הַ/בָּשָׁ֔ן	d/1316	HTd/Np
06gFP	Josh.12.4	מִ/יֶּ֖תֶר	m/3499 a	HR/Ncmsc
06oHn	Josh.12.4	הָ/רְפָאִ֑ים	d/7497 b	HTd/Np
063wd	Josh.12.4	הַ/יּוֹשֵׁ֥ב	d/3427	HTd/Vqrmsa
06HXV	Josh.12.4	בְּ/עַשְׁתָּר֖וֹת	b/6252	HR/Np
06fTJ	Josh.12.4	וּ/בְ/אֶדְרֶֽעִי	c/b/154	HC/R/Np
06gq4	Josh.12.5	וּ֠/מֹשֵׁל	c/4910	HC/Vqrmsa
0696j	Josh.12.5	בְּ/הַ֨ר	b/2022	HR/Ncmsc
06apg	Josh.12.5	חֶרְמ֤וֹן	2768	HNp
06m2R	Josh.12.5	וּ/בְ/סַלְכָה֙	c/b/5548	HC/R/Np
06xro	Josh.12.5	וּ/בְ/כָל	c/b/3605	HC/R/Ncmsc
06GFp	Josh.12.5	הַ/בָּשָׁ֔ן	d/1316	HTd/Np
06rbG	Josh.12.5	עַד	5704	HR
069Fz	Josh.12.5	גְּב֥וּל	1366	HNcmsc
067pF	Josh.12.5	הַ/גְּשׁוּרִ֖י	d/1651	HTd/Ngmsa
062K9	Josh.12.5	וְ/הַ/מַּעֲכָתִ֑י	c/d/4602	HC/Td/Ngmsa
06Xqr	Josh.12.5	וַ/חֲצִי֙	c/2677	HC/Ncmsc
06WuJ	Josh.12.5	הַ/גִּלְעָ֔ד	d/1568	HTd/Np
06ZHe	Josh.12.5	גְּב֖וּל	1366	HNcmsc
06K24	Josh.12.5	סִיח֥וֹן	5511	HNp
06t3M	Josh.12.5	מֶֽלֶךְ	4428	HNcmsc
06nLn	Josh.12.5	חֶשְׁבּֽוֹן	2809	HNp
06byF	Josh.12.6	מֹשֶׁ֧ה	4872	HNp
06NQV	Josh.12.6	עֶֽבֶד	5650	HNcmsc
06RhE	Josh.12.6	יְהוָ֛ה	3068	HNp
06JDU	Josh.12.6	וּ/בְנֵ֥י	c/1121 a	HC/Ncmpc
06JCR	Josh.12.6	יִשְׂרָאֵ֖ל	3478	HNp
06D4D	Josh.12.6	הִכּ֑וּ/ם	5221	HVhp3cp/Sp3mp
06XqW	Josh.12.6	וַֽ֠/יִּתְּנָ/הּ	c/5414	HC/Vqw3ms/Sp3fs
06FeL	Josh.12.6	מֹשֶׁ֨ה	4872	HNp
06urP	Josh.12.6	עֶֽבֶד	5650	HNcmsc
066hR	Josh.12.6	יְהוָ֜ה	3068	HNp
06sJT	Josh.12.6	יְרֻשָּׁ֗ה	3425	HNcfsa
06eix	Josh.12.6	לָ/רֻֽאוּבֵנִי֙	l/7206	HRd/Ngmsa
064SZ	Josh.12.6	וְ/לַ/גָּדִ֔י	c/l/1425	HC/Rd/Ngmsa
06ujg	Josh.12.6	וְ/לַ/חֲצִ֖י	c/l/2677	HC/R/Ncmsc
06n8U	Josh.12.6	שֵׁ֥בֶט	7626	HNcmsc
06KFN	Josh.12.6	הַֽ/מְנַשֶּֽׁה	d/4519	HTd/Np
06ee6	Josh.12.7	וְ/אֵ֣לֶּה	c/428	HC/Pdxcp
06L7f	Josh.12.7	מַלְכֵ֣י	4428	HNcmpc
06Nkz	Josh.12.7	הָ/אָ֡רֶץ	d/776	HTd/Ncbsa
06e66	Josh.12.7	אֲשֶׁר֩	834 a	HTr
06Xic	Josh.12.7	הִכָּ֨ה	5221	HVhp3ms
069VK	Josh.12.7	יְהוֹשֻׁ֜עַ	3091	HNp
06MHN	Josh.12.7	וּ/בְנֵ֣י	c/1121 a	HC/Ncmpc
06zWe	Josh.12.7	יִשְׂרָאֵ֗ל	3478	HNp
06Toi	Josh.12.7	בְּ/עֵ֤בֶר	b/5676	HR/Ncmsc
068VV	Josh.12.7	הַ/יַּרְדֵּן֙	d/3383	HTd/Np
06K1b	Josh.12.7	יָ֔מָּ/ה	3220	HNcmsa/Sd
06Lgi	Josh.12.7	מִ/בַּ֤עַל	m/1171+	HR/Np
066Yk	Josh.12.7	גָּד֙	1171	HNp
06yaX	Josh.12.7	בְּ/בִקְעַ֣ת	b/1237	HR/Ncfsc
06LmW	Josh.12.7	הַ/לְּבָנ֔וֹן	d/3844	HTd/Np
06YUT	Josh.12.7	וְ/עַד	c/5704	HC/R
06Cts	Josh.12.7	הָ/הָ֥ר	d/2022	HTd/Ncmsa
06yqG	Josh.12.7	הֶ/חָלָ֖ק	d/2510	HTd/Np
066ev	Josh.12.7	הָ/עֹלֶ֣ה	d/5927	HTd/Vqrmsa
06MDh	Josh.12.7	שֵׂעִ֑ירָ/ה	8165 a	HNp/Sd
06gZp	Josh.12.7	וַ/יִּתְּנָ֨/הּ	c/5414	HC/Vqw3ms/Sp3fs
06dmq	Josh.12.7	יְהוֹשֻׁ֜עַ	3091	HNp
06RFy	Josh.12.7	לְ/שִׁבְטֵ֧י	l/7626	HR/Ncmpc
06U5A	Josh.12.7	יִשְׂרָאֵ֛ל	3478	HNp
06YEo	Josh.12.7	יְרֻשָּׁ֖ה	3425	HNcfsa
06WW5	Josh.12.7	כְּ/מַחְלְקֹתָֽ/ם	k/4256	HR/Ncfpc/Sp3mp
06xB1	Josh.12.8	בָּ/הָ֣ר	b/2022	HRd/Ncmsa
06Dut	Josh.12.8	וּ/בַ/שְּׁפֵלָ֗ה	c/b/8219	HC/Rd/Ncfsa
06aAs	Josh.12.8	וּ/בָֽ/עֲרָבָה֙	c/b/6160	HC/Rd/Ncfsa
06iR4	Josh.12.8	וּ/בָ֣/אֲשֵׁד֔וֹת	c/b/794	HC/Rd/Ncfpa
06WD5	Josh.12.8	וּ/בַ/מִּדְבָּ֖ר	c/b/4057 b	HC/Rd/Ncmsa
06QVS	Josh.12.8	וּ/בַ/נֶּ֑גֶב	c/b/5045	HC/Rd/Ncmsa
06Byp	Josh.12.8	הַֽ/חִתִּי֙	d/2850	HTd/Ngmsa
06WT7	Josh.12.8	הָֽ/אֱמֹרִ֔י	d/567	HTd/Ngmsa
06mgg	Josh.12.8	וְ/הַֽ/כְּנַעֲנִי֙	c/d/3669 a	HC/Td/Ngmsa
06FtA	Josh.12.8	הַ/פְּרִזִּ֔י	d/6522	HTd/Ngmsa
06Wy2	Josh.12.8	הַ/חִוִּ֖י	d/2340	HTd/Ngmsa
06LWF	Josh.12.8	וְ/הַ/יְבוּסִֽי	c/d/2983	HC/Td/Ngmsa
0643f	Josh.12.9	מֶ֥לֶךְ	4428	HNcmsc
06DKG	Josh.12.9	יְרִיח֖וֹ	3405	HNp
06Zqk	Josh.12.9	אֶחָ֑ד	259	HAcmsa
06JHu	Josh.12.9	מֶ֧לֶךְ	4428	HNcmsc
06TX2	Josh.12.9	הָ/עַ֛י	d/5857	HTd/Np
06BVw	Josh.12.9	אֲשֶׁר	834 a	HTr
06As7	Josh.12.9	מִ/צַּ֥ד	m/6654	HR/Ncmsc
065kf	Josh.12.9	בֵּֽית	1008+	HNp
06nnm	Josh.12.9	אֵ֖ל	1008	HNp
06Skh	Josh.12.9	אֶחָֽד	259	HAcmsa
06hML	Josh.12.10	מֶ֤לֶךְ	4428	HNcmsc
06brS	Josh.12.10	יְרוּשָׁלִַ֨ם֙	3389	HNp
06wJM	Josh.12.10	אֶחָ֔ד	259	HAcmsa
06H8d	Josh.12.10	מֶ֥לֶךְ	4428	HNcmsc
0648z	Josh.12.10	חֶבְר֖וֹן	2275 a	HNp
06M8d	Josh.12.10	אֶחָֽד	259	HAcmsa
06WKe	Josh.12.11	מֶ֤לֶךְ	4428	HNcmsc
062KH	Josh.12.11	יַרְמוּת֙	3412	HNp
06HGY	Josh.12.11	אֶחָ֔ד	259	HAcmsa
06NxF	Josh.12.11	מֶ֥לֶךְ	4428	HNcmsc
0662X	Josh.12.11	לָכִ֖ישׁ	3923	HNp
06hQZ	Josh.12.11	אֶחָֽד	259	HAcmsa
061B3	Josh.12.12	מֶ֤לֶךְ	4428	HNcmsc
06imA	Josh.12.12	עֶגְלוֹן֙	5700	HNp
06eZb	Josh.12.12	אֶחָ֔ד	259	HAcmsa
06Kg3	Josh.12.12	מֶ֥לֶךְ	4428	HNcmsc
06L37	Josh.12.12	גֶּ֖זֶר	1507	HNp
06Dbh	Josh.12.12	אֶחָֽד	259	HAcmsa
06GXn	Josh.12.13	מֶ֤לֶךְ	4428	HNcmsc
06mmj	Josh.12.13	דְּבִר֙	1688 a	HNp
06vT5	Josh.12.13	אֶחָ֔ד	259	HAcmsa
06ia1	Josh.12.13	מֶ֥לֶךְ	4428	HNcmsc
06Lgd	Josh.12.13	גֶּ֖דֶר	1445	HNp
06GhB	Josh.12.13	אֶחָֽד	259	HAcmsa
065PW	Josh.12.14	מֶ֤לֶךְ	4428	HNcmsc
063FW	Josh.12.14	חָרְמָה֙	2767	HNp
06jwC	Josh.12.14	אֶחָ֔ד	259	HAcmsa
06GmR	Josh.12.14	מֶ֥לֶךְ	4428	HNcmsc
06xun	Josh.12.14	עֲרָ֖ד	6166 a	HNp
06zAv	Josh.12.14	אֶחָֽד	259	HAcmsa
061c2	Josh.12.15	מֶ֤לֶךְ	4428	HNcmsc
06q28	Josh.12.15	לִבְנָה֙	3841	HNp
068oG	Josh.12.15	אֶחָ֔ד	259	HAcmsa
062L1	Josh.12.15	מֶ֥לֶךְ	4428	HNcmsc
06e3V	Josh.12.15	עֲדֻלָּ֖ם	5725	HNp
06Ae1	Josh.12.15	אֶחָֽד	259	HAcmsa
06PFr	Josh.12.16	מֶ֤לֶךְ	4428	HNcmsc
06YKm	Josh.12.16	מַקֵּדָה֙	4719	HNp
06WHq	Josh.12.16	אֶחָ֔ד	259	HAcmsa
06KxQ	Josh.12.16	מֶ֥לֶךְ	4428	HNcmsc
06NKr	Josh.12.16	בֵּֽית	1008+	HNp
06LsJ	Josh.12.16	אֵ֖ל	1008	HNp
06bhZ	Josh.12.16	אֶחָֽד	259	HAcmsa
068nK	Josh.12.17	מֶ֤לֶךְ	4428	HNcmsc
06tSz	Josh.12.17	תַּפּ֨וּחַ֙	8599 b	HNp
06FE5	Josh.12.17	אֶחָ֔ד	259	HAcmsa
06Hxz	Josh.12.17	מֶ֥לֶךְ	4428	HNcmsc
06B3z	Josh.12.17	חֵ֖פֶר	2660 b	HNp
06XLq	Josh.12.17	אֶחָֽד	259	HAcmsa
06nB1	Josh.12.18	מֶ֤לֶךְ	4428	HNcmsc
06h14	Josh.12.18	אֲפֵק֙	663	HNp
06vMU	Josh.12.18	אֶחָ֔ד	259	HAcmsa
06112	Josh.12.18	מֶ֥לֶךְ	4428	HNcmsa
063fE	Josh.12.18	לַ/שָּׁר֖וֹן	l/8289	HRd/Np
06zMp	Josh.12.18	אֶחָֽד	259	HAcmsa
06mxd	Josh.12.19	מֶ֤לֶךְ	4428	HNcmsc
064ir	Josh.12.19	מָדוֹן֙	4068	HNp
066mr	Josh.12.19	אֶחָ֔ד	259	HAcmsa
06bXr	Josh.12.19	מֶ֥לֶךְ	4428	HNcmsc
06CCa	Josh.12.19	חָצ֖וֹר	2674	HNp
06XzH	Josh.12.19	אֶחָֽד	259	HAcmsa
06DHa	Josh.12.20	מֶ֣לֶךְ	4428	HNcmsc
06B8t	Josh.12.20	שִׁמְר֤וֹן	8112+	HNp
06SYU	Josh.12.20	מְראוֹן֙	8112	HNp
06YnQ	Josh.12.20	אֶחָ֔ד	259	HAcmsa
06Z2g	Josh.12.20	מֶ֥לֶךְ	4428	HNcmsc
066oJ	Josh.12.20	אַכְשָׁ֖ף	407	HNp
06mxb	Josh.12.20	אֶחָֽד	259	HAcmsa
06cxS	Josh.12.21	מֶ֤לֶךְ	4428	HNcmsc
06YtD	Josh.12.21	תַּעְנַךְ֙	8590	HNp
06uia	Josh.12.21	אֶחָ֔ד	259	HAcmsa
06B8N	Josh.12.21	מֶ֥לֶךְ	4428	HNcmsc
068DB	Josh.12.21	מְגִדּ֖וֹ	4023	HNp
06tUc	Josh.12.21	אֶחָֽד	259	HAcmsa
06w3D	Josh.12.22	מֶ֤לֶךְ	4428	HNcmsc
06gJP	Josh.12.22	קֶ֨דֶשׁ֙	6943	HNp
06j3e	Josh.12.22	אֶחָ֔ד	259	HAcmsa
06Cfv	Josh.12.22	מֶֽלֶךְ	4428	HNcmsc
06q1p	Josh.12.22	יָקְנֳעָ֥ם	3362	HNp
06g8J	Josh.12.22	לַ/כַּרְמֶ֖ל	l/3760	HRd/Np
069QM	Josh.12.22	אֶחָֽד	259	HAcmsa
06Sgb	Josh.12.23	מֶ֥לֶךְ	4428	HNcmsc
06t8Y	Josh.12.23	דּ֛וֹר	1756	HNp
06KTA	Josh.12.23	לְ/נָפַ֥ת	l/5299 b	HR/Ncfsc
06nVn	Josh.12.23	דּ֖וֹר	1756	HNp
06rN2	Josh.12.23	אֶחָ֑ד	259	HAcmsa
06tXE	Josh.12.23	מֶֽלֶךְ	4428	HNcmsc
06Amo	Josh.12.23	גּוֹיִ֥ם	1471 a	HNcmpa
06tLv	Josh.12.23	לְ/גִלְגָּ֖ל	l/1537	HR/Np
06z69	Josh.12.23	אֶחָֽד	259	HAcmsa
06ync	Josh.12.24	מֶ֥לֶךְ	4428	HNcmsc
068fH	Josh.12.24	תִּרְצָ֖ה	8656	HNp
06t7b	Josh.12.24	אֶחָ֑ד	259	HAcmsa
068o8	Josh.12.24	כָּל	3605	HNcmsc
066Wa	Josh.12.24	מְלָכִ֖ים	4428	HNcmpa
06uj4	Josh.12.24	שְׁלֹשִׁ֥ים	7970	HAcbpa
06Rhy	Josh.12.24	וְ/אֶחָֽד	c/259	HC/Acmsa
066gh	Josh.13.1	וִ/יהוֹשֻׁ֣עַ	c/3091	HC/Np
062w9	Josh.13.1	זָקֵ֔ן	2204	HVqp3ms
06y4p	Josh.13.1	בָּ֖א	935	HVqp3ms
06bSv	Josh.13.1	בַּ/יָּמִ֑ים	b/3117	HRd/Ncmpa
06LRa	Josh.13.1	וַ/יֹּ֨אמֶר	c/559	HC/Vqw3ms
06mX8	Josh.13.1	יְהוָ֜ה	3068	HNp
06mV2	Josh.13.1	אֵלָ֗י/ו	413	HR/Sp3ms
06t7q	Josh.13.1	אַתָּ֤ה	859 a	HPp2ms
06cXi	Josh.13.1	זָקַ֨נְתָּה֙	2204	HVqp2ms
06d7W	Josh.13.1	בָּ֣אתָ	935	HVqp2ms
06Sin	Josh.13.1	בַ/יָּמִ֔ים	b/3117	HRd/Ncmpa
065Jk	Josh.13.1	וְ/הָ/אָ֛רֶץ	c/d/776	HC/Td/Ncbsa
06iSM	Josh.13.1	נִשְׁאֲרָ֥ה	7604	HVNp3fs
06vpV	Josh.13.1	הַרְבֵּֽה	7235 a	HVha
06gVD	Josh.13.1	מְאֹ֖ד	3966	HD
06kVy	Josh.13.1	לְ/רִשְׁתָּֽ/הּ	l/3423	HR/Vqc/Sp3fs
06S4D	Josh.13.2	זֹ֥את	2063	HPdxfs
06SxU	Josh.13.2	הָ/אָ֖רֶץ	d/776	HTd/Ncbsa
06Z54	Josh.13.2	הַ/נִּשְׁאָ֑רֶת	d/7604	HTd/VNrfsa
063Xf	Josh.13.2	כָּל	3605	HNcmsc
06JWr	Josh.13.2	גְּלִיל֥וֹת	1552	HNcfpc
06f43	Josh.13.2	הַ/פְּלִשְׁתִּ֖ים	d/6430	HTd/Ngmpa
06hFp	Josh.13.2	וְ/כָל	c/3605	HC/Ncmsc
06fgh	Josh.13.2	הַ/גְּשׁוּרִֽי	d/1651	HTd/Ngmsa
06YsB	Josh.13.3	מִֽן	4480 a	HR
06PRQ	Josh.13.3	הַ/שִּׁיח֞וֹר	d/7883	HTd/Np
06dUa	Josh.13.3	אֲשֶׁ֣ר	834 a	HTr
06sYy	Josh.13.3	עַל	5921 a	HR
06fdJ	Josh.13.3	פְּנֵ֣י	6440	HNcbpc
06Bkg	Josh.13.3	מִצְרַ֗יִם	4714	HNp
063kt	Josh.13.3	וְ/עַ֨ד	c/5704	HC/R
06zPh	Josh.13.3	גְּב֤וּל	1366	HNcmsc
0628Z	Josh.13.3	עֶקְרוֹן֙	6138	HNp
06scJ	Josh.13.3	צָפ֔וֹנָ/ה	6828	HNcfsa/Sd
06U5T	Josh.13.3	לַֽ/כְּנַעֲנִ֖י	l/3669 a	HRd/Ngmsa
06cuM	Josh.13.3	תֵּחָשֵׁ֑ב	2803	HVNi3fs
06Js8	Josh.13.3	חֲמֵ֣שֶׁת	2568	HAcmsc
06nt3	Josh.13.3	סַרְנֵ֣י	5633 a	HNcmpc
06VkC	Josh.13.3	פְלִשְׁתִּ֗ים	6430	HNgmpa
06nou	Josh.13.3	הָ/עַזָּתִ֤י	d/5841	HTd/Ngmsa
06P34	Josh.13.3	וְ/הָ/אַשְׁדּוֹדִי֙	c/d/796	HC/Td/Ngmsa
06xcW	Josh.13.3	הָ/אֶשְׁקְלוֹנִ֣י	d/832	HTd/Ngmsa
06vsd	Josh.13.3	הַ/גִּתִּ֔י	d/1663	HTd/Ngmsa
06evR	Josh.13.3	וְ/הָ/עֶקְרוֹנִ֖י	c/d/6139	HC/Td/Ngmsa
064vP	Josh.13.3	וְ/הָ/עַוִּֽים	c/d/5757	HC/Td/Np
06wdA	Josh.13.4	מִ/תֵּימָ֞ן	m/8486	HR/Ncfsa
06RZq	Josh.13.4	כָּל	3605	HNcmsc
06tWF	Josh.13.4	אֶ֣רֶץ	776	HNcbsc
06n2n	Josh.13.4	הַֽ/כְּנַעֲנִ֗י	d/3669 a	HTd/Ngmsa
06Ycg	Josh.13.4	וּ/מְעָרָ֛ה	c/4632	HC/Np
06TCv	Josh.13.4	אֲשֶׁ֥ר	834 a	HTr
06QXK	Josh.13.4	לַ/צִּידֹנִ֖ים	l/6722	HRd/Ngmpa
065zK	Josh.13.4	עַד	5704	HR
06kjj	Josh.13.4	אֲפֵ֑קָ/ה	663	HNp/Sd
06Ja6	Josh.13.4	עַ֖ד	5704	HR
064n4	Josh.13.4	גְּב֥וּל	1366	HNcmsc
068MY	Josh.13.4	הָ/אֱמֹרִֽי	d/567	HTd/Ngmsa
06wqE	Josh.13.5	וְ/הָ/אָ֣רֶץ	c/d/776	HC/Td/Ncbsa
06agQ	Josh.13.5	הַ/גִּבְלִ֗י	d/1382	HTd/Ngmsa
06TdF	Josh.13.5	וְ/כָל	c/3605	HC/Ncmsc
066uC	Josh.13.5	הַ/לְּבָנוֹן֙	d/3844	HTd/Np
06hdS	Josh.13.5	מִזְרַ֣ח	4217	HNcmsc
06Prc	Josh.13.5	הַ/שֶּׁ֔מֶשׁ	d/8121	HTd/Ncbsa
067wA	Josh.13.5	מִ/בַּ֣עַל	m/1171+	HR/Np
06mxY	Josh.13.5	גָּ֔ד	1171	HNp
06F8v	Josh.13.5	תַּ֖חַת	8478	HR
066CL	Josh.13.5	הַר	2022	HNcmsc
06mjS	Josh.13.5	חֶרְמ֑וֹן	2768	HNp
06dzV	Josh.13.5	עַ֖ד	5704	HR
06G8J	Josh.13.5	לְב֥וֹא	935	HNp
06pBn	Josh.13.5	חֲמָֽת	2574	HNp
06Ecc	Josh.13.6	כָּל	3605	HNcmsc
06WaP	Josh.13.6	יֹשְׁבֵ֣י	3427	HVqrmpc
06x2T	Josh.13.6	הָ֠/הָר	d/2022	HTd/Ncmsa
06HSC	Josh.13.6	מִֽן	4480 a	HR
06sU3	Josh.13.6	הַ/לְּבָנ֞וֹן	d/3844	HTd/Np
06mBa	Josh.13.6	עַד	5704	HR
06XXV	Josh.13.6	מִשְׂרְפֹ֥ת	4956+	HNp
06vSJ	Josh.13.6	מַ֨יִם֙	4956	HNp
06VpS	Josh.13.6	כָּל	3605	HNcmsc
06hub	Josh.13.6	צִ֣ידֹנִ֔ים	6722	HNgmpa
06NfR	Josh.13.6	אָֽנֹכִי֙	595	HPp1cs
069bN	Josh.13.6	אוֹרִישֵׁ֔/ם	3423	HVhi1cs/Sp3mp
06k15	Josh.13.6	מִ/פְּנֵ֖י	m/6440	HR/Ncbpc
06UXx	Josh.13.6	בְּנֵ֣י	1121 a	HNcmpc
06hup	Josh.13.6	יִשְׂרָאֵ֑ל	3478	HNp
067an	Josh.13.6	רַ֠ק	7535	HTa
06MJY	Josh.13.6	הַפִּלֶ֤/הָ	5307	HVhv2ms/Sp3fs
06yhT	Josh.13.6	לְ/יִשְׂרָאֵל֙	l/3478	HR/Np
06PxD	Josh.13.6	בְּֽ/נַחֲלָ֔ה	b/5159	HR/Ncfsa
06H1z	Josh.13.6	כַּ/אֲשֶׁ֖ר	k/834 d	HR/Tr
06kYj	Josh.13.6	צִוִּיתִֽי/ךָ	6680	HVpp1cs/Sp2ms
06RHd	Josh.13.7	וְ/עַתָּ֗ה	c/6258	HC/D
06LYs	Josh.13.7	חַלֵּ֞ק	2505 a	HVpv2ms
065iP	Josh.13.7	אֶת	853	HTo
06Wm3	Josh.13.7	הָ/אָ֧רֶץ	d/776	HTd/Ncbsa
06TsQ	Josh.13.7	הַ/זֹּ֛את	d/2063	HTd/Pdxfs
06fuL	Josh.13.7	בְּ/נַחֲלָ֖ה	b/5159	HR/Ncfsa
06HAP	Josh.13.7	לְ/תִשְׁעַ֣ת	l/8672	HR/Acmsc
06jLC	Josh.13.7	הַ/שְּׁבָטִ֑ים	d/7626	HTd/Ncmpa
06adr	Josh.13.7	וַ/חֲצִ֖י	c/2677	HC/Ncmsc
06f5u	Josh.13.7	הַ/שֵּׁ֥בֶט	d/7626	HTd/Ncmsa
06cU4	Josh.13.7	הַֽ/מְנַשֶּֽׁה	d/4519	HTd/Np
06TnS	Josh.13.8	עִמּ֗/וֹ	5973 a	HR/Sp3ms
06odJ	Josh.13.8	הָ/רֽאוּבֵנִי֙	d/7206	HTd/Ngmsa
06bVo	Josh.13.8	וְ/הַ/גָּדִ֔י	c/d/1425	HC/Td/Ngmsa
06tkF	Josh.13.8	לָקְח֖וּ	3947	HVqp3cp
06xeK	Josh.13.8	נַחֲלָתָ֑/ם	5159	HNcfsc/Sp3mp
067FR	Josh.13.8	אֲשֶׁר֩	834 a	HTr
063fY	Josh.13.8	נָתַ֨ן	5414	HVqp3ms
064sy	Josh.13.8	לָ/הֶ֜ם	l	HR/Sp3mp
06xWC	Josh.13.8	מֹשֶׁ֗ה	4872	HNp
06Kn3	Josh.13.8	בְּ/עֵ֤בֶר	b/5676	HR/Ncmsc
06ifk	Josh.13.8	הַ/יַּרְדֵּן֙	d/3383	HTd/Np
06TaB	Josh.13.8	מִזְרָ֔חָ/ה	4217	HNcmsa/Sd
06gyf	Josh.13.8	כַּ/אֲשֶׁר֙	k/834 d	HR/Tr
06aga	Josh.13.8	נָתַ֣ן	5414	HVqp3ms
06Vy3	Josh.13.8	לָ/הֶ֔ם	l	HR/Sp3mp
06A9Y	Josh.13.8	מֹשֶׁ֖ה	4872	HNp
06D7i	Josh.13.8	עֶ֥בֶד	5650	HNcmsc
06ing	Josh.13.8	יְהוָֽה	3068	HNp
06meH	Josh.13.9	מֵ/עֲרוֹעֵ֡ר	m/6177	HR/Np
06Do2	Josh.13.9	אֲשֶׁר֩	834 a	HTr
06CBX	Josh.13.9	עַל	5921 a	HR
061D5	Josh.13.9	שְׂפַת	8193	HNcfsc
06xwi	Josh.13.9	נַ֨חַל	5158 a	HNcmsc
06SM8	Josh.13.9	אַרְנ֜וֹן	769	HNp
06vUR	Josh.13.9	וְ/הָ/עִ֨יר	c/d/5892 b	HC/Td/Ncfsa
06PNk	Josh.13.9	אֲשֶׁ֧ר	834 a	HTr
06tL1	Josh.13.9	בְּ/תוֹךְ	b/8432	HR/Ncmsc
06jNR	Josh.13.9	הַ/נַּ֛חַל	d/5158 a	HTd/Ncmsa
06zpg	Josh.13.9	וְ/כָל	c/3605	HC/Ncmsc
06HB7	Josh.13.9	הַ/מִּישֹׁ֥ר	d/4334	HTd/Ncmsa
06BkQ	Josh.13.9	מֵידְבָ֖א	4311	HNp
06PD3	Josh.13.9	עַד	5704	HR
06FWp	Josh.13.9	דִּיבֽוֹן	1769	HNp
062oV	Josh.13.10	וְ/כֹ֗ל	c/3605	HC/Ncmsc
06ghg	Josh.13.10	עָרֵי֙	5892 b	HNcfpc
06x5M	Josh.13.10	סִיחוֹן֙	5511	HNp
06ViT	Josh.13.10	מֶ֣לֶךְ	4428	HNcmsc
06jka	Josh.13.10	הָ/אֱמֹרִ֔י	d/567	HTd/Ngmsa
06Hyg	Josh.13.10	אֲשֶׁ֥ר	834 a	HTr
063BN	Josh.13.10	מָלַ֖ךְ	4427 a	HVqp3ms
06Gqg	Josh.13.10	בְּ/חֶשְׁבּ֑וֹן	b/2809	HR/Np
066Rj	Josh.13.10	עַד	5704	HR
06bzr	Josh.13.10	גְּב֖וּל	1366	HNcmsc
06nXP	Josh.13.10	בְּנֵ֥י	1121 a	HNcmpc
06ceA	Josh.13.10	עַמּֽוֹן	5983	HNp
06Baa	Josh.13.11	וְ/הַ/גִּלְעָ֞ד	c/d/1568	HC/Td/Np
06rR7	Josh.13.11	וּ/גְב֧וּל	c/1366	HC/Ncmsc
065jH	Josh.13.11	הַ/גְּשׁוּרִ֣י	d/1651	HTd/Ngmsa
065us	Josh.13.11	וְ/הַ/מַּעֲכָתִ֗י	c/d/4602	HC/Td/Ngmsa
06Kgs	Josh.13.11	וְ/כֹ֨ל	c/3605	HC/Ncmsc
06Zij	Josh.13.11	הַ֥ר	2022	HNcmsc
06VE6	Josh.13.11	חֶרְמ֛וֹן	2768	HNp
06iDE	Josh.13.11	וְ/כָל	c/3605	HC/Ncmsc
06dza	Josh.13.11	הַ/בָּשָׁ֖ן	d/1316	HTd/Np
06FBM	Josh.13.11	עַד	5704	HR
06RBD	Josh.13.11	סַלְכָֽה	5548	HNp
06u19	Josh.13.12	כָּל	3605	HNcmsc
06cT3	Josh.13.12	מַמְלְכ֥וּת	4468	HNcfsc
06KA6	Josh.13.12	עוֹג֙	5747	HNp
06c6h	Josh.13.12	בַּ/בָּשָׁ֔ן	b/1316	HRd/Np
06oqA	Josh.13.12	אֲשֶׁר	834 a	HTr
06FwU	Josh.13.12	מָלַ֥ךְ	4427 a	HVqp3ms
069Yo	Josh.13.12	בְּ/עַשְׁתָּר֖וֹת	b/6252	HR/Np
06jBe	Josh.13.12	וּ/בְ/אֶדְרֶ֑עִי	c/b/154	HC/R/Np
06t1Z	Josh.13.12	ה֤וּא	1931	HPp3ms
06hvs	Josh.13.12	נִשְׁאַר֙	7604	HVNp3ms
06J2L	Josh.13.12	מִ/יֶּ֣תֶר	m/3499 a	HR/Ncmsc
06c7R	Josh.13.12	הָ/רְפָאִ֔ים	d/7497 b	HTd/Np
06Yoy	Josh.13.12	וַ/יַּכֵּ֥/ם	c/5221	HC/Vhw3ms/Sp3mp
06HqH	Josh.13.12	מֹשֶׁ֖ה	4872	HNp
06fWw	Josh.13.12	וַ/יֹּרִשֵֽׁ/ם	c/3423	HC/Vhw3ms/Sp3mp
06HSo	Josh.13.13	וְ/לֹ֤א	c/3808	HC/Tn
065Sv	Josh.13.13	הוֹרִ֨ישׁוּ֙	3423	HVhp3cp
06jaB	Josh.13.13	בְּנֵ֣י	1121 a	HNcmpc
06wNv	Josh.13.13	יִשְׂרָאֵ֔ל	3478	HNp
06V6g	Josh.13.13	אֶת	853	HTo
06jfK	Josh.13.13	הַ/גְּשׁוּרִ֖י	d/1651	HTd/Ngmsa
06yXw	Josh.13.13	וְ/אֶת	c/853	HC/To
06x5y	Josh.13.13	הַ/מַּעֲכָתִ֑י	d/4602	HTd/Ngmsa
06b7a	Josh.13.13	וַ/יֵּ֨שֶׁב	c/3427	HC/Vqw3ms
06TNv	Josh.13.13	גְּשׁ֤וּר	1650	HNp
06Eb5	Josh.13.13	וּ/מַֽעֲכָת֙	c/4601	HC/Np
06hZ8	Josh.13.13	בְּ/קֶ֣רֶב	b/7130	HR/Ncmsc
06iYK	Josh.13.13	יִשְׂרָאֵ֔ל	3478	HNp
06z3c	Josh.13.13	עַ֖ד	5704	HR
06B7n	Josh.13.13	הַ/יּ֥וֹם	d/3117	HTd/Ncmsa
06C22	Josh.13.13	הַ/זֶּֽה	d/2088	HTd/Pdxms
06kX9	Josh.13.14	רַ֚ק	7535	HTa
063n3	Josh.13.14	לְ/שֵׁ֣בֶט	l/7626	HR/Ncmsc
06cMk	Josh.13.14	הַ/לֵּוִ֔י	d/3878	HTd/Ngmsa
06Jpy	Josh.13.14	לֹ֥א	3808	HTn
06Nka	Josh.13.14	נָתַ֖ן	5414	HVqp3ms
068Wu	Josh.13.14	נַחֲלָ֑ה	5159	HNcfsa
06Jgp	Josh.13.14	אִשֵּׁ֨י	801	HNcmpc
06CXM	Josh.13.14	יְהוָ֜ה	3068	HNp
063R8	Josh.13.14	אֱלֹהֵ֤י	430	HNcmpc
06d1m	Josh.13.14	יִשְׂרָאֵל֙	3478	HNp
06EHw	Josh.13.14	ה֣וּא	1931	HPp3ms
06hPq	Josh.13.14	נַחֲלָת֔/וֹ	5159	HNcfsc/Sp3ms
06oBv	Josh.13.14	כַּ/אֲשֶׁ֖ר	k/834 d	HR/Tr
06FXM	Josh.13.14	דִּבֶּר	1696	HVpp3ms
06qQy	Josh.13.14	לֽ/וֹ	l	HR/Sp3ms
06vXa	Josh.13.15	וַ/יִּתֵּ֣ן	c/5414	HC/Vqw3ms
066pa	Josh.13.15	מֹשֶׁ֔ה	4872	HNp
06XBs	Josh.13.15	לְ/מַטֵּ֥ה	l/4294	HR/Ncmsc
064Sd	Josh.13.15	בְנֵֽי	1121 a	HNcmpc
06ic3	Josh.13.15	רְאוּבֵ֖ן	7205	HNp
06Wo6	Josh.13.15	לְ/מִשְׁפְּחֹתָֽ/ם	l/4940	HR/Ncfpc/Sp3mp
06EGe	Josh.13.16	וַ/יְהִ֨י	c/1961	HC/Vqw3ms
06D3g	Josh.13.16	לָ/הֶ֜ם	l	HR/Sp3mp
06ZxC	Josh.13.16	הַ/גְּב֗וּל	d/1366	HTd/Ncmsa
06ocE	Josh.13.16	מֵ/עֲרוֹעֵ֡ר	m/6177	HR/Np
065NY	Josh.13.16	אֲשֶׁר֩	834 a	HTr
06ZXC	Josh.13.16	עַל	5921 a	HR
06bW5	Josh.13.16	שְׂפַת	8193	HNcfsc
06ahu	Josh.13.16	נַ֨חַל	5158 a	HNcmsc
06wEv	Josh.13.16	אַרְנ֜וֹן	769	HNp
06owX	Josh.13.16	וְ/הָ/עִ֨יר	c/d/5892 b	HC/Td/Ncfsa
06ece	Josh.13.16	אֲשֶׁ֧ר	834 a	HTr
06cUM	Josh.13.16	בְּ/תוֹךְ	b/8432	HR/Ncmsc
06K7y	Josh.13.16	הַ/נַּ֛חַל	d/5158 a	HTd/Ncmsa
06zfg	Josh.13.16	וְ/כָל	c/3605	HC/Ncmsc
06eSi	Josh.13.16	הַ/מִּישֹׁ֖ר	d/4334	HTd/Ncmsa
06Rkx	Josh.13.16	עַל	5921 a	HR
06WU8	Josh.13.16	מֵידְבָֽא	4311	HNp
06FCx	Josh.13.17	חֶשְׁבּ֥וֹן	2809	HNp
06zYs	Josh.13.17	וְ/כָל	c/3605	HC/Ncmsc
06t82	Josh.13.17	עָרֶ֖י/הָ	5892 b	HNcfpc/Sp3fs
06Lnu	Josh.13.17	אֲשֶׁ֣ר	834 a	HTr
06ko3	Josh.13.17	בַּ/מִּישֹׁ֑ר	b/4334	HRd/Ncmsa
06LAQ	Josh.13.17	דִּיבוֹן֙	1769	HNp
06kre	Josh.13.17	וּ/בָמ֣וֹת	c/1120+	HC/Np
064VQ	Josh.13.17	בַּ֔עַל	1120	HNp
06vXv	Josh.13.17	וּ/בֵ֖ית	c/1010+	HC/Np
06aca	Josh.13.17	בַּ֥עַל	1010+	HNp
06B8J	Josh.13.17	מְעֽוֹן	1010	HNp
066iZ	Josh.13.18	וְ/יַ֥הְצָ/ה	c/3096	HC/Np/Sd
06qCy	Josh.13.18	וּ/קְדֵמֹ֖ת	c/6932	HC/Np
06jG7	Josh.13.18	וּ/מֵפָֽעַת	c/4158	HC/Np
06C4J	Josh.13.19	וְ/קִרְיָתַ֣יִם	c/7156	HC/Np
06Xc8	Josh.13.19	וְ/שִׂבְמָ֔ה	c/7643	HC/Np
06q7V	Josh.13.19	וְ/צֶ֥רֶת	c/6890+	HC/Np
063hw	Josh.13.19	הַשַּׁ֖חַר	6890	HNp
06qQm	Josh.13.19	בְּ/הַ֥ר	b/2022	HR/Ncmsc
06tA2	Josh.13.19	הָ/עֵֽמֶק	d/6010	HTd/Ncmsa
069ZJ	Josh.13.20	וּ/בֵ֥ית	c/1047+	HC/Np
068mZ	Josh.13.20	פְּע֛וֹר	1047	HNp
063dL	Josh.13.20	וְ/אַשְׁדּ֥וֹת	c/794	HC/Ncfpc
06nqx	Josh.13.20	הַ/פִּסְגָּ֖ה	d/6449	HTd/Np
06kZH	Josh.13.20	וּ/בֵ֥ית	c/1020+	HC/Np
066Ly	Josh.13.20	הַיְשִׁמֽוֹת	1020	HNp
06Azm	Josh.13.21	וְ/כֹל֙	c/3605	HC/Ncmsc
06AuX	Josh.13.21	עָרֵ֣י	5892 b	HNcfpc
06gS3	Josh.13.21	הַ/מִּישֹׁ֔ר	d/4334	HTd/Ncmsa
06WLs	Josh.13.21	וְ/כָֽל	c/3605	HC/Ncmsc
0672j	Josh.13.21	מַמְלְכ֗וּת	4468	HNcfsc
06JA8	Josh.13.21	סִיחוֹן֙	5511	HNp
0633v	Josh.13.21	מֶ֣לֶךְ	4428	HNcmsc
06cuG	Josh.13.21	הָ/אֱמֹרִ֔י	d/567	HTd/Ngmsa
06F8H	Josh.13.21	אֲשֶׁ֥ר	834 a	HTr
062fZ	Josh.13.21	מָלַ֖ךְ	4427 a	HVqp3ms
069FM	Josh.13.21	בְּ/חֶשְׁבּ֑וֹן	b/2809	HR/Np
069zz	Josh.13.21	אֲשֶׁר֩	834 a	HTr
068WW	Josh.13.21	הִכָּ֨ה	5221	HVhp3ms
06Ztw	Josh.13.21	מֹשֶׁ֜ה	4872	HNp
06Rro	Josh.13.21	אֹת֣/וֹ	853	HTo/Sp3ms
06ymu	Josh.13.21	וְ/אֶת	c/853	HC/To
06RrX	Josh.13.21	נְשִׂיאֵ֣י	5387 a	HNcmpc
06omm	Josh.13.21	מִדְיָ֗ן	4080	HNp
06LfE	Josh.13.21	אֶת	853	HTo
06KT7	Josh.13.21	אֱוִ֤י	189	HNp
06fGo	Josh.13.21	וְ/אֶת	c/853	HC/To
06EoR	Josh.13.21	רֶ֨קֶם֙	7552	HNp
06LQH	Josh.13.21	וְ/אֶת	c/853	HC/To
06bmm	Josh.13.21	צ֤וּר	6698	HNp
06oHh	Josh.13.21	וְ/אֶת	c/853	HC/To
06Wc4	Josh.13.21	חוּר֙	2354	HNp
06Khc	Josh.13.21	וְ/אֶת	c/853	HC/To
06Ghm	Josh.13.21	רֶ֔בַע	7254	HNp
06FVs	Josh.13.21	נְסִיכֵ֣י	5257 b	HNcmpc
06fZC	Josh.13.21	סִיח֔וֹן	5511	HNp
06jvx	Josh.13.21	יֹשְׁבֵ֖י	3427	HVqrmpc
06qwG	Josh.13.21	הָ/אָֽרֶץ	d/776	HTd/Ncbsa
06k7i	Josh.13.22	וְ/אֶת	c/853	HC/To
06Yp6	Josh.13.22	בִּלְעָ֥ם	1109 a	HNp
06VcG	Josh.13.22	בֶּן	1121 a	HNcmsc
06ehE	Josh.13.22	בְּע֖וֹר	1160	HNp
06hvg	Josh.13.22	הַ/קּוֹסֵ֑ם	d/7080	HTd/Vqrmsa
065Zp	Josh.13.22	הָרְג֧וּ	2026	HVqp3cp
06Nw9	Josh.13.22	בְנֵֽי	1121 a	HNcmpc
06MNP	Josh.13.22	יִשְׂרָאֵ֛ל	3478	HNp
06kig	Josh.13.22	בַּ/חֶ֖רֶב	b/2719	HRd/Ncfsa
06rHR	Josh.13.22	אֶל	413	HR
06vq2	Josh.13.22	חַלְלֵי/הֶֽם	2491 a	HAampc/Sp3mp
06Exx	Josh.13.23	וַ/יְהִ֗י	c/1961	HC/Vqw3ms
06vaE	Josh.13.23	גְּבוּל֙	1366	HNcmsc
06H2u	Josh.13.23	בְּנֵ֣י	1121 a	HNcmpc
06iog	Josh.13.23	רְאוּבֵ֔ן	7205	HNp
06ZR9	Josh.13.23	הַ/יַּרְדֵּ֖ן	d/3383	HTd/Np
06z2U	Josh.13.23	וּ/גְב֑וּל	c/1366	HC/Ncmsa
06rrY	Josh.13.23	זֹ֣את	2063	HPdxfs
06bPn	Josh.13.23	נַחֲלַ֤ת	5159	HNcfsc
06cD3	Josh.13.23	בְּנֵֽי	1121 a	HNcmpc
06cLr	Josh.13.23	רְאוּבֵן֙	7205	HNp
06Qpi	Josh.13.23	לְ/מִשְׁפְּחֹתָ֔/ם	l/4940	HR/Ncfpc/Sp3mp
06p6Q	Josh.13.23	הֶ/עָרִ֖ים	d/5892 b	HTd/Ncfpa
06dvn	Josh.13.23	וְ/חַצְרֵי/הֶֽן	c/2691 b	HC/Ncbpc/Sp3fp
06eV2	Josh.13.24	וַ/יִּתֵּ֤ן	c/5414	HC/Vqw3ms
06Juw	Josh.13.24	מֹשֶׁה֙	4872	HNp
06f7A	Josh.13.24	לְ/מַטֵּה	l/4294	HR/Ncmsc
06nU3	Josh.13.24	גָ֔ד	1410	HNp
06i3X	Josh.13.24	לִ/בְנֵי	l/1121 a	HR/Ncmpc
06cws	Josh.13.24	גָ֖ד	1410	HNp
06jKx	Josh.13.24	לְ/מִשְׁפְּחֹתָֽ/ם	l/4940	HR/Ncfpc/Sp3mp
06wes	Josh.13.25	וַ/יְהִ֤י	c/1961	HC/Vqw3ms
06i2Q	Josh.13.25	לָ/הֶם֙	l	HR/Sp3mp
06PGa	Josh.13.25	הַ/גְּב֔וּל	d/1366	HTd/Ncmsa
06qpS	Josh.13.25	יַעְזֵר֙	3270	HNp
06TaF	Josh.13.25	וְ/כָל	c/3605	HC/Ncmsc
06d9X	Josh.13.25	עָרֵ֣י	5892 b	HNcfpc
06DJK	Josh.13.25	הַ/גִּלְעָ֔ד	d/1568	HTd/Np
06yuf	Josh.13.25	וַ/חֲצִ֕י	c/2677	HC/Ncmsc
06BaE	Josh.13.25	אֶ֖רֶץ	776	HNcbsc
06N7A	Josh.13.25	בְּנֵ֣י	1121 a	HNcmpc
069MH	Josh.13.25	עַמּ֑וֹן	5983	HNp
06k2Q	Josh.13.25	עַד	5704	HR
06Wgg	Josh.13.25	עֲרוֹעֵ֕ר	6177	HNp
06RXq	Josh.13.25	אֲשֶׁ֖ר	834 a	HTr
06xUt	Josh.13.25	עַל	5921 a	HR
06dQH	Josh.13.25	פְּנֵ֥י	6440	HNcbpc
0653j	Josh.13.25	רַבָּֽה	7237	HNp
06ubQ	Josh.13.26	וּ/מֵ/חֶשְׁבּ֛וֹן	c/m/2809	HC/R/Np
06H2p	Josh.13.26	עַד	5704	HR
06Snw	Josh.13.26	רָמַ֥ת	7434+	HNp
06RgS	Josh.13.26	הַ/מִּצְפֶּ֖ה	d/7434	HTd/Np
0673F	Josh.13.26	וּ/בְטֹנִ֑ים	c/993	HC/Np
06vYe	Josh.13.26	וּ/מִֽ/מַּחֲנַ֖יִם	c/m/4266	HC/R/Np
06VX2	Josh.13.26	עַד	5704	HR
06nt7	Josh.13.26	גְּב֥וּל	1366	HNcmsc
06Pk3	Josh.13.26	לִדְבִֽר	1688 b	HNp
06sGy	Josh.13.27	וּ/בָ/עֵ֡מֶק	c/b/6010	HC/Rd/Ncmsa
06g9J	Josh.13.27	בֵּ֣ית	1027+	HNp
06ZYF	Josh.13.27	הָרָם֩	1027	HNp
06mjh	Josh.13.27	וּ/בֵ֨ית	c/1039+	HC/Np
06ugU	Josh.13.27	נִמְרָ֜ה	1039	HNp
06XTu	Josh.13.27	וְ/סֻכּ֣וֹת	c/5523	HC/Np
06aA5	Josh.13.27	וְ/צָפ֗וֹן	c/6829	HC/Np
066n5	Josh.13.27	יֶ֚תֶר	3499 a	HNcmsc
06bTj	Josh.13.27	מַמְלְכ֗וּת	4468	HNcfsc
06HCK	Josh.13.27	סִיחוֹן֙	5511	HNp
06ixD	Josh.13.27	מֶ֣לֶךְ	4428	HNcmsc
06DL7	Josh.13.27	חֶשְׁבּ֔וֹן	2809	HNp
06Dmt	Josh.13.27	הַ/יַּרְדֵּ֖ן	d/3383	HTd/Np
06EEj	Josh.13.27	וּ/גְבֻ֑ל	c/1366	HC/Ncmsa
06NKN	Josh.13.27	עַד	5704	HR
063zR	Josh.13.27	קְצֵה֙	7097 a	HNcbsc
06Bet	Josh.13.27	יָם	3220	HNcmsc
06FJy	Josh.13.27	כִּנֶּ֔רֶת	3672	HNp
068Bw	Josh.13.27	עֵ֥בֶר	5676	HNcmsc
06kHD	Josh.13.27	הַ/יַּרְדֵּ֖ן	d/3383	HTd/Np
06AAn	Josh.13.27	מִזְרָֽחָ/ה	4217	HNcmsa/Sd
06cJF	Josh.13.28	זֹ֛את	2063	HPdxfs
06mxn	Josh.13.28	נַחֲלַ֥ת	5159	HNcfsc
06SYo	Josh.13.28	בְּנֵי	1121 a	HNcmpc
06caP	Josh.13.28	גָ֖ד	1410	HNp
06PX1	Josh.13.28	לְ/מִשְׁפְּחֹתָ֑/ם	l/4940	HR/Ncfpc/Sp3mp
06fnW	Josh.13.28	הֶ/עָרִ֖ים	d/5892 b	HTd/Ncfpa
06nre	Josh.13.28	וְ/חַצְרֵי/הֶֽם	c/2691 b	HC/Ncbpc/Sp3mp
061gq	Josh.13.29	וַ/יִּתֵּ֣ן	c/5414	HC/Vqw3ms
06DYk	Josh.13.29	מֹשֶׁ֔ה	4872	HNp
06Xfy	Josh.13.29	לַ/חֲצִ֖י	l/2677	HR/Ncmsc
06RES	Josh.13.29	שֵׁ֣בֶט	7626	HNcmsc
06D4F	Josh.13.29	מְנַשֶּׁ֑ה	4519	HNp
06mUK	Josh.13.29	וַ/יְהִ֗י	c/1961	HC/Vqw3ms
06bdm	Josh.13.29	לַ/חֲצִ֛י	l/2677	HR/Ncmsc
06qiM	Josh.13.29	מַטֵּ֥ה	4294	HNcmsc
06gyj	Josh.13.29	בְנֵֽי	1121 a	HNcmpc
06sDg	Josh.13.29	מְנַשֶּׁ֖ה	4519	HNp
06cHs	Josh.13.29	לְ/מִשְׁפְּחוֹתָֽ/ם	l/4940	HR/Ncfpc/Sp3mp
06qfb	Josh.13.30	וַ/יְהִ֣י	c/1961	HC/Vqw3ms
06mjr	Josh.13.30	גְבוּלָ֗/ם	1366	HNcmsc/Sp3mp
066PC	Josh.13.30	מִ/מַּחֲנַ֨יִם	m/4266	HR/Np
06CsK	Josh.13.30	כָּֽל	3605	HNcmsc
06Nr9	Josh.13.30	הַ/בָּשָׁ֜ן	d/1316	HTd/Np
06Njp	Josh.13.30	כָּֽל	3605	HNcmsc
06U8E	Josh.13.30	מַמְלְכ֣וּת	4468	HNcfsc
06ov7	Josh.13.30	ע֣וֹג	5747	HNp
06mps	Josh.13.30	מֶֽלֶךְ	4428	HNcmsc
06Wm8	Josh.13.30	הַ/בָּשָׁ֗ן	d/1316	HTd/Np
06Xgr	Josh.13.30	וְ/כָל	c/3605	HC/Ncmsc
06a9y	Josh.13.30	חַוֺּ֥ת	2333	HNcfpc
06am8	Josh.13.30	יָאִ֛יר	2971	HNp
06CQM	Josh.13.30	אֲשֶׁ֥ר	834 a	HTr
06MHE	Josh.13.30	בַּ/בָּשָׁ֖ן	b/1316	HRd/Np
06c8L	Josh.13.30	שִׁשִּׁ֥ים	8346	HAcbpa
06EeM	Josh.13.30	עִֽיר	5892 b	HNcfsa
06hEP	Josh.13.31	וַ/חֲצִ֤י	c/2677	HC/Ncmsc
062mG	Josh.13.31	הַ/גִּלְעָד֙	d/1568	HTd/Np
06wzt	Josh.13.31	וְ/עַשְׁתָּר֣וֹת	c/6252	HC/Np
06ApD	Josh.13.31	וְ/אֶדְרֶ֔עִי	c/154	HC/Np
06NDi	Josh.13.31	עָרֵ֛י	5892 b	HNcfpc
06UJ3	Josh.13.31	מַמְלְכ֥וּת	4468	HNcfsc
061ZR	Josh.13.31	ע֖וֹג	5747	HNp
06iDJ	Josh.13.31	בַּ/בָּשָׁ֑ן	b/1316	HRd/Np
06yW9	Josh.13.31	לִ/בְנֵ֤י	l/1121 a	HR/Ncmpc
06Cwi	Josh.13.31	מָכִיר֙	4353	HNp
06SkB	Josh.13.31	בֶּן	1121 a	HNcmsc
06Y5x	Josh.13.31	מְנַשֶּׁ֔ה	4519	HNp
06fJm	Josh.13.31	לַ/חֲצִ֥י	l/2677	HR/Ncmsc
06W9C	Josh.13.31	בְנֵֽי	1121 a	HNcmpc
06QFL	Josh.13.31	מָכִ֖יר	4353	HNp
06nWY	Josh.13.31	לְ/מִשְׁפְּחוֹתָֽ/ם	l/4940	HR/Ncfpc/Sp3mp
06HDj	Josh.13.32	אֵ֕לֶּה	428	HPdxcp
062um	Josh.13.32	אֲשֶׁר	834 a	HTr
06vdB	Josh.13.32	נִחַ֥ל	5157	HVpp3ms
061vw	Josh.13.32	מֹשֶׁ֖ה	4872	HNp
06khp	Josh.13.32	בְּ/עַֽרְב֣וֹת	b/6160	HR/Ncfpc
069T8	Josh.13.32	מוֹאָ֑ב	4124	HNp
06Sk2	Josh.13.32	מֵ/עֵ֛בֶר	m/5676	HR/Ncmsa
06RFY	Josh.13.32	לְ/יַרְדֵּ֥ן	l/3383	HR/Np
063DM	Josh.13.32	יְרִיח֖וֹ	3405	HNp
06xjx	Josh.13.32	מִזְרָֽחָ/ה	4217	HNcmsa/Sd
06XTG	Josh.13.33	וּ/לְ/שֵׁ֨בֶט֙	c/l/7626	HC/R/Ncmsc
06gmz	Josh.13.33	הַ/לֵּוִ֔י	d/3878	HTd/Ngmsa
06bsU	Josh.13.33	לֹֽא	3808	HTn
06KEw	Josh.13.33	נָתַ֥ן	5414	HVqp3ms
066nN	Josh.13.33	מֹשֶׁ֖ה	4872	HNp
06rRm	Josh.13.33	נַחֲלָ֑ה	5159	HNcfsa
06Hkb	Josh.13.33	יְהוָ֞ה	3068	HNp
06o2L	Josh.13.33	אֱלֹהֵ֤י	430	HNcmpc
06eif	Josh.13.33	יִשְׂרָאֵל֙	3478	HNp
06cpk	Josh.13.33	ה֣וּא	1931	HPp3ms
06mqu	Josh.13.33	נַחֲלָתָ֔/ם	5159	HNcfsc/Sp3mp
06vky	Josh.13.33	כַּ/אֲשֶׁ֖ר	k/834 d	HR/Tr
06b22	Josh.13.33	דִּבֶּ֥ר	1696	HVpp3ms
06y1q	Josh.13.33	לָ/הֶֽם	l	HR/Sp3mp
06XBR	Josh.14.1	וְ/אֵ֛לֶּה	c/428	HC/Pdxcp
06RKz	Josh.14.1	אֲשֶׁר	834 a	HTr
065Qt	Josh.14.1	נָחֲל֥וּ	5157	HVqp3cp
06HJA	Josh.14.1	בְנֵֽי	1121 a	HNcmpc
06ixu	Josh.14.1	יִשְׂרָאֵ֖ל	3478	HNp
06mUN	Josh.14.1	בְּ/אֶ֣רֶץ	b/776	HR/Ncbsc
06pZF	Josh.14.1	כְּנָ֑עַן	3667 a	HNp
06q4S	Josh.14.1	אֲשֶׁ֨ר	834 a	HTr
06rMH	Josh.14.1	נִֽחֲל֜וּ	5157	HVpp3cp
06GcS	Josh.14.1	אוֹתָ֗/ם	853	HTo/Sp3mp
06VEY	Josh.14.1	אֶלְעָזָ֤ר	499	HNp
06neC	Josh.14.1	הַ/כֹּהֵן֙	d/3548	HTd/Ncmsa
064J2	Josh.14.1	וִ/יהוֹשֻׁ֣עַ	c/3091	HC/Np
0658T	Josh.14.1	בִּן	1121 a	HNcmsc
06jfT	Josh.14.1	נ֔וּן	5126	HNp
06Dvx	Josh.14.1	וְ/רָאשֵׁ֛י	c/7218 a	HC/Ncmpc
06rfH	Josh.14.1	אֲב֥וֹת	1	HNcmpc
06VZS	Josh.14.1	הַ/מַּטּ֖וֹת	d/4294	HTd/Ncmpa
06Dd4	Josh.14.1	לִ/בְנֵ֥י	l/1121 a	HR/Ncmpc
06sUM	Josh.14.1	יִשְׂרָאֵֽל	3478	HNp
067mw	Josh.14.2	בְּ/גוֹרַ֖ל	b/1486	HR/Ncmsc
06kxi	Josh.14.2	נַחֲלָתָ֑/ם	5159	HNcfsc/Sp3mp
06Zo4	Josh.14.2	כַּ/אֲשֶׁ֨ר	k/834 d	HR/Tr
06Ps1	Josh.14.2	צִוָּ֤ה	6680	HVpp3ms
06x3o	Josh.14.2	יְהוָה֙	3068	HNp
06GdL	Josh.14.2	בְּ/יַד	b/3027	HR/Ncbsc
06ikj	Josh.14.2	מֹשֶׁ֔ה	4872	HNp
06Yxf	Josh.14.2	לְ/תִשְׁעַ֥ת	l/8672	HR/Acmsc
06Jji	Josh.14.2	הַ/מַּטּ֖וֹת	d/4294	HTd/Ncmpa
06vF1	Josh.14.2	וַ/חֲצִ֥י	c/2677	HC/Ncmsc
06baH	Josh.14.2	הַ/מַּטֶּֽה	d/4294	HTd/Ncmsa
06DYG	Josh.14.3	כִּֽי	3588 a	HC
06wMm	Josh.14.3	נָתַ֨ן	5414	HVqp3ms
066Bv	Josh.14.3	מֹשֶׁ֜ה	4872	HNp
06GsM	Josh.14.3	נַחֲלַ֨ת	5159	HNcfsc
06asE	Josh.14.3	שְׁנֵ֤י	8147	HAcmdc
06ZC1	Josh.14.3	הַ/מַּטּוֹת֙	d/4294	HTd/Ncmpa
06QkY	Josh.14.3	וַ/חֲצִ֣י	c/2677	HC/Ncmsc
06ViX	Josh.14.3	הַ/מַּטֶּ֔ה	d/4294	HTd/Ncmsa
06uKa	Josh.14.3	מֵ/עֵ֖בֶר	m/5676	HR/Ncmsa
063zX	Josh.14.3	לַ/יַּרְדֵּ֑ן	l/3383	HRd/Np
06H8Z	Josh.14.3	וְ/לַ֨/לְוִיִּ֔ם	c/l/3881	HC/Rd/Ngmpa
06tg6	Josh.14.3	לֹֽא	3808	HTn
069wB	Josh.14.3	נָתַ֥ן	5414	HVqp3ms
06i2Y	Josh.14.3	נַחֲלָ֖ה	5159	HNcfsa
06JU3	Josh.14.3	בְּ/תוֹכָֽ/ם	b/8432	HR/Ncmsc/Sp3mp
06gmt	Josh.14.4	כִּֽי	3588 a	HC
06jqR	Josh.14.4	הָי֧וּ	1961	HVqp3cp
06rFY	Josh.14.4	בְנֵֽי	1121 a	HNcmpc
06zTW	Josh.14.4	יוֹסֵ֛ף	3130	HNp
0618W	Josh.14.4	שְׁנֵ֥י	8147	HAcmdc
068Ad	Josh.14.4	מַטּ֖וֹת	4294	HNcmpa
06RQy	Josh.14.4	מְנַשֶּׁ֣ה	4519	HNp
06exE	Josh.14.4	וְ/אֶפְרָ֑יִם	c/669	HC/Np
06kDB	Josh.14.4	וְ/לֹֽא	c/3808	HC/Tn
06c5h	Josh.14.4	נָתְנוּ֩	5414	HVqp3cp
06MWC	Josh.14.4	חֵ֨לֶק	2506 a	HNcmsa
064HD	Josh.14.4	לַ/לְוִיִּ֜ם	l/3881	HRd/Ngmpa
06NTC	Josh.14.4	בָּ/אָ֗רֶץ	b/776	HRd/Ncbsa
06SsZ	Josh.14.4	כִּ֤י	3588 b	HC
06gHx	Josh.14.4	אִם	518 b	HC
069Gq	Josh.14.4	עָרִים֙	5892 b	HNcfpa
06z1r	Josh.14.4	לָ/שֶׁ֔בֶת	l/3427	HR/Vqc
06qiE	Josh.14.4	וּ/מִ֨גְרְשֵׁי/הֶ֔ם	c/4054	HC/Ncmpc/Sp3mp
06Pbx	Josh.14.4	לְ/מִקְנֵי/הֶ֖ם	l/4735	HR/Ncmpc/Sp3mp
06iu9	Josh.14.4	וּ/לְ/קִנְיָנָֽ/ם	c/l/7075	HC/R/Ncmsc/Sp3mp
06v6K	Josh.14.5	כַּ/אֲשֶׁ֨ר	k/834 d	HR/Tr
06Zfe	Josh.14.5	צִוָּ֤ה	6680	HVpp3ms
06XqJ	Josh.14.5	יְהוָה֙	3068	HNp
06zba	Josh.14.5	אֶת	853	HTo
06bCg	Josh.14.5	מֹשֶׁ֔ה	4872	HNp
06rcS	Josh.14.5	כֵּ֥ן	3651 c	HTm
06kPb	Josh.14.5	עָשׂ֖וּ	6213 a	HVqp3cp
06jmq	Josh.14.5	בְּנֵ֣י	1121 a	HNcmpc
06L8L	Josh.14.5	יִשְׂרָאֵ֑ל	3478	HNp
06Qdn	Josh.14.5	וַֽ/יַּחְלְק֖וּ	c/2505 a	HC/Vqw3mp
06zXy	Josh.14.5	אֶת	853	HTo
06BE6	Josh.14.5	הָ/אָֽרֶץ	d/776	HTd/Ncbsa
064Hh	Josh.14.6	וַ/יִּגְּשׁ֨וּ	c/5066	HC/Vqw3mp
06wqg	Josh.14.6	בְנֵֽי	1121 a	HNcmpc
06wyc	Josh.14.6	יְהוּדָ֤ה	3063	HNp
06wXU	Josh.14.6	אֶל	413	HR
06Kzw	Josh.14.6	יְהוֹשֻׁ֨עַ֙	3091	HNp
06RDi	Josh.14.6	בַּ/גִּלְגָּ֔ל	b/1537	HRd/Np
06t9h	Josh.14.6	וַ/יֹּ֣אמֶר	c/559	HC/Vqw3ms
06VYa	Josh.14.6	אֵלָ֔י/ו	413	HR/Sp3ms
06TZK	Josh.14.6	כָּלֵ֥ב	3612	HNp
069yY	Josh.14.6	בֶּן	1121 a	HNcmsc
06yyS	Josh.14.6	יְפֻנֶּ֖ה	3312	HNp
06i6F	Josh.14.6	הַ/קְּנִזִּ֑י	d/7074	HTd/Ngmsa
06gag	Josh.14.6	אַתָּ֣ה	859 a	HPp2ms
06ocU	Josh.14.6	יָדַ֡עְתָּ	3045	HVqp2ms
06E6L	Josh.14.6	אֶֽת	853	HTo
06nAX	Josh.14.6	הַ/דָּבָר֩	d/1697	HTd/Ncmsa
068Kr	Josh.14.6	אֲשֶׁר	834 a	HTr
0698g	Josh.14.6	דִּבֶּ֨ר	1696	HVpp3ms
06QQU	Josh.14.6	יְהוָ֜ה	3068	HNp
06dJi	Josh.14.6	אֶל	413	HR
06G5x	Josh.14.6	מֹשֶׁ֣ה	4872	HNp
065MG	Josh.14.6	אִישׁ	376	HNcmsc
06BCd	Josh.14.6	הָ/אֱלֹהִ֗ים	d/430	HTd/Ncmpa
06WHx	Josh.14.6	עַ֧ל	5921 a	HR
06E2T	Josh.14.6	אֹדוֹתַ֛/י	182	HNcfpc/Sp1cs
06C8V	Josh.14.6	וְ/עַ֥ל	c/5921 a	HC/R
06Cn5	Josh.14.6	אֹדוֹתֶ֖י/ךָ	182	HNcfpc/Sp2ms
06wzb	Josh.14.6	בְּ/קָדֵ֥שׁ	b/6947+	HR/Np
06Mdh	Josh.14.6	בַּרְנֵֽעַ	6947	HNp
06TmA	Josh.14.7	בֶּן	1121 a	HNcmsc
062ni	Josh.14.7	אַרְבָּעִ֨ים	705	HAcbpa
06yrG	Josh.14.7	שָׁנָ֜ה	8141	HNcfsa
06cnY	Josh.14.7	אָנֹכִ֗י	595	HPp1cs
06B32	Josh.14.7	בִּ֠/שְׁלֹחַ	b/7971	HR/Vqc
06mFz	Josh.14.7	מֹשֶׁ֨ה	4872	HNp
06AU3	Josh.14.7	עֶֽבֶד	5650	HNcmsc
06Ljo	Josh.14.7	יְהוָ֥ה	3068	HNp
06zHu	Josh.14.7	אֹתִ֛/י	853	HTo/Sp1cs
06EH3	Josh.14.7	מִ/קָּדֵ֥שׁ	m/6947+	HR/Np
06APw	Josh.14.7	בַּרְנֵ֖עַ	6947	HNp
064ud	Josh.14.7	לְ/רַגֵּ֣ל	l/7270	HR/Vpc
06oke	Josh.14.7	אֶת	853	HTo
06Wom	Josh.14.7	הָ/אָ֑רֶץ	d/776	HTd/Ncbsa
06K1g	Josh.14.7	וָ/אָשֵׁ֤ב	c/7725	HC/Vhw1cs
06q4F	Josh.14.7	אֹת/וֹ֙	853	HTo/Sp3ms
06sh2	Josh.14.7	דָּבָ֔ר	1697	HNcmsa
06A1q	Josh.14.7	כַּ/אֲשֶׁ֖ר	k/834 d	HR/Tr
067mG	Josh.14.7	עִם	5973 a	HR
065fE	Josh.14.7	לְבָבִֽ/י	3824	HNcmsc/Sp1cs
06JNN	Josh.14.8	וְ/אַחַ/י֙	c/251	HC/Ncmpc/Sp1cs
06TRZ	Josh.14.8	אֲשֶׁ֣ר	834 a	HTr
06c1k	Josh.14.8	עָל֣וּ	5927	HVqp3cp
06KKG	Josh.14.8	עִמִּ֔/י	5973 a	HR/Sp1cs
0631M	Josh.14.8	הִמְסִ֖יו	4529	HVhp3cp
06PE3	Josh.14.8	אֶת	853	HTo
066Da	Josh.14.8	לֵ֣ב	3820 a	HNcmsc
06C4U	Josh.14.8	הָ/עָ֑ם	d/5971 a	HTd/Ncmsa
06VPw	Josh.14.8	וְ/אָנֹכִ֣י	c/595	HC/Pp1cs
06kTf	Josh.14.8	מִלֵּ֔אתִי	4390	HVpp1cs
06tqR	Josh.14.8	אַחֲרֵ֖י	310 a	HR
06jzx	Josh.14.8	יְהוָ֥ה	3068	HNp
06qj6	Josh.14.8	אֱלֹהָֽ/י	430	HNcmpc/Sp1cs
06pus	Josh.14.9	וַ/יִּשָּׁבַ֣ע	c/7650	HC/VNw3ms
06Z5a	Josh.14.9	מֹשֶׁ֗ה	4872	HNp
06N2d	Josh.14.9	בַּ/יּ֣וֹם	b/3117	HRd/Ncmsa
06fmp	Josh.14.9	הַ/הוּא֮	d/1931	HTd/Pp3ms
06zva	Josh.14.9	לֵ/אמֹר֒	l/559	HR/Vqc
06dUC	Josh.14.9	אִם	518 a	HC
06NuL	Josh.14.9	לֹ֗א	3808	HTn
06f26	Josh.14.9	הָ/אָ֨רֶץ֙	d/776	HTd/Ncbsa
063cG	Josh.14.9	אֲשֶׁ֨ר	834 a	HTr
06DF8	Josh.14.9	דָּרְכָ֤ה	1869	HVqp3fs
06Ao5	Josh.14.9	רַגְלְ/ךָ֙	7272	HNcfsc/Sp2ms
06kni	Josh.14.9	בָּ֔/הּ	b	HR/Sp3fs
06yRm	Josh.14.9	לְ/ךָ֨	l	HR/Sp2ms
068gB	Josh.14.9	תִֽהְיֶ֧ה	1961	HVqi3fs
06oEM	Josh.14.9	לְ/נַחֲלָ֛ה	l/5159	HR/Ncfsa
06p3B	Josh.14.9	וּ/לְ/בָנֶ֖י/ךָ	c/l/1121 a	HC/R/Ncmpc/Sp2ms
06FcZ	Josh.14.9	עַד	5704	HR
06WG5	Josh.14.9	עוֹלָ֑ם	5769	HNcmsa
06FnR	Josh.14.9	כִּ֣י	3588 a	HC
06zxj	Josh.14.9	מִלֵּ֔אתָ	4390	HVpp2ms
06jnw	Josh.14.9	אַחֲרֵ֖י	310 a	HR
06UjJ	Josh.14.9	יְהוָ֥ה	3068	HNp
06wmR	Josh.14.9	אֱלֹהָֽ/י	430	HNcmpc/Sp1cs
06Xsc	Josh.14.10	וְ/עַתָּ֗ה	c/6258	HC/D
06qCb	Josh.14.10	הִנֵּה֩	2009	HTm
06rDe	Josh.14.10	הֶחֱיָ֨ה	2421	HVhp3ms
06LQN	Josh.14.10	יְהוָ֣ה	3068	HNp
06gWC	Josh.14.10	אוֹתִ/י֮	853	HTo/Sp1cs
06c6U	Josh.14.10	כַּ/אֲשֶׁ֣ר	k/834 d	HR/Tr
06PAw	Josh.14.10	דִּבֵּר֒	1696	HVpp3ms
06hXi	Josh.14.10	זֶה֩	2088	HPdxms
06jjb	Josh.14.10	אַרְבָּעִ֨ים	705	HAcbpa
06gpQ	Josh.14.10	וְ/חָמֵ֜שׁ	c/2568	HC/Acfsa
06EiV	Josh.14.10	שָׁנָ֗ה	8141	HNcfsa
06dY1	Josh.14.10	מֵ֠/אָז	m/227 b	HR/D
06iDg	Josh.14.10	דִּבֶּ֨ר	1696	HVpp3ms
06dB9	Josh.14.10	יְהוָ֜ה	3068	HNp
06CcA	Josh.14.10	אֶת	853	HTo
06R2m	Josh.14.10	הַ/דָּבָ֤ר	d/1697	HTd/Ncmsa
06ryM	Josh.14.10	הַ/זֶּה֙	d/2088	HTd/Pdxms
06evQ	Josh.14.10	אֶל	413	HR
06jkP	Josh.14.10	מֹשֶׁ֔ה	4872	HNp
06NA8	Josh.14.10	אֲשֶׁר	834 a	HTr
06Zrf	Josh.14.10	הָלַ֥ךְ	1980	HVqp3ms
06cEv	Josh.14.10	יִשְׂרָאֵ֖ל	3478	HNp
06KV2	Josh.14.10	בַּ/מִּדְבָּ֑ר	b/4057 b	HRd/Ncmsa
06c59	Josh.14.10	וְ/עַתָּה֙	c/6258	HC/D
06d4U	Josh.14.10	הִנֵּ֣ה	2009	HTm
06nLr	Josh.14.10	אָנֹכִ֣י	595	HPp1cs
06Qb5	Josh.14.10	הַ/יּ֔וֹם	d/3117	HTd/Ncmsa
06tTy	Josh.14.10	בֶּן	1121 a	HNcmsc
06T78	Josh.14.10	חָמֵ֥שׁ	2568	HAcfsa
06q8b	Josh.14.10	וּ/שְׁמוֹנִ֖ים	c/8084	HC/Acbpa
06ehU	Josh.14.10	שָׁנָֽה	8141	HNcfsa
066io	Josh.14.11	עוֹדֶ֨/נִּי	5750	HD/Sp1cs
06WEE	Josh.14.11	הַ/יּ֜וֹם	d/3117	HTd/Ncmsa
06dDG	Josh.14.11	חָזָ֗ק	2389	HAamsa
06iLp	Josh.14.11	כַּֽ/אֲשֶׁר֙	k/834 d	HR/Tr
06HkZ	Josh.14.11	בְּ/י֨וֹם	b/3117	HR/Ncmsc
06RLR	Josh.14.11	שְׁלֹ֤חַ	7971	HVqc
06nDg	Josh.14.11	אוֹתִ/י֙	853	HTo/Sp1cs
06A6M	Josh.14.11	מֹשֶׁ֔ה	4872	HNp
06RP4	Josh.14.11	כְּ/כֹ֥חִ/י	k/3581 b	HR/Ncmsc/Sp1cs
06D9w	Josh.14.11	אָ֖ז	227 a	HD
06TJQ	Josh.14.11	וּ/כְ/כֹ֣חִ/י	c/k/3581 b	HC/R/Ncmsc/Sp1cs
066yq	Josh.14.11	עָ֑תָּה	6258	HD
06Kqr	Josh.14.11	לַ/מִּלְחָמָ֖ה	l/4421	HRd/Ncfsa
06248	Josh.14.11	וְ/לָ/צֵ֥את	c/l/3318	HC/R/Vqc
065vz	Josh.14.11	וְ/לָ/בֽוֹא	c/l/935	HC/R/Vqc
06cN2	Josh.14.12	וְ/עַתָּ֗ה	c/6258	HC/D
062jd	Josh.14.12	תְּנָ/ה	5414	HVqv2ms/Sh
06K5Z	Josh.14.12	לִּ/י֙	l	HR/Sp1cs
06n6n	Josh.14.12	אֶת	853	HTo
06T41	Josh.14.12	הָ/הָ֣ר	d/2022	HTd/Ncmsa
06Bjn	Josh.14.12	הַ/זֶּ֔ה	d/2088	HTd/Pdxms
0699z	Josh.14.12	אֲשֶׁר	834 a	HTr
06zYd	Josh.14.12	דִּבֶּ֥ר	1696	HVpp3ms
06scM	Josh.14.12	יְהוָ֖ה	3068	HNp
06cPY	Josh.14.12	בַּ/יּ֣וֹם	b/3117	HRd/Ncmsa
06juj	Josh.14.12	הַ/ה֑וּא	d/1931	HTd/Pp3ms
06pkn	Josh.14.12	כִּ֣י	3588 a	HC
06dgR	Josh.14.12	אַתָּֽה	859 a	HPp2ms
06uxz	Josh.14.12	שָׁמַעְתָּ֩	8085	HVqp2ms
06Mge	Josh.14.12	בַ/יּ֨וֹם	b/3117	HRd/Ncmsa
06Ymi	Josh.14.12	הַ/ה֜וּא	d/1931	HTd/Pp3ms
06h2b	Josh.14.12	כִּֽי	3588 a	HC
06E7Q	Josh.14.12	עֲנָקִ֣ים	6062	HNcmpa
06g5W	Josh.14.12	שָׁ֗ם	8033	HD
066FM	Josh.14.12	וְ/עָרִים֙	c/5892 b	HC/Ncfpa
065yw	Josh.14.12	גְּדֹל֣וֹת	1419 a	HAafpa
06YRc	Josh.14.12	בְּצֻר֔וֹת	1219	HAafpa
06zfB	Josh.14.12	אוּלַ֨י	194	HD
06jg4	Josh.14.12	יְהוָ֤ה	3068	HNp
061yU	Josh.14.12	אוֹתִ/י֙	854	HR/Sp1cs
063fd	Josh.14.12	וְ/ה֣וֹרַשְׁתִּ֔י/ם	c/3423	HC/Vhq1cs/Sp3mp
06CvK	Josh.14.12	כַּ/אֲשֶׁ֖ר	k/834 d	HR/Tr
06Vio	Josh.14.12	דִּבֶּ֥ר	1696	HVpp3ms
06pZB	Josh.14.12	יְהוָֽה	3068	HNp
06S2M	Josh.14.13	וַֽ/יְבָרְכֵ֖/הוּ	c/1288	HC/Vpw3ms/Sp3ms
06eZE	Josh.14.13	יְהוֹשֻׁ֑עַ	3091	HNp
06W4S	Josh.14.13	וַ/יִּתֵּ֧ן	c/5414	HC/Vqw3ms
06Gbr	Josh.14.13	אֶת	853	HTo
06v99	Josh.14.13	חֶבְר֛וֹן	2275 a	HNp
06djw	Josh.14.13	לְ/כָלֵ֥ב	l/3612	HR/Np
06cqT	Josh.14.13	בֶּן	1121 a	HNcmsc
06pWC	Josh.14.13	יְפֻנֶּ֖ה	3312	HNp
06RLz	Josh.14.13	לְ/נַחֲלָֽה	l/5159	HR/Ncfsa
06YXn	Josh.14.14	עַל	5921 a	HR
06XT1	Josh.14.14	כֵּ֣ן	3651 c	HTm
063Mm	Josh.14.14	הָיְתָֽה	1961	HVqp3fs
06zXt	Josh.14.14	חֶ֠בְרוֹן	2275 a	HNp
0667g	Josh.14.14	לְ/כָלֵ֨ב	l/3612	HR/Np
06C2M	Josh.14.14	בֶּן	1121 a	HNcmsc
06Nec	Josh.14.14	יְפֻנֶּ֤ה	3312	HNp
0645R	Josh.14.14	הַ/קְּנִזִּי֙	d/7074	HTd/Ngmsa
06SEN	Josh.14.14	לְֽ/נַחֲלָ֔ה	l/5159	HR/Ncfsa
06JQg	Josh.14.14	עַ֖ד	5704	HR
06TGg	Josh.14.14	הַ/יּ֣וֹם	d/3117	HTd/Ncmsa
06HrY	Josh.14.14	הַ/זֶּ֑ה	d/2088	HTd/Pdxms
068tv	Josh.14.14	יַ֚עַן	3282	HC
063zJ	Josh.14.14	אֲשֶׁ֣ר	834 a	HTr
06odd	Josh.14.14	מִלֵּ֔א	4390	HVpp3ms
06eJm	Josh.14.14	אַחֲרֵ֕י	310 a	HR
06t8y	Josh.14.14	יְהוָ֖ה	3068	HNp
067q4	Josh.14.14	אֱלֹהֵ֥י	430	HNcmpc
06c2v	Josh.14.14	יִשְׂרָאֵֽל	3478	HNp
06gth	Josh.14.15	וְ/שֵׁ֨ם	c/8034	HC/Ncmsc
06qe3	Josh.14.15	חֶבְר֤וֹן	2275 a	HNp
06vvb	Josh.14.15	לְ/פָנִים֙	l/6440	HR/Ncbpa
06HZL	Josh.14.15	קִרְיַ֣ת	7153+	HNp
06JP4	Josh.14.15	אַרְבַּ֔ע	7153	HAcfsa
06Lke	Josh.14.15	הָ/אָדָ֧ם	d/120	HTd/Ncmsa
06udG	Josh.14.15	הַ/גָּד֛וֹל	d/1419 a	HTd/Aamsa
06xji	Josh.14.15	בָּ/עֲנָקִ֖ים	b/6062	HRd/Ngmpa
06AfZ	Josh.14.15	ה֑וּא	1931	HPp3ms
06MKo	Josh.14.15	וְ/הָ/אָ֥רֶץ	c/d/776	HC/Td/Ncbsa
061BC	Josh.14.15	שָׁקְטָ֖ה	8252	HVqp3fs
06wuh	Josh.14.15	מִ/מִּלְחָמָֽה	m/4421	HR/Ncfsa
06jPW	Josh.15.1	וַ/יְהִ֣י	c/1961	HC/Vqw3ms
06aG2	Josh.15.1	הַ/גּוֹרָ֗ל	d/1486	HTd/Ncmsa
06r8i	Josh.15.1	לְ/מַטֵּ֛ה	l/4294	HR/Ncmsc
06QpT	Josh.15.1	בְּנֵ֥י	1121 a	HNcmpc
06TzY	Josh.15.1	יְהוּדָ֖ה	3063	HNp
06XbD	Josh.15.1	לְ/מִשְׁפְּחֹתָ֑/ם	l/4940	HR/Ncfpc/Sp3mp
06gh4	Josh.15.1	אֶל	413	HR
065ho	Josh.15.1	גְּב֨וּל	1366	HNcmsc
06FP9	Josh.15.1	אֱד֧וֹם	123	HNp
067DJ	Josh.15.1	מִדְבַּר	4057 b	HNcmsc
06Wku	Josh.15.1	צִ֛ן	6790	HNp
065xN	Josh.15.1	נֶ֖גְבָּ/ה	5045	HNcmsa/Sd
06wtE	Josh.15.1	מִ/קְצֵ֥ה	m/7097 a	HR/Ncbsc
06g1M	Josh.15.1	תֵימָֽן	8486	HNcfsa
06Ja2	Josh.15.2	וַ/יְהִ֤י	c/1961	HC/Vqw3ms
06sUc	Josh.15.2	לָ/הֶם֙	l	HR/Sp3mp
06SSP	Josh.15.2	גְּב֣וּל	1366	HNcmsc
06XF1	Josh.15.2	נֶ֔גֶב	5045	HNcmsa
06Mig	Josh.15.2	מִ/קְצֵ֖ה	m/7097 a	HR/Ncbsc
06HwW	Josh.15.2	יָ֣ם	3220	HNcmsc
06YeZ	Josh.15.2	הַ/מֶּ֑לַח	d/4417	HTd/Ncmsa
06fwr	Josh.15.2	מִן	4480 a	HR
06suC	Josh.15.2	הַ/לָּשֹׁ֖ן	d/3956	HTd/Ncbsa
06Px1	Josh.15.2	הַ/פֹּנֶ֥ה	d/6437	HTd/Vqrmsa
06AYP	Josh.15.2	נֶֽגְבָּ/ה	5045	HNcmsa/Sd
06DRn	Josh.15.3	וְ֠/יָצָא	c/3318	HC/Vqp3ms
06eu8	Josh.15.3	אֶל	413	HR
06Gvf	Josh.15.3	מִ/נֶּ֜גֶב	m/5045	HR/Ncmsa
06rUH	Josh.15.3	לְ/מַעֲלֵ֤ה	l/4610+	HR/Ncmsc
06Ndd	Josh.15.3	עַקְרַבִּים֙	4610	HNp
06AS3	Josh.15.3	וְ/עָ֣בַר	c/5674 a	HC/Vqp3ms
06NNB	Josh.15.3	צִ֔נָ/ה	6790	HNp/Sd
06ooW	Josh.15.3	וְ/עָלָ֥ה	c/5927	HC/Vqp3ms
0644e	Josh.15.3	מִ/נֶּ֖גֶב	m/5045	HR/Ncmsa
061ML	Josh.15.3	לְ/קָדֵ֣שׁ	l/6947+	HR/Np
06Lr5	Josh.15.3	בַּרְנֵ֑עַ	6947	HNp
06V22	Josh.15.3	וְ/עָבַ֤ר	c/5674 a	HC/Vqp3ms
06aa5	Josh.15.3	חֶצְרוֹן֙	2696	HNp
06Pbw	Josh.15.3	וְ/עָלָ֣ה	c/5927	HC/Vqp3ms
065M6	Josh.15.3	אַדָּ֔רָ/ה	146	HNp/Sd
06Fdk	Josh.15.3	וְ/נָסַ֖ב	c/5437	HC/VNp3ms
06Pwi	Josh.15.3	הַ/קַּרְקָֽעָ/ה	d/7173	HTd/Np/Sd
06kSx	Josh.15.4	וְ/עָבַ֣ר	c/5674 a	HC/Vqp3ms
06488	Josh.15.4	עַצְמ֗וֹנָ/ה	6111	HNp/Sd
06Mix	Josh.15.4	וְ/יָצָא֙	c/3318	HC/Vqp3ms
06Nt6	Josh.15.4	נַ֣חַל	5158 a	HNcmsc
06JC3	Josh.15.4	מִצְרַ֔יִם	4714	HNp
06ieh	Josh.15.4	ו/היה	c/1961	HC/Vqp3ms
06ASQ	Josh.15.4	וְ/הָי֛וּ	c/1961	HC/Vqp3cp
06NoG	Josh.15.4	תֹּצְא֥וֹת	8444	HNcfpc
06CEp	Josh.15.4	הַ/גְּב֖וּל	d/1366	HTd/Ncmsa
06ngB	Josh.15.4	יָ֑מָּ/ה	3220	HNcmsa/Sd
06yLn	Josh.15.4	זֶה	2088	HPdxms
06akE	Josh.15.4	יִהְיֶ֥ה	1961	HVqi3ms
06QRH	Josh.15.4	לָ/כֶ֖ם	l	HR/Sp2mp
06G4s	Josh.15.4	גְּב֥וּל	1366	HNcmsc
06mzP	Josh.15.4	נֶֽגֶב	5045	HNcmsa
06VHe	Josh.15.5	וּ/גְב֥וּל	c/1366	HC/Ncmsa
066MU	Josh.15.5	קֵ֨דְמָ/ה֙	6924 b	HNcmsa/Sd
06DbG	Josh.15.5	יָ֣ם	3220	HNcmsc
06ecu	Josh.15.5	הַ/מֶּ֔לַח	d/4417	HTd/Ncmsa
06jQu	Josh.15.5	עַד	5704	HR
06Bcc	Josh.15.5	קְצֵ֖ה	7097 a	HNcbsc
06EVD	Josh.15.5	הַ/יַּרְדֵּ֑ן	d/3383	HTd/Np
06yJE	Josh.15.5	וּ/גְב֞וּל	c/1366	HC/Ncmsa
06cfw	Josh.15.5	לִ/פְאַ֤ת	l/6285	HR/Ncfsc
066j8	Josh.15.5	צָפ֨וֹנָ/ה֙	6828	HNcfsa/Sd
06EEK	Josh.15.5	מִ/לְּשׁ֣וֹן	m/3956	HR/Ncbsc
062ZK	Josh.15.5	הַ/יָּ֔ם	d/3220	HTd/Ncmsa
06T4o	Josh.15.5	מִ/קְצֵ֖ה	m/7097 a	HR/Ncbsc
06SGX	Josh.15.5	הַ/יַּרְדֵּֽן	d/3383	HTd/Np
06ExA	Josh.15.6	וְ/עָלָ֤ה	c/5927	HC/Vqp3ms
06kGa	Josh.15.6	הַ/גְּבוּל֙	d/1366	HTd/Ncmsa
06wwe	Josh.15.6	בֵּ֣ית	1031+	HNp
06ej6	Josh.15.6	חָגְלָ֔ה	1031	HNp
06iJP	Josh.15.6	וְ/עָבַ֕ר	c/5674 a	HC/Vqp3ms
06MEP	Josh.15.6	מִ/צְּפ֖וֹן	m/6828	HR/Ncfsc
06BRP	Josh.15.6	לְ/בֵ֣ית	l/1026+	HR/Np
06q73	Josh.15.6	הָעֲרָבָ֑ה	1026	HNp
06SDq	Josh.15.6	וְ/עָלָ֣ה	c/5927	HC/Vqp3ms
06kXh	Josh.15.6	הַ/גְּב֔וּל	d/1366	HTd/Ncmsa
06URX	Josh.15.6	אֶ֥בֶן	68	HNcfsc
06gMf	Josh.15.6	בֹּ֖הַן	932	HNp
06E6M	Josh.15.6	בֶּן	1121 a	HNcmsc
061A6	Josh.15.6	רְאוּבֵֽן	7205	HNp
06BJQ	Josh.15.7	וְ/עָלָ֨ה	c/5927	HC/Vqp3ms
06XqG	Josh.15.7	הַ/גְּב֥וּל	d/1366	HTd/Ncmsa
06nEn	Josh.15.7	דְּבִרָ/ה֮	1688 a	HNp/Sd
06ket	Josh.15.7	מֵ/עֵ֣מֶק	m/6010	HR/Ncmsc
06V6E	Josh.15.7	עָכוֹר֒	5911	HNp
06UwW	Josh.15.7	וְ/צָפ֜וֹנָ/ה	c/6828	HC/Ncfsa/Sd
06RnX	Josh.15.7	פֹּנֶ֣ה	6437	HVqrmsa
067PA	Josh.15.7	אֶל	413	HR
06bf2	Josh.15.7	הַ/גִּלְגָּ֗ל	d/1537	HTd/Np
06mxX	Josh.15.7	אֲשֶׁר	834 a	HTr
06Fbc	Josh.15.7	נֹ֨כַח֙	5227	HD
06B6k	Josh.15.7	לְ/מַעֲלֵ֣ה	l/4608	HR/Ncmsc
061Kb	Josh.15.7	אֲדֻמִּ֔ים	131	HNp
06Ue8	Josh.15.7	אֲשֶׁ֥ר	834 a	HTr
06oJZ	Josh.15.7	מִ/נֶּ֖גֶב	m/5045	HR/Ncmsa
06vaQ	Josh.15.7	לַ/נָּ֑חַל	l/5158 a	HRd/Ncmsa
0639o	Josh.15.7	וְ/עָבַ֤ר	c/5674 a	HC/Vqp3ms
06RyG	Josh.15.7	הַ/גְּבוּל֙	d/1366	HTd/Ncmsa
06y4Q	Josh.15.7	אֶל	413	HR
06xya	Josh.15.7	מֵי	4325	HNcmpc
06gpN	Josh.15.7	עֵ֣ין	5885+	HNp
06wiL	Josh.15.7	שֶׁ֔מֶשׁ	5885	HNp
06Qu5	Josh.15.7	וְ/הָי֥וּ	c/1961	HC/Vqp3cp
06L3T	Josh.15.7	תֹצְאֹתָ֖י/ו	8444	HNcfpc/Sp3ms
06dpv	Josh.15.7	אֶל	413	HR
066Kf	Josh.15.7	עֵ֥ין	5883+	HNp
065Nn	Josh.15.7	רֹגֵֽל	5883	HNp
06R25	Josh.15.8	וְ/עָלָ֨ה	c/5927	HC/Vqp3ms
06d3e	Josh.15.8	הַ/גְּב֜וּל	d/1366	HTd/Ncmsa
06jsg	Josh.15.8	גֵּ֣י	1516	HNcbsc
06H7t	Josh.15.8	בֶן	1121 a	HNcmsc
06mvX	Josh.15.8	הִנֹּ֗ם	2011	HNp
06RMf	Josh.15.8	אֶל	413	HR
06Lmi	Josh.15.8	כֶּ֤תֶף	3802	HNcfsc
06frn	Josh.15.8	הַ/יְבוּסִי֙	d/2983	HTd/Ngmsa
06ukw	Josh.15.8	מִ/נֶּ֔גֶב	m/5045	HR/Ncmsa
06VKd	Josh.15.8	הִ֖יא	1931	HPp3fs
06tjY	Josh.15.8	יְרֽוּשָׁלִָ֑ם	3389	HNp
06L7A	Josh.15.8	וְ/עָלָ֨ה	c/5927	HC/Vqp3ms
06CiC	Josh.15.8	הַ/גְּב֜וּל	d/1366	HTd/Ncmsa
065Lz	Josh.15.8	אֶל	413	HR
067uH	Josh.15.8	רֹ֣אשׁ	7218 a	HNcmsc
06pEG	Josh.15.8	הָ/הָ֗ר	d/2022	HTd/Ncmsa
06m4Z	Josh.15.8	אֲ֠שֶׁר	834 a	HTr
06Cmt	Josh.15.8	עַל	5921 a	HR
06hg2	Josh.15.8	פְּנֵ֤י	6440	HNcbpc
06MDe	Josh.15.8	גֵֽי	1516	HNcbsc
06ezg	Josh.15.8	הִנֹּם֙	2011	HNp
06pE4	Josh.15.8	יָ֔מָּ/ה	3220	HNcmsa/Sd
06p3k	Josh.15.8	אֲשֶׁ֛ר	834 a	HTr
06d1y	Josh.15.8	בִּ/קְצֵ֥ה	b/7097 a	HR/Ncbsc
06xV8	Josh.15.8	עֵֽמֶק	6010	HNcmsc
067xo	Josh.15.8	רְפָאִ֖ים	7497 b	HNp
06PPv	Josh.15.8	צָפֹֽנָ/ה	6828	HNcfsa/Sd
06Eci	Josh.15.9	וְ/תָאַ֨ר	c/8388 a	HC/Vqp3ms
06PW7	Josh.15.9	הַ/גְּב֜וּל	d/1366	HTd/Ncmsa
06kag	Josh.15.9	מֵ/רֹ֣אשׁ	m/7218 a	HR/Ncmsc
06ne1	Josh.15.9	הָ/הָ֗ר	d/2022	HTd/Ncmsa
0674j	Josh.15.9	אֶל	413	HR
06Cip	Josh.15.9	מַעְיַן֙	4599	HNcmsc
0643X	Josh.15.9	מֵ֣י	4325	HNcmpc
063p9	Josh.15.9	נֶפְתּ֔וֹחַ	5318	HNp
06fiw	Josh.15.9	וְ/יָצָ֖א	c/3318	HC/Vqp3ms
06vHw	Josh.15.9	אֶל	413	HR
06s8T	Josh.15.9	עָרֵ֣י	5892 b	HNcfpc
06ZaN	Josh.15.9	הַר	2022	HNcmsc
06nYc	Josh.15.9	עֶפְר֑וֹן	6085	HNp
06u3e	Josh.15.9	וְ/תָאַ֤ר	c/8388 a	HC/Vqp3ms
0639m	Josh.15.9	הַ/גְּבוּל֙	d/1366	HTd/Ncmsa
06dJf	Josh.15.9	בַּעֲלָ֔ה	1173	HNp
06mri	Josh.15.9	הִ֖יא	1931	HPp3fs
06QxH	Josh.15.9	קִרְיַ֥ת	7157+	HNp
06U84	Josh.15.9	יְעָרִֽים	7157	HNp
06Jy2	Josh.15.10	וְ/נָסַב֩	c/5437	HC/VNp3ms
06HnU	Josh.15.10	הַ/גְּב֨וּל	d/1366	HTd/Ncmsa
06zRD	Josh.15.10	מִ/בַּעֲלָ֥ה	m/1173	HR/Np
062v1	Josh.15.10	יָ֨מָּ/ה֙	3220	HNcmsa/Sd
06zJL	Josh.15.10	אֶל	413	HR
06RMN	Josh.15.10	הַ֣ר	2022	HNcmsc
06eF6	Josh.15.10	שֵׂעִ֔יר	8165 a	HNp
063VC	Josh.15.10	וְ/עָבַ֕ר	c/5674 a	HC/Vqp3ms
064tQ	Josh.15.10	אֶל	413	HR
06mn8	Josh.15.10	כֶּ֧תֶף	3802	HNcfsc
06k1n	Josh.15.10	הַר	2022	HNcmsc
06LbT	Josh.15.10	יְעָרִ֛ים	3297	HNp
0618q	Josh.15.10	מִ/צָּפ֖וֹנָ/ה	m/6828	HR/Ncfsa/Sd
06MDc	Josh.15.10	הִ֣יא	1931	HPp3fs
06Yeh	Josh.15.10	כְסָל֑וֹן	3693	HNp
06khD	Josh.15.10	וְ/יָרַ֥ד	c/3381	HC/Vqp3ms
061Qt	Josh.15.10	בֵּֽית	1053+	HNp
06onH	Josh.15.10	שֶׁ֖מֶשׁ	1053	HNp
062Kd	Josh.15.10	וְ/עָבַ֥ר	c/5674 a	HC/Vqp3ms
06LPE	Josh.15.10	תִּמְנָֽה	8553	HNp
06Anu	Josh.15.11	וְ/יָצָ֨א	c/3318	HC/Vqp3ms
06YWY	Josh.15.11	הַ/גְּב֜וּל	d/1366	HTd/Ncmsa
06FkQ	Josh.15.11	אֶל	413	HR
06vf3	Josh.15.11	כֶּ֣תֶף	3802	HNcfsc
06y8F	Josh.15.11	עֶקְרוֹן֮	6138	HNp
06uwa	Josh.15.11	צָפוֹנָ/ה֒	6828	HNcfsa/Sd
06quH	Josh.15.11	וְ/תָאַ֤ר	c/8388 a	HC/Vqp3ms
06FKK	Josh.15.11	הַ/גְּבוּל֙	d/1366	HTd/Ncmsa
06EY9	Josh.15.11	שִׁכְּר֔וֹנָ/ה	7942	HNp/Sd
063bJ	Josh.15.11	וְ/עָבַ֥ר	c/5674 a	HC/Vqp3ms
06Euh	Josh.15.11	הַר	2022	HNcmsc
06cUS	Josh.15.11	הַֽ/בַּעֲלָ֖ה	d/1173	HTd/Np
06Kn2	Josh.15.11	וְ/יָצָ֣א	c/3318	HC/Vqp3ms
06VLr	Josh.15.11	יַבְנְאֵ֑ל	2995	HNp
06esu	Josh.15.11	וְ/הָי֛וּ	c/1961	HC/Vqp3cp
06FiZ	Josh.15.11	תֹּצְא֥וֹת	8444	HNcfpc
06RZJ	Josh.15.11	הַ/גְּב֖וּל	d/1366	HTd/Ncmsa
068Zb	Josh.15.11	יָֽמָּ/ה	3220	HNcmsa/Sd
06Lat	Josh.15.12	וּ/גְב֣וּל	c/1366	HC/Ncmsc
06dYo	Josh.15.12	יָ֔ם	3220	HNcmsa
06b1b	Josh.15.12	הַ/יָּ֥מָּ/ה	d/3220	HTd/Ncmsa/Sd
06HdC	Josh.15.12	הַ/גָּד֖וֹל	d/1419 a	HTd/Aamsa
06wTV	Josh.15.12	וּ/גְב֑וּל	c/1366	HC/Ncmsa
06dAy	Josh.15.12	זֶ֠ה	2088	HPdxms
06HvE	Josh.15.12	גְּב֧וּל	1366	HNcmsc
068ac	Josh.15.12	בְּנֵֽי	1121 a	HNcmpc
06fZx	Josh.15.12	יְהוּדָ֛ה	3063	HNp
06zSb	Josh.15.12	סָבִ֖יב	5439	HNcbsa
066FX	Josh.15.12	לְ/מִשְׁפְּחֹתָֽ/ם	l/4940	HR/Ncfpc/Sp3mp
06yVJ	Josh.15.13	וּ/לְ/כָלֵ֣ב	c/l/3612	HC/R/Np
06Jp4	Josh.15.13	בֶּן	1121 a	HNcmsc
0647f	Josh.15.13	יְפֻנֶּ֗ה	3312	HNp
06sbC	Josh.15.13	נָ֤תַן	5414	HVqp3ms
068UN	Josh.15.13	חֵ֨לֶק֙	2506 a	HNcmsa
06cbJ	Josh.15.13	בְּ/ת֣וֹךְ	b/8432	HR/Ncmsc
06wTH	Josh.15.13	בְּנֵֽי	1121 a	HNcmpc
06sDn	Josh.15.13	יְהוּדָ֔ה	3063	HNp
061fa	Josh.15.13	אֶל	413	HR
064Hx	Josh.15.13	פִּ֥י	6310	HNcmsc
06J4p	Josh.15.13	יְהוָ֖ה	3068	HNp
06eKA	Josh.15.13	לִֽ/יהוֹשֻׁ֑עַ	l/3091	HR/Np
06kof	Josh.15.13	אֶת	853	HTo
06oxJ	Josh.15.13	קִרְיַ֥ת	7153+	HNp
06Lkz	Josh.15.13	אַרְבַּ֛ע	7153	HAcfsa
06a35	Josh.15.13	אֲבִ֥י	1	HNcmsc
0685C	Josh.15.13	הָ/עֲנָ֖ק	d/6061	HTd/Np
06duB	Josh.15.13	הִ֥יא	1931	HPp3fs
06Dd8	Josh.15.13	חֶבְרֽוֹן	2275 a	HNp
062Ez	Josh.15.14	וַ/יֹּ֤רֶשׁ	c/3423	HC/Vhw3ms
06zgP	Josh.15.14	מִ/שָּׁם֙	m/8033	HR/D
06K1F	Josh.15.14	כָּלֵ֔ב	3612	HNp
06F8k	Josh.15.14	אֶת	853	HTo
06yie	Josh.15.14	שְׁלוֹשָׁ֖ה	7969	HAcmsa
06AGX	Josh.15.14	בְּנֵ֣י	1121 a	HNcmpc
06QZQ	Josh.15.14	הָ/עֲנָ֑ק	d/6061	HTd/Np
06iJj	Josh.15.14	אֶת	853	HTo
069tK	Josh.15.14	שֵׁשַׁ֤י	8344	HNp
06cdf	Josh.15.14	וְ/אֶת	c/853	HC/To
06ViQ	Josh.15.14	אֲחִימַן֙	289	HNp
066Gq	Josh.15.14	וְ/אֶת	c/853	HC/To
06xzK	Josh.15.14	תַּלְמַ֔י	8526	HNp
06M3A	Josh.15.14	יְלִידֵ֖י	3211	HNcmpc
06ixU	Josh.15.14	הָ/עֲנָֽק	d/6061	HTd/Np
06grk	Josh.15.15	וַ/יַּ֣עַל	c/5927	HC/Vqw3ms
06cot	Josh.15.15	מִ/שָּׁ֔ם	m/8033	HR/D
06K5A	Josh.15.15	אֶל	413	HR
06EZv	Josh.15.15	יֹשְׁבֵ֖י	3427	HVqrmpc
06z5E	Josh.15.15	דְּבִ֑ר	1688 a	HNp
06V3V	Josh.15.15	וְ/שֵׁם	c/8034	HC/Ncmsc
06SE1	Josh.15.15	דְּבִ֥ר	1688 a	HNp
06thM	Josh.15.15	לְ/פָנִ֖ים	l/6440	HR/Ncbpa
062ww	Josh.15.15	קִרְיַת	7158+	HNp
06GEX	Josh.15.15	סֵֽפֶר	7158	HNp
06V1p	Josh.15.16	וַ/יֹּ֣אמֶר	c/559	HC/Vqw3ms
06bZG	Josh.15.16	כָּלֵ֔ב	3612	HNp
06mCK	Josh.15.16	אֲשֶׁר	834 a	HTr
06t2E	Josh.15.16	יַכֶּ֥ה	5221	HVhi3ms
06vxV	Josh.15.16	אֶת	853	HTo
06Jbi	Josh.15.16	קִרְיַת	7158+	HNp
06Cwm	Josh.15.16	סֵ֖פֶר	7158	HNp
06ugN	Josh.15.16	וּ/לְכָדָ֑/הּ	c/3920	HC/Vqq3ms/Sp3fs
063S6	Josh.15.16	וְ/נָתַ֥תִּי	c/5414	HC/Vqq1cs
06Zpg	Josh.15.16	ל֛/וֹ	l	HR/Sp3ms
06XbK	Josh.15.16	אֶת	853	HTo
06Rfy	Josh.15.16	עַכְסָ֥ה	5915	HNp
06nMK	Josh.15.16	בִתִּ֖/י	1323	HNcfsc/Sp1cs
06igt	Josh.15.16	לְ/אִשָּֽׁה	l/802	HR/Ncfsa
06J8d	Josh.15.17	וַֽ/יִּלְכְּדָ֛/הּ	c/3920	HC/Vqw3ms/Sp3fs
06Zuf	Josh.15.17	עָתְנִיאֵ֥ל	6274	HNp
06Vtr	Josh.15.17	בֶּן	1121 a	HNcmsc
06qwE	Josh.15.17	קְנַ֖ז	7073	HNp
06KNV	Josh.15.17	אֲחִ֣י	251	HNcmsc
06wr4	Josh.15.17	כָלֵ֑ב	3612	HNp
06vZL	Josh.15.17	וַ/יִּתֶּן	c/5414	HC/Vqw3ms
06SzL	Josh.15.17	ל֛/וֹ	l	HR/Sp3ms
06vye	Josh.15.17	אֶת	853	HTo
06mzs	Josh.15.17	עַכְסָ֥ה	5915	HNp
06RUB	Josh.15.17	בִתּ֖/וֹ	1323	HNcfsc/Sp3ms
06b16	Josh.15.17	לְ/אִשָּֽׁה	l/802	HR/Ncfsa
061Se	Josh.15.18	וַ/יְהִ֣י	c/1961	HC/Vqw3ms
06s9f	Josh.15.18	בְּ/בוֹאָ֗/הּ	b/935	HR/Vqc/Sp3fs
061Z5	Josh.15.18	וַ/תְּסִיתֵ֨/הוּ֙	c/5496	HC/Vhw3fs/Sp3ms
06Wis	Josh.15.18	לִ/שְׁא֤וֹל	l/7592	HR/Vqc
06yWu	Josh.15.18	מֵֽ/אֵת	m/854	HR/R
06MU6	Josh.15.18	אָבִ֨י/הָ֙	1	HNcmsc/Sp3fs
06xmE	Josh.15.18	שָׂדֶ֔ה	7704 b	HNcmsa
06TLt	Josh.15.18	וַ/תִּצְנַ֖ח	c/6795	HC/Vqw3fs
06Gim	Josh.15.18	מֵ/עַ֣ל	m/5921 a	HR/R
06Jv1	Josh.15.18	הַ/חֲמ֑וֹר	d/2543	HTd/Ncbsa
06hKn	Josh.15.18	וַ/יֹּֽאמֶר	c/559	HC/Vqw3ms
06poz	Josh.15.18	לָ֥/הּ	l	HR/Sp3fs
06h7D	Josh.15.18	כָּלֵ֖ב	3612	HNp
06W2Y	Josh.15.18	מַה	4100	HTi
06BHc	Josh.15.18	לָּֽ/ךְ	l	HR/Sp2fs
06zPq	Josh.15.19	וַ/תֹּ֜אמֶר	c/559	HC/Vqw3fs
068Mb	Josh.15.19	תְּנָ/ה	5414	HVqv2ms/Sh
06DU5	Josh.15.19	לִּ֣/י	l	HR/Sp1cs
06GoH	Josh.15.19	בְרָכָ֗ה	1293	HNcfsa
06Rco	Josh.15.19	כִּ֣י	3588 a	HC
06qxv	Josh.15.19	אֶ֤רֶץ	776	HNcbsc
06teJ	Josh.15.19	הַ/נֶּ֨גֶב֙	d/5045	HTd/Ncmsa
06Yjt	Josh.15.19	נְתַתָּ֔/נִי	5414	HVqp2ms/Sp1cs
06RDD	Josh.15.19	וְ/נָתַתָּ֥ה	c/5414	HC/Vqq2ms
06Y1A	Josh.15.19	לִ֖/י	l	HR/Sp1cs
069gc	Josh.15.19	גֻּלֹּ֣ת	1543	HNcfpc
06DDp	Josh.15.19	מָ֑יִם	4325	HNcmpa
06w2a	Josh.15.19	וַ/יִּתֶּן	c/5414	HC/Vqw3ms
0652N	Josh.15.19	לָ֗/הּ	l	HR/Sp3fs
063Jb	Josh.15.19	אֵ֚ת	853	HTo
06AaT	Josh.15.19	גֻּלֹּ֣ת	1543	HNcfpa
06rmh	Josh.15.19	עִלִּיּ֔וֹת	5942	HAafpa
06M5h	Josh.15.19	וְ/אֵ֖ת	c/853	HC/To
06SLw	Josh.15.19	גֻּלֹּ֥ת	1543	HNcfpa
06mzL	Josh.15.19	תַּחְתִּיּֽוֹת	8482	HAafpa
06s1q	Josh.15.20	זֹ֗את	2063	HPdxfs
06L75	Josh.15.20	נַחֲלַ֛ת	5159	HNcfsc
06hfu	Josh.15.20	מַטֵּ֥ה	4294	HNcmsc
06JV9	Josh.15.20	בְנֵי	1121 a	HNcmpc
06Luf	Josh.15.20	יְהוּדָ֖ה	3063	HNp
06dyW	Josh.15.20	לְ/מִשְׁפְּחֹתָֽ/ם	l/4940	HR/Ncfpc/Sp3mp
06cfy	Josh.15.21	וַ/יִּֽהְי֣וּ	c/1961	HC/Vqw3mp
06bm3	Josh.15.21	הֶ/עָרִ֗ים	d/5892 b	HTd/Ncfpa
06X1G	Josh.15.21	מִ/קְצֵה֙	m/7097 a	HR/Ncbsc
06DAz	Josh.15.21	לְ/מַטֵּ֣ה	l/4294	HR/Ncmsc
06cG2	Josh.15.21	בְנֵֽי	1121 a	HNcmpc
06SiW	Josh.15.21	יְהוּדָ֔ה	3063	HNp
063KU	Josh.15.21	אֶל	413	HR
06HCz	Josh.15.21	גְּב֥וּל	1366	HNcmsc
06uez	Josh.15.21	אֱד֖וֹם	123	HNp
06t7Z	Josh.15.21	בַּ/נֶּ֑גְבָּ/ה	b/5045	HRd/Ncmsa/Sd
06KG3	Josh.15.21	קַבְצְאֵ֥ל	6909	HNp
06BNm	Josh.15.21	וְ/עֵ֖דֶר	c/5740 b	HC/Np
06S39	Josh.15.21	וְ/יָגֽוּר	c/3017	HC/Np
0666Y	Josh.15.22	וְ/קִינָ֥ה	c/7016	HC/Np
061wE	Josh.15.22	וְ/דִֽימוֹנָ֖ה	c/1776	HC/Np
06LNG	Josh.15.22	וְ/עַדְעָדָֽה	c/5735	HC/Np
061VD	Josh.15.23	וְ/קֶ֥דֶשׁ	c/6943	HC/Np
06Sti	Josh.15.23	וְ/חָצ֖וֹר	c/2674	HC/Np
069UL	Josh.15.23	וְ/יִתְנָֽן	c/3497	HC/Np
06jTj	Josh.15.24	זִ֥יף	2128	HNp
06yoM	Josh.15.24	וָ/טֶ֖לֶם	c/2928	HC/Np
06u9c	Josh.15.24	וּ/בְעָלֽוֹת	c/1175	HC/Np
06npB	Josh.15.25	וְ/חָצ֤וֹר	c/2675+	HC/Np
06nhG	Josh.15.25	חֲדַתָּה֙	2675	HNp
06FcX	Josh.15.25	וּ/קְרִיּ֔וֹת	c/7152	HC/Np
06fZ4	Josh.15.25	חֶצְר֖וֹן	2696	HNp
0656D	Josh.15.25	הִ֥יא	1931	HPp3fs
063Lr	Josh.15.25	חָצֽוֹר	2674	HNp
06NnT	Josh.15.26	אֲמָ֥ם	538	HNp
06TQz	Josh.15.26	וּ/שְׁמַ֖ע	c/8090	HC/Np
06rfK	Josh.15.26	וּ/מוֹלָדָֽה	c/4137	HC/Np
06fa5	Josh.15.27	וַ/חֲצַ֥ר	c/2693+	HC/Np
06cLe	Josh.15.27	גַּדָּ֛ה	2693	HNp
06b9p	Josh.15.27	וְ/חֶשְׁמ֖וֹן	c/2829	HC/Np
06iWG	Josh.15.27	וּ/בֵ֥ית	c/1046+	HC/Np
06v6C	Josh.15.27	פָּֽלֶט	1046	HNp
06nag	Josh.15.28	וַ/חֲצַ֥ר	c/2705+	HC/Np
06gmi	Josh.15.28	שׁוּעָ֛ל	2705	HNp
06ERU	Josh.15.28	וּ/בְאֵ֥ר	c/884+	HC/Np
06t7c	Josh.15.28	שֶׁ֖בַע	884	HAcfsa
06Y1F	Josh.15.28	וּ/בִזְיוֹתְיָֽה	c/964	HC/Np
06JXq	Josh.15.29	בַּעֲלָ֥ה	1173	HNp
06W2g	Josh.15.29	וְ/עִיִּ֖ים	c/5864	HC/Np
06M8k	Josh.15.29	וָ/עָֽצֶם	c/6107	HC/Np
06KnE	Josh.15.30	וְ/אֶלְתּוֹלַ֥ד	c/513	HC/Np
06hDB	Josh.15.30	וּ/כְסִ֖יל	c/3686	HC/Np
06LFh	Josh.15.30	וְ/חָרְמָֽה	c/2767	HC/Np
06EWr	Josh.15.31	וְ/צִֽקְלַ֥ג	c/6860	HC/Np
06rHN	Josh.15.31	וּ/מַדְמַנָּ֖ה	c/4089	HC/Np
06LDD	Josh.15.31	וְ/סַנְסַנָּֽה	c/5578	HC/Np
06dAG	Josh.15.32	וּ/לְבָא֥וֹת	c/3822	HC/Np
06B9T	Josh.15.32	וְ/שִׁלְחִ֖ים	c/7978	HC/Np
06m7U	Josh.15.32	וְ/עַ֣יִן	c/5871	HC/Np
06coZ	Josh.15.32	וְ/רִמּ֑וֹן	c/7417 c	HC/Np
06pkN	Josh.15.32	כָּל	3605	HNcmsc
062TP	Josh.15.32	עָרִ֛ים	5892 b	HNcfpa
06p9B	Josh.15.32	עֶשְׂרִ֥ים	6242	HAcbpa
06Wz8	Josh.15.32	וָ/תֵ֖שַׁע	c/8672	HC/Acfsa
06CFE	Josh.15.32	וְ/חַצְרֵי/הֶֽן	c/2691 b	HC/Ncbpc/Sp3fp
06wi9	Josh.15.33	בַּ/שְּׁפֵלָ֑ה	b/8219	HRd/Ncfsa
06T67	Josh.15.33	אֶשְׁתָּא֥וֹל	847	HNp
06biA	Josh.15.33	וְ/צָרְעָ֖ה	c/6881	HC/Np
06u4V	Josh.15.33	וְ/אַשְׁנָֽה	c/823	HC/Np
06wS9	Josh.15.34	וְ/זָנ֨וֹחַ֙	c/2182	HC/Np
06rAC	Josh.15.34	וְ/עֵ֣ין	c/5873+	HC/Np
06jq8	Josh.15.34	גַּנִּ֔ים	5873	HNp
06R4y	Josh.15.34	תַּפּ֖וּחַ	8599 b	HNp
06EfW	Josh.15.34	וְ/הָ/עֵינָֽם	c/d/5879	HC/Td/Np
06U9o	Josh.15.35	יַרְמוּת֙	3412	HNp
06VJW	Josh.15.35	וַ/עֲדֻלָּ֔ם	c/5725	HC/Np
06c6w	Josh.15.35	שׂוֹכֹ֖ה	7755	HNp
06RJ6	Josh.15.35	וַ/עֲזֵקָֽה	c/5825	HC/Np
06mKe	Josh.15.36	וְ/שַׁעֲרַ֨יִם֙	c/8189	HC/Np
06Z2i	Josh.15.36	וַ/עֲדִיתַ֔יִם	c/5723	HC/Np
06e3B	Josh.15.36	וְ/הַ/גְּדֵרָ֖ה	c/d/1449	HC/Td/Np
067Pd	Josh.15.36	וּ/גְדֵרֹתָ֑יִם	c/1453	HC/Np
06Lgc	Josh.15.36	עָרִ֥ים	5892 b	HNcfpa
06RLL	Josh.15.36	אַרְבַּֽע	702	HAcfsa
06XTN	Josh.15.36	עֶשְׂרֵ֖ה	6240	HAcfsa
069j9	Josh.15.36	וְ/חַצְרֵי/הֶֽן	c/2691 b	HC/Ncbpc/Sp3fp
06xRk	Josh.15.37	צְנָ֥ן	6799	HNp
06agE	Josh.15.37	וַ/חֲדָשָׁ֖ה	c/2322	HC/Np
0699n	Josh.15.37	וּ/מִגְדַּל	c/4028+	HC/Np
06SnR	Josh.15.37	גָּֽד	4028	HNp
06aw2	Josh.15.38	וְ/דִלְעָ֥ן	c/1810	HC/Np
06x3j	Josh.15.38	וְ/הַ/מִּצְפֶּ֖ה	c/d/4708	HC/Td/Np
068ZD	Josh.15.38	וְ/יָקְתְאֵֽל	c/3371	HC/Np
06hyj	Josh.15.39	לָכִ֥ישׁ	3923	HNp
06ADU	Josh.15.39	וּ/בָצְקַ֖ת	c/1218	HC/Np
06shc	Josh.15.39	וְ/עֶגְלֽוֹן	c/5700	HC/Np
06uS9	Josh.15.40	וְ/כַבּ֥וֹן	c/3522	HC/Np
06bxp	Josh.15.40	וְ/לַחְמָ֖ס	c/3903	HC/Np
06TxD	Josh.15.40	וְ/כִתְלִֽישׁ	c/3798	HC/Np
06Txd	Josh.15.41	וּ/גְדֵר֕וֹת	c/1450	HC/Np
06Zqo	Josh.15.41	בֵּית	1016+	HNp
06eXv	Josh.15.41	דָּג֥וֹן	1016	HNp
0674M	Josh.15.41	וְ/נַעֲמָ֖ה	c/5279 b	HC/Np
06KQd	Josh.15.41	וּ/מַקֵּדָ֑ה	c/4719	HC/Np
06QLn	Josh.15.41	עָרִ֥ים	5892 b	HNcfpa
06Rz1	Josh.15.41	שֵׁשׁ	8337	HAcfsa
06AR3	Josh.15.41	עֶשְׂרֵ֖ה	6240	HAcfsa
066J4	Josh.15.41	וְ/חַצְרֵי/הֶֽן	c/2691 b	HC/Ncbpc/Sp3fp
067AJ	Josh.15.42	לִבְנָ֥ה	3841	HNp
06rrT	Josh.15.42	וָ/עֶ֖תֶר	c/6281	HC/Np
06zc1	Josh.15.42	וְ/עָשָֽׁן	c/6228	HC/Np
06t1p	Josh.15.43	וְ/יִפְתָּ֥ח	c/3316	HC/Np
06Nsw	Josh.15.43	וְ/אַשְׁנָ֖ה	c/823	HC/Np
06H4B	Josh.15.43	וּ/נְצִֽיב	c/5334	HC/Np
06yhE	Josh.15.44	וּ/קְעִילָ֥ה	c/7084	HC/Np
06TCJ	Josh.15.44	וְ/אַכְזִ֖יב	c/392	HC/Np
06HLL	Josh.15.44	וּ/מָֽרֵאשָׁ֑ה	c/4762	HC/Np
06VMR	Josh.15.44	עָרִ֥ים	5892 b	HNcfpa
06nHt	Josh.15.44	תֵּ֖שַׁע	8672	HAcfsa
06uVh	Josh.15.44	וְ/חַצְרֵי/הֶֽן	c/2691 b	HC/Ncbpc/Sp3fp
06j46	Josh.15.45	עֶקְר֥וֹן	6138	HNp
06tWx	Josh.15.45	וּ/בְנֹתֶ֖י/הָ	c/1323	HC/Ncfpc/Sp3fs
063VF	Josh.15.45	וַ/חֲצֵרֶֽי/הָ	c/2691 b	HC/Ncbpc/Sp3fs
06a9R	Josh.15.46	מֵ/עֶקְר֖וֹן	m/6138	HR/Np
06BUv	Josh.15.46	וָ/יָ֑מָּ/ה	c/3220	HC/Ncmsa/Sd
066Ay	Josh.15.46	כֹּ֛ל	3605	HNcmsa
06buH	Josh.15.46	אֲשֶׁר	834 a	HTr
06s74	Josh.15.46	עַל	5921 a	HR
06Qem	Josh.15.46	יַ֥ד	3027	HNcbsc
06okp	Josh.15.46	אַשְׁדּ֖וֹד	795	HNp
065Q5	Josh.15.46	וְ/חַצְרֵי/הֶֽן	c/2691 b	HC/Ncbpc/Sp3fp
06qJK	Josh.15.47	אַשְׁדּ֞וֹד	795	HNp
06QZB	Josh.15.47	בְּנוֹתֶ֣י/הָ	1323	HNcfpc/Sp3fs
06Br9	Josh.15.47	וַ/חֲצֵרֶ֗י/הָ	c/2691 b	HC/Ncbpc/Sp3fs
06CaP	Josh.15.47	עַזָּ֥ה	5804	HNp
062Jq	Josh.15.47	בְּנוֹתֶ֥י/הָ	1323	HNcfpc/Sp3fs
06UQf	Josh.15.47	וַ/חֲצֵרֶ֖י/הָ	c/2691 b	HC/Ncbpc/Sp3fs
06koC	Josh.15.47	עַד	5704	HR
06xyV	Josh.15.47	נַ֣חַל	5158 a	HNcmsc
06Leq	Josh.15.47	מִצְרָ֑יִם	4714	HNp
06RrD	Josh.15.47	וְ/הַ/יָּ֥ם	c/d/3220	HC/Td/Ncmsa
06Kv1	Josh.15.47	ה/גבול	d/1366	HTd/Ncmsa
06S8w	Josh.15.47	הַ/גָּד֖וֹל	d/1419 a	HTd/Aamsa
06hEe	Josh.15.47	וּ/גְבֽוּל	c/1366	HC/Ncmsa
06PTn	Josh.15.48	וּ/בָ/הָ֑ר	c/b/2022	HC/Rd/Ncmsa
06T7k	Josh.15.48	שָׁמִ֥יר	8069	HNp
06vKW	Josh.15.48	וְ/יַתִּ֖יר	c/3492	HC/Np
06quk	Josh.15.48	וְ/שׂוֹכֹֽה	c/7755	HC/Np
06Qsp	Josh.15.49	וְ/דַנָּ֥ה	c/1837	HC/Np
06q5z	Josh.15.49	וְ/קִרְיַת	c/7158+	HC/Np
06rTe	Josh.15.49	סַנָּ֖ה	7158	HNp
06CMT	Josh.15.49	הִ֥יא	1931	HPp3fs
06npi	Josh.15.49	דְבִֽר	1688 a	HNp
06f16	Josh.15.50	וַ/עֲנָ֥ב	c/6024	HC/Np
067Yx	Josh.15.50	וְ/אֶשְׁתְּמֹ֖ה	c/851	HC/Np
064CA	Josh.15.50	וְ/עָנִֽים	c/6044	HC/Np
06bwy	Josh.15.51	וְ/גֹ֥שֶׁן	c/1657	HC/Np
06gtP	Josh.15.51	וְ/חֹלֹ֖ן	c/2473	HC/Np
06QYM	Josh.15.51	וְ/גִלֹ֑ה	c/1542	HC/Np
06NXX	Josh.15.51	עָרִ֥ים	5892 b	HNcfpa
06JFS	Josh.15.51	אַֽחַת	259	HAcfsa
06vz1	Josh.15.51	עֶשְׂרֵ֖ה	6240	HAcfsa
063P6	Josh.15.51	וְ/חַצְרֵי/הֶֽן	c/2691 b	HC/Ncbpc/Sp3fp
068so	Josh.15.52	אֲרַ֥ב	694	HNp
06YUp	Josh.15.52	וְ/רוּמָ֖ה	c/1746	HC/Np
06N5y	Josh.15.52	וְ/אֶשְׁעָֽן	c/824	HC/Np
06G2c	Josh.15.53	ו/ינים	c/3241	HC/Np
06MUh	Josh.15.53	וְ/יָנ֥וּם	c/3241	HC/Np
06rRV	Josh.15.53	וּ/בֵית	c/1054+	HC/Np
06y81	Josh.15.53	תַּפּ֖וּחַ	1054	HNp
06oA4	Josh.15.53	וַ/אֲפֵֽקָה	c/664	HC/Np
06f9w	Josh.15.54	וְ/חֻמְטָ֗ה	c/2547	HC/Np
06PwW	Josh.15.54	וְ/קִרְיַ֥ת	c/7153+	HC/Np
06Fkn	Josh.15.54	אַרְבַּ֛ע	7153	HAcfsa
06bpn	Josh.15.54	הִ֥יא	1931	HPp3fs
06ywD	Josh.15.54	חֶבְר֖וֹן	2275 a	HNp
06hBi	Josh.15.54	וְ/צִיעֹ֑ר	c/6730	HC/Np
069jd	Josh.15.54	עָרִ֥ים	5892 b	HNcfpa
06NGN	Josh.15.54	תֵּ֖שַׁע	8672	HAcfsa
0631w	Josh.15.54	וְ/חַצְרֵי/הֶֽן	c/2691 b	HC/Ncbpc/Sp3fp
06nHz	Josh.15.55	מָע֥וֹן	4584	HNp
06yym	Josh.15.55	כַּרְמֶ֖ל	3760	HNp
06yHv	Josh.15.55	וָ/זִ֥יף	c/2128	HC/Np
06D9G	Josh.15.55	וְ/יוּטָּֽה	c/3194	HC/Np
06ZkS	Josh.15.56	וְ/יִזְרְעֶ֥אל	c/3157	HC/Np
067eY	Josh.15.56	וְ/יָקְדְעָ֖ם	c/3347	HC/Np
065KS	Josh.15.56	וְ/זָנֽוֹחַ	c/2182	HC/Np
06QMc	Josh.15.57	הַ/קַּ֖יִן	d/7014 a	HTd/Np
06vNk	Josh.15.57	גִּבְעָ֣ה	1390	HNp
06Rs6	Josh.15.57	וְ/תִמְנָ֑ה	c/8553	HC/Np
06aq4	Josh.15.57	עָרִ֥ים	5892 b	HNcfpa
06yyt	Josh.15.57	עֶ֖שֶׂר	6235	HAcfsa
06J2d	Josh.15.57	וְ/חַצְרֵי/הֶֽן	c/2691 b	HC/Ncbpc/Sp3fp
06CqT	Josh.15.58	חַלְח֥וּל	2478	HNp
06MTY	Josh.15.58	בֵּֽית	1049+	HNp
06VoC	Josh.15.58	צ֖וּר	1049	HNp
06Vpi	Josh.15.58	וּ/גְדֽוֹר	c/1446	HC/Np
06PBT	Josh.15.59	וּ/מַעֲרָ֥ת	c/4638	HC/Np
06HGR	Josh.15.59	וּ/בֵית	c/1042+	HC/Np
066sk	Josh.15.59	עֲנ֖וֹת	1042	HNp
06k8E	Josh.15.59	וְ/אֶלְתְּקֹ֑ן	c/515	HC/Np
062HU	Josh.15.59	עָרִ֥ים	5892 b	HNcfpa
06ULv	Josh.15.59	שֵׁ֖שׁ	8337	HAcfsa
06eXZ	Josh.15.59	וְ/חַצְרֵי/הֶֽן	c/2691 b	HC/Ncbpc/Sp3fp
06pUs	Josh.15.60	קִרְיַת	7154+	HNp
0692R	Josh.15.60	בַּ֗עַל	7154	HNp
06M7V	Josh.15.60	הִ֛יא	1931	HPp3fs
06N33	Josh.15.60	קִרְיַ֥ת	7157+	HNp
06wN2	Josh.15.60	יְעָרִ֖ים	7157	HNp
0668n	Josh.15.60	וְ/הָֽ/רַבָּ֑ה	c/d/7237	HC/Td/Np
06GAD	Josh.15.60	עָרִ֥ים	5892 b	HNcfpa
061ee	Josh.15.60	שְׁתַּ֖יִם	8147	HAcfda
06dZh	Josh.15.60	וְ/חַצְרֵי/הֶֽן	c/2691 b	HC/Ncbpc/Sp3fp
06cKU	Josh.15.61	בַּ/מִּדְבָּ֑ר	b/4057 b	HRd/Ncmsa
06bSE	Josh.15.61	בֵּ֚ית	1026+	HNp
06EWA	Josh.15.61	הָעֲרָבָ֔ה	1026	HNp
06zWo	Josh.15.61	מִדִּ֖ין	4081	HNp
06djv	Josh.15.61	וּ/סְכָכָֽה	c/5527	HC/Np
06Ukr	Josh.15.62	וְ/הַ/נִּבְשָׁ֥ן	c/d/5044	HC/Td/Np
06UM1	Josh.15.62	וְ/עִיר	c/5898+	HC/Ncfsc
06Ubd	Josh.15.62	הַ/מֶּ֖לַח	d/5898	HTd/Ncmsa
06oqY	Josh.15.62	וְ/עֵ֣ין	c/5872+	HC/Np
06HYy	Josh.15.62	גֶּ֑דִי	5872	HNp
06dH2	Josh.15.62	עָרִ֥ים	5892 b	HNcfpa
06SSn	Josh.15.62	שֵׁ֖שׁ	8337	HAcfsa
069WF	Josh.15.62	וְ/חַצְרֵי/הֶֽן	c/2691 b	HC/Ncbpc/Sp3fp
06Ddt	Josh.15.63	וְ/אֶת	c/853	HC/To
06xK2	Josh.15.63	הַ/יְבוּסִי֙	d/2983	HTd/Ngmsa
06DPi	Josh.15.63	יוֹשְׁבֵ֣י	3427	HVqrmpc
06D8e	Josh.15.63	יְרֽוּשָׁלִַ֔ם	3389	HNp
06Sx9	Josh.15.63	לֹֽא	3808	HTn
06im8	Josh.15.63	יוכלו	3201	HVqi3mp
06Enx	Josh.15.63	יָכְל֥וּ	3201	HVqp3cp
063mF	Josh.15.63	בְנֵֽי	1121 a	HNcmpc
06Lmj	Josh.15.63	יְהוּדָ֖ה	3063	HNp
06Wuy	Josh.15.63	לְ/הֽוֹרִישָׁ֑/ם	l/3423	HR/Vhc/Sp3mp
06SLZ	Josh.15.63	וַ/יֵּ֨שֶׁב	c/3427	HC/Vqw3ms
06ooD	Josh.15.63	הַ/יְבוּסִ֜י	d/2983	HTd/Ngmsa
06wcw	Josh.15.63	אֶת	854	HR
06c32	Josh.15.63	בְּנֵ֤י	1121 a	HNcmpc
06Xsg	Josh.15.63	יְהוּדָה֙	3063	HNp
06sZv	Josh.15.63	בִּ/יר֣וּשָׁלִַ֔ם	b/3389	HR/Np
06S9x	Josh.15.63	עַ֖ד	5704	HR
06CfQ	Josh.15.63	הַ/יּ֥וֹם	d/3117	HTd/Ncmsa
06ZGT	Josh.15.63	הַ/זֶּֽה	d/2088	HTd/Pdxms
06zLW	Josh.16.1	וַ/יֵּצֵ֨א	c/3318	HC/Vqw3ms
06tDQ	Josh.16.1	הַ/גּוֹרָ֜ל	d/1486	HTd/Ncmsa
06oNh	Josh.16.1	לִ/בְנֵ֤י	l/1121 a	HR/Ncmpc
06S1Y	Josh.16.1	יוֹסֵף֙	3130	HNp
06DG9	Josh.16.1	מִ/יַּרְדֵּ֣ן	m/3383	HR/Np
06BDe	Josh.16.1	יְרִיח֔וֹ	3405	HNp
06D2q	Josh.16.1	לְ/מֵ֥י	l/4325	HR/Ncmpc
06qAx	Josh.16.1	יְרִיח֖וֹ	3405	HNp
06axC	Josh.16.1	מִזְרָ֑חָ/ה	4217	HNcmsa/Sd
06o6W	Josh.16.1	הַ/מִּדְבָּ֗ר	d/4057 b	HTd/Ncmsa
06x5r	Josh.16.1	עֹלֶ֧ה	5927	HVqrmsa
068x6	Josh.16.1	מִ/ירִיח֛וֹ	m/3405	HR/Np
06LnD	Josh.16.1	בָּ/הָ֖ר	b/2022	HRd/Ncmsa
06iU5	Josh.16.1	בֵּֽית	1008+	HNp
06HeA	Josh.16.1	אֵֽל	1008	HNp
06FnB	Josh.16.2	וְ/יָצָ֥א	c/3318	HC/Vqq3ms
06fF5	Josh.16.2	מִ/בֵּֽית	m/1008+	HR/Np
06hRX	Josh.16.2	אֵ֖ל	1008	HNp
06Rdj	Josh.16.2	ל֑וּזָ/ה	3870	HNp/Sd
06FNm	Josh.16.2	וְ/עָבַ֛ר	c/5674 a	HC/Vqq3ms
06HZS	Josh.16.2	אֶל	413	HR
06UKW	Josh.16.2	גְּב֥וּל	1366	HNcmsc
064RJ	Josh.16.2	הָ/אַרְכִּ֖י	d/757	HTd/Ngmsa
06EPF	Josh.16.2	עֲטָרֽוֹת	5852	HNp
06BNN	Josh.16.3	וְ/יָֽרַד	c/3381	HC/Vqq3ms
06osb	Josh.16.3	יָ֜מָּ/ה	3220	HNcmsa/Sd
06xWk	Josh.16.3	אֶל	413	HR
06Kkd	Josh.16.3	גְּב֣וּל	1366	HNcmsc
06M8D	Josh.16.3	הַ/יַּפְלֵטִ֗י	d/3311	HTd/Ngmsa
063w9	Josh.16.3	עַ֣ד	5704	HR
06TQy	Josh.16.3	גְּב֧וּל	1366	HNcmsc
06cG9	Josh.16.3	בֵּית	1032+	HNp
06nVF	Josh.16.3	חוֹרֹ֛ן	1032	HNp
066xK	Josh.16.3	תַּחְתּ֖וֹן	8481	HAamsa
06MQy	Josh.16.3	וְ/עַד	c/5704	HC/R
06Cnn	Josh.16.3	גָּ֑זֶר	1507	HNp
06rZz	Josh.16.3	וְ/הָי֥וּ	c/1961	HC/Vqq3cp
06LLu	Josh.16.3	תצאת/ו	8444	HNcfpc/Sp3ms
06frk	Josh.16.3	תֹצְאֹתָ֖י/ו	8444	HNcfpc/Sp3ms
06e6d	Josh.16.3	יָֽמָּ/ה	3220	HNcmsa/Sd
06qrz	Josh.16.4	וַ/יִּנְחֲל֥וּ	c/5157	HC/Vqw3mp
06yUB	Josh.16.4	בְנֵי	1121 a	HNcmpc
06Qko	Josh.16.4	יוֹסֵ֖ף	3130	HNp
06Kxd	Josh.16.4	מְנַשֶּׁ֥ה	4519	HNp
066Gp	Josh.16.4	וְ/אֶפְרָֽיִם	c/669	HC/Np
06pHy	Josh.16.5	וַ/יְהִ֛י	c/1961	HC/Vqw3ms
069px	Josh.16.5	גְּב֥וּל	1366	HNcmsc
06YdZ	Josh.16.5	בְּנֵֽי	1121 a	HNcmpc
06GfP	Josh.16.5	אֶפְרַ֖יִם	669	HNp
068ms	Josh.16.5	לְ/מִשְׁפְּחֹתָ֑/ם	l/4940	HR/Ncfpc/Sp3mp
064aE	Josh.16.5	וַ/יְהִ֞י	c/1961	HC/Vqw3ms
06c85	Josh.16.5	גְּב֤וּל	1366	HNcmsc
066SP	Josh.16.5	נַחֲלָתָ/ם֙	5159	HNcfsc/Sp3mp
06njU	Josh.16.5	מִזְרָ֔חָ/ה	4217	HNcmsa/Sd
06zbT	Josh.16.5	עַטְר֣וֹת	5853+	HNp
06PX2	Josh.16.5	אַדָּ֔ר	5853	HNp
06UJ6	Josh.16.5	עַד	5704	HR
064rn	Josh.16.5	בֵּ֥ית	1032+	HNp
06mdG	Josh.16.5	חוֹרֹ֖ן	1032	HNp
06tVz	Josh.16.5	עֶלְיֽוֹן	5945 a	HAamsa
06GRj	Josh.16.6	וְ/יָצָ֨א	c/3318	HC/Vqq3ms
06J6b	Josh.16.6	הַ/גְּב֜וּל	d/1366	HTd/Ncmsa
06K5C	Josh.16.6	הַ/יָּ֗מָּ/ה	d/3220	HTd/Ncmsa/Sd
06xen	Josh.16.6	הַֽ/מִּכְמְתָת֙	d/4366	HTd/Np
06t7j	Josh.16.6	מִ/צָּפ֔וֹן	m/6828	HR/Ncfsa
06nDA	Josh.16.6	וְ/נָסַ֧ב	c/5437	HC/VNq3ms
06KhP	Josh.16.6	הַ/גְּב֛וּל	d/1366	HTd/Ncmsa
06cj2	Josh.16.6	מִזְרָ֖חָ/ה	4217	HNcmsa/Sd
06wEK	Josh.16.6	תַּאֲנַ֣ת	8387+	HNp
06h2t	Josh.16.6	שִׁלֹ֑ה	8387	HNp
068ES	Josh.16.6	וְ/עָבַ֣ר	c/5674 a	HC/Vqq3ms
06Qv8	Josh.16.6	אוֹת֔/וֹ	853	HTo/Sp3ms
069rU	Josh.16.6	מִ/מִּזְרַ֖ח	m/4217	HR/Ncmsc
06bak	Josh.16.6	יָנֽוֹחָ/ה	3239 b	HNp/Sd
069uw	Josh.16.7	וְ/יָרַ֥ד	c/3381	HC/Vqq3ms
06M4p	Josh.16.7	מִ/יָּנ֖וֹחָ/ה	m/3239 b	HR/Np/Sd
068MU	Josh.16.7	עֲטָר֣וֹת	5852	HNp
06PGb	Josh.16.7	וְ/נַעֲרָ֑תָ/ה	c/5292 a	HC/Np/Sd
06VUp	Josh.16.7	וּ/פָגַע֙	c/6293	HC/Vqq3ms
06E1n	Josh.16.7	בִּֽ/ירִיח֔וֹ	b/3405	HR/Np
06Y2Y	Josh.16.7	וְ/יָצָ֖א	c/3318	HC/Vqq3ms
065sD	Josh.16.7	הַ/יַּרְדֵּֽן	d/3383	HTd/Np
06mZV	Josh.16.8	מִ/תַּפּ֜וּחַ	m/8599 b	HR/Np
06XL9	Josh.16.8	יֵלֵ֨ךְ	3212	HVqi3ms
06dgp	Josh.16.8	הַ/גְּב֥וּל	d/1366	HTd/Ncmsa
06P1D	Josh.16.8	יָ֨מָּ/ה֙	3220	HNcmsa/Sd
06Voq	Josh.16.8	נַ֣חַל	5158 a	HNcmsc
06cuR	Josh.16.8	קָנָ֔ה	7071	HNp
06nKb	Josh.16.8	וְ/הָי֥וּ	c/1961	HC/Vqq3cp
06zRe	Josh.16.8	תֹצְאֹתָ֖י/ו	8444	HNcfpc/Sp3ms
06cp8	Josh.16.8	הַ/יָּ֑מָּ/ה	d/3220	HTd/Ncmsa/Sd
06ubs	Josh.16.8	זֹ֗את	2063	HPdxfs
06TwC	Josh.16.8	נַחֲלַ֛ת	5159	HNcfsc
06Eio	Josh.16.8	מַטֵּ֥ה	4294	HNcmsc
06tLC	Josh.16.8	בְנֵי	1121 a	HNcmpc
067Pm	Josh.16.8	אֶפְרַ֖יִם	669	HNp
06CaG	Josh.16.8	לְ/מִשְׁפְּחֹתָֽ/ם	l/4940	HR/Ncfpc/Sp3mp
061Ux	Josh.16.9	וְ/הֶ/עָרִ֗ים	c/d/5892 b	HC/Td/Ncfpa
06uTK	Josh.16.9	הַ/מִּבְדָּלוֹת֙	d/3995	HTd/Ncfpa
06RC9	Josh.16.9	לִ/בְנֵ֣י	l/1121 a	HR/Ncmpc
06chV	Josh.16.9	אֶפְרַ֔יִם	669	HNp
06p9U	Josh.16.9	בְּ/ת֖וֹךְ	b/8432	HR/Ncmsc
06hWs	Josh.16.9	נַחֲלַ֣ת	5159	HNcfsc
06SiP	Josh.16.9	בְּנֵֽי	1121 a	HNcmpc
06kzz	Josh.16.9	מְנַשֶּׁ֑ה	4519	HNp
06G6H	Josh.16.9	כָּֽל	3605	HNcmsc
06e1Q	Josh.16.9	הֶ/עָרִ֖ים	d/5892 b	HTd/Ncfpa
06wM8	Josh.16.9	וְ/חַצְרֵי/הֶֽן	c/2691 b	HC/Ncbpc/Sp3fp
06xaJ	Josh.16.10	וְ/לֹ֣א	c/3808	HC/Tn
06M8s	Josh.16.10	הוֹרִ֔ישׁוּ	3423	HVhp3cp
06TuB	Josh.16.10	אֶת	853	HTo
06h4J	Josh.16.10	הַֽ/כְּנַעֲנִ֖י	d/3669 a	HTd/Ngmsa
06MMi	Josh.16.10	הַ/יּוֹשֵׁ֣ב	d/3427	HTd/Vqrmsa
06g3H	Josh.16.10	בְּ/גָ֑זֶר	b/1507	HR/Np
06fBm	Josh.16.10	וַ/יֵּ֨שֶׁב	c/3427	HC/Vqw3ms
06uR2	Josh.16.10	הַֽ/כְּנַעֲנִ֜י	d/3669 a	HTd/Ngmsa
06Z42	Josh.16.10	בְּ/קֶ֤רֶב	b/7130	HR/Ncmsc
06feu	Josh.16.10	אֶפְרַ֨יִם֙	669	HNp
06SCB	Josh.16.10	עַד	5704	HR
062V8	Josh.16.10	הַ/יּ֣וֹם	d/3117	HTd/Ncmsa
06QjH	Josh.16.10	הַ/זֶּ֔ה	d/2088	HTd/Pdxms
066H5	Josh.16.10	וַ/יְהִ֖י	c/1961	HC/Vqw3ms
06pdZ	Josh.16.10	לְ/מַס	l/4522	HR/Ncmsc
06UsU	Josh.16.10	עֹבֵֽד	5647	HVqrmsa
06AAw	Josh.17.1	וַ/יְהִ֤י	c/1961	HC/Vqw3ms
06rhN	Josh.17.1	הַ/גּוֹרָל֙	d/1486	HTd/Ncmsa
06mL7	Josh.17.1	לְ/מַטֵּ֣ה	l/4294	HR/Ncmsc
06Lfy	Josh.17.1	מְנַשֶּׁ֔ה	4519	HNp
064Um	Josh.17.1	כִּי	3588 a	HC
06Eu9	Josh.17.1	ה֖וּא	1931	HPp3ms
06VP9	Josh.17.1	בְּכ֣וֹר	1060	HNcmsc
06iXa	Josh.17.1	יוֹסֵ֑ף	3130	HNp
06tSV	Josh.17.1	לְ/מָכִיר֩	l/4353	HR/Np
064Lt	Josh.17.1	בְּכ֨וֹר	1060	HNcmsc
06pjx	Josh.17.1	מְנַשֶּׁ֜ה	4519	HNp
06Kdb	Josh.17.1	אֲבִ֣י	1	HNcmsc
067GA	Josh.17.1	הַ/גִּלְעָ֗ד	d/1568	HTd/Np
06UrQ	Josh.17.1	כִּ֣י	3588 a	HC
06oMw	Josh.17.1	ה֤וּא	1931	HPp3ms
067Ey	Josh.17.1	הָיָה֙	1961	HVqp3ms
06sR9	Josh.17.1	אִ֣ישׁ	376	HNcmsc
06Upo	Josh.17.1	מִלְחָמָ֔ה	4421	HNcfsa
06tV7	Josh.17.1	וַֽ/יְהִי	c/1961	HC/Vqw3ms
06X4N	Josh.17.1	ל֖/וֹ	l	HR/Sp3ms
06BMP	Josh.17.1	הַ/גִּלְעָ֥ד	d/1568	HTd/Np
06XQZ	Josh.17.1	וְ/הַ/בָּשָֽׁן	c/d/1316	HC/Td/Np
06AgV	Josh.17.2	וַ֠/יְהִי	c/1961	HC/Vqw3ms
0642a	Josh.17.2	לִ/בְנֵ֨י	l/1121 a	HR/Ncmpc
061bX	Josh.17.2	מְנַשֶּׁ֥ה	4519	HNp
06DmX	Josh.17.2	הַ/נּוֹתָרִים֮	d/3498	HTd/VNrmpa
06uSY	Josh.17.2	לְ/מִשְׁפְּחֹתָ/ם֒	l/4940	HR/Ncfpc/Sp3mp
06J6k	Josh.17.2	לִ/בְנֵ֨י	l/1121 a	HR/Ncmpc
06J8W	Josh.17.2	אֲבִיעֶ֜זֶר	44	HNp
06q9y	Josh.17.2	וְ/לִ/בְנֵי	c/l/1121 a	HC/R/Ncmpc
06VHs	Josh.17.2	חֵ֗לֶק	2507	HNp
06vXK	Josh.17.2	וְ/לִ/בְנֵ֤י	c/l/1121 a	HC/R/Ncmpc
06Fyg	Josh.17.2	אַשְׂרִיאֵל֙	844	HNp
06BF8	Josh.17.2	וְ/לִ/בְנֵי	c/l/1121 a	HC/R/Ncmpc
066WH	Josh.17.2	שֶׁ֔כֶם	7928	HNp
06pnb	Josh.17.2	וְ/לִ/בְנֵי	c/l/1121 a	HC/R/Ncmpc
068Sp	Josh.17.2	חֵ֖פֶר	2660 a	HNp
06e6W	Josh.17.2	וְ/לִ/בְנֵ֣י	c/l/1121 a	HC/R/Ncmpc
06X9H	Josh.17.2	שְׁמִידָ֑ע	8061	HNp
06TGD	Josh.17.2	אֵ֠לֶּה	428	HPdxcp
06FoJ	Josh.17.2	בְּנֵ֨י	1121 a	HNcmpc
065Ay	Josh.17.2	מְנַשֶּׁ֧ה	4519	HNp
06BSJ	Josh.17.2	בֶּן	1121 a	HNcmsc
06j9y	Josh.17.2	יוֹסֵ֛ף	3130	HNp
06FZn	Josh.17.2	הַ/זְּכָרִ֖ים	d/2145	HTd/Ncmpa
06HhN	Josh.17.2	לְ/מִשְׁפְּחֹתָֽ/ם	l/4940	HR/Ncfpc/Sp3mp
06gtJ	Josh.17.3	וְ/לִ/צְלָפְחָד֩	c/l/6765	HC/R/Np
06ZC2	Josh.17.3	בֶּן	1121 a	HNcmsc
06h7b	Josh.17.3	חֵ֨פֶר	2660 a	HNp
06sWn	Josh.17.3	בֶּן	1121 a	HNcmsc
06diL	Josh.17.3	גִּלְעָ֜ד	1568	HNp
06MzP	Josh.17.3	בֶּן	1121 a	HNcmsc
06soR	Josh.17.3	מָכִ֣יר	4353	HNp
06oJs	Josh.17.3	בֶּן	1121 a	HNcmsc
06P7Z	Josh.17.3	מְנַשֶּׁ֗ה	4519	HNp
06UMk	Josh.17.3	לֹא	3808	HTn
06yqU	Josh.17.3	הָ֥יוּ	1961	HVqp3cp
06zhi	Josh.17.3	ל֛/וֹ	l	HR/Sp3ms
06HwR	Josh.17.3	בָּנִ֖ים	1121 a	HNcmpa
06vo1	Josh.17.3	כִּ֣י	3588 b	HC
06jQT	Josh.17.3	אִם	518 b	HC
06hL8	Josh.17.3	בָּנ֑וֹת	1323	HNcfpa
06PSr	Josh.17.3	וְ/אֵ֨לֶּה֙	c/428	HC/Pdxcp
06A7A	Josh.17.3	שְׁמ֣וֹת	8034	HNcmpc
06Yn7	Josh.17.3	בְּנֹתָ֔י/ו	1323	HNcfpc/Sp3ms
06LGS	Josh.17.3	מַחְלָ֣ה	4244	HNp
067gX	Josh.17.3	וְ/נֹעָ֔ה	c/5270	HC/Np
06uwj	Josh.17.3	חָגְלָ֥ה	2295	HNp
06jLM	Josh.17.3	מִלְכָּ֖ה	4435	HNp
06kdj	Josh.17.3	וְ/תִרְצָֽה	c/8656	HC/Np
06adQ	Josh.17.4	וַ/תִּקְרַ֡בְנָה	c/7126	HC/Vqw3fp
064iK	Josh.17.4	לִ/פְנֵי֩	l/6440	HR/Ncbpc
06bj1	Josh.17.4	אֶלְעָזָ֨ר	499	HNp
06MWz	Josh.17.4	הַ/כֹּהֵ֜ן	d/3548	HTd/Ncmsa
06TaW	Josh.17.4	וְ/לִ/פְנֵ֣י	c/l/6440	HC/R/Ncbpc
06KZY	Josh.17.4	יְהוֹשֻׁ֣עַ	3091	HNp
06moJ	Josh.17.4	בִּן	1121 a	HNcmsc
06TJS	Josh.17.4	נ֗וּן	5126	HNp
06A6D	Josh.17.4	וְ/לִ/פְנֵ֤י	c/l/6440	HC/R/Ncbpc
06hwz	Josh.17.4	הַ/נְּשִׂיאִים֙	d/5387 a	HTd/Ncmpa
06ZqD	Josh.17.4	לֵ/אמֹ֔ר	l/559	HR/Vqc
06p4s	Josh.17.4	יְהוָה֙	3068	HNp
06a92	Josh.17.4	צִוָּ֣ה	6680	HVpp3ms
06hmo	Josh.17.4	אֶת	853	HTo
06wap	Josh.17.4	מֹשֶׁ֔ה	4872	HNp
06vyW	Josh.17.4	לָֽ/תֶת	l/5414	HR/Vqc
06qms	Josh.17.4	לָ֥/נוּ	l	HR/Sp1cp
06RqS	Josh.17.4	נַחֲלָ֖ה	5159	HNcfsa
06gaG	Josh.17.4	בְּ/ת֣וֹךְ	b/8432	HR/Ncmsc
069eX	Josh.17.4	אַחֵ֑י/נוּ	251	HNcmpc/Sp1cp
06yVb	Josh.17.4	וַ/יִּתֵּ֨ן	c/5414	HC/Vqw3ms
063o4	Josh.17.4	לָ/הֶ֜ם	l	HR/Sp3mp
067ZM	Josh.17.4	אֶל	413	HR
06xJt	Josh.17.4	פִּ֤י	6310	HNcmsc
06UR1	Josh.17.4	יְהוָה֙	3068	HNp
062ps	Josh.17.4	נַֽחֲלָ֔ה	5159	HNcfsa
06DM4	Josh.17.4	בְּ/ת֖וֹךְ	b/8432	HR/Ncmsc
06XS5	Josh.17.4	אֲחֵ֥י	251	HNcmpc
0646A	Josh.17.4	אֲבִי/הֶֽן	1	HNcmsc/Sp3fp
06SS8	Josh.17.5	וַ/יִּפְּל֥וּ	c/5307	HC/Vqw3mp
06Ynk	Josh.17.5	חַבְלֵֽי	2256 a	HNcbpc
062XA	Josh.17.5	מְנַשֶּׁ֖ה	4519	HNp
06K7p	Josh.17.5	עֲשָׂרָ֑ה	6235	HAcmsa
06uM1	Josh.17.5	לְ/בַ֞ד	l/905	HR/Ncmsa
069Xs	Josh.17.5	מֵ/אֶ֤רֶץ	m/776	HR/Ncbsc
069Qh	Josh.17.5	הַ/גִּלְעָד֙	d/1568	HTd/Np
06XmE	Josh.17.5	וְ/הַ/בָּשָׁ֔ן	c/d/1316	HC/Td/Np
06uzM	Josh.17.5	אֲשֶׁ֖ר	834 a	HTr
06XRp	Josh.17.5	מֵ/עֵ֥בֶר	m/5676	HR/Ncmsa
06yp2	Josh.17.5	לַ/יַּרְדֵּֽן	l/3383	HRd/Np
06DJM	Josh.17.6	כִּ֚י	3588 a	HC
06vQR	Josh.17.6	בְּנ֣וֹת	1323	HNcfpc
06cab	Josh.17.6	מְנַשֶּׁ֔ה	4519	HNp
06A5y	Josh.17.6	נָחֲל֥וּ	5157	HVqp3cp
06BKA	Josh.17.6	נַחֲלָ֖ה	5159	HNcfsa
06B6D	Josh.17.6	בְּ/ת֣וֹךְ	b/8432	HR/Ncmsc
06bx9	Josh.17.6	בָּנָ֑י/ו	1121 a	HNcmpc/Sp3ms
06kw8	Josh.17.6	וְ/אֶ֨רֶץ֙	c/776	HC/Ncbsc
06ugJ	Josh.17.6	הַ/גִּלְעָ֔ד	d/1568	HTd/Np
06oT3	Josh.17.6	הָיְתָ֥ה	1961	HVqp3fs
067n5	Josh.17.6	לִ/בְנֵֽי	l/1121 a	HR/Ncmpc
06zjF	Josh.17.6	מְנַשֶּׁ֖ה	4519	HNp
062wq	Josh.17.6	הַ/נּֽוֹתָרִֽים	d/3498	HTd/VNrmpa
06TKy	Josh.17.7	וַ/יְהִ֤י	c/1961	HC/Vqw3ms
06Zvg	Josh.17.7	גְבוּל	1366	HNcmsc
06Xdn	Josh.17.7	מְנַשֶּׁה֙	4519	HNp
06ewY	Josh.17.7	מֵֽ/אָשֵׁ֔ר	m/836	HR/Np
06wyg	Josh.17.7	הַֽ/מִּכְמְתָ֔ת	d/4366	HTd/Np
06V4B	Josh.17.7	אֲשֶׁ֖ר	834 a	HTr
06Noa	Josh.17.7	עַל	5921 a	HR
06gYC	Josh.17.7	פְּנֵ֣י	6440	HNcbpc
06QQa	Josh.17.7	שְׁכֶ֑ם	7927	HNp
06q6Z	Josh.17.7	וְ/הָלַ֤ךְ	c/1980	HC/Vqp3ms
06ZLy	Josh.17.7	הַ/גְּבוּל֙	d/1366	HTd/Ncmsa
06BzT	Josh.17.7	אֶל	413	HR
06TJK	Josh.17.7	הַ/יָּמִ֔ין	d/3225	HTd/Ncfsa
069kM	Josh.17.7	אֶל	413	HR
06ZPK	Josh.17.7	יֹשְׁבֵ֖י	3427	HVqrmpc
06Gh3	Josh.17.7	עֵ֥ין	5887+	HNp
06SCi	Josh.17.7	תַּפּֽוּחַ	5887	HNp
068NS	Josh.17.8	לִ/מְנַשֶּׁ֕ה	l/4519	HR/Np
06MPG	Josh.17.8	הָיְתָ֖ה	1961	HVqp3fs
06SXf	Josh.17.8	אֶ֣רֶץ	776	HNcbsc
06cJc	Josh.17.8	תַּפּ֑וּחַ	8599 b	HNp
063Fn	Josh.17.8	וְ/תַפּ֛וּחַ	c/8599 b	HC/Np
06eQR	Josh.17.8	אֶל	413	HR
06RFU	Josh.17.8	גְּב֥וּל	1366	HNcmsc
06bpA	Josh.17.8	מְנַשֶּׁ֖ה	4519	HNp
06PmA	Josh.17.8	לִ/בְנֵ֥י	l/1121 a	HR/Ncmpc
06nc7	Josh.17.8	אֶפְרָֽיִם	669	HNp
068xD	Josh.17.9	וְ/יָרַ֣ד	c/3381	HC/Vqq3ms
06QjA	Josh.17.9	הַ/גְּבוּל֩	d/1366	HTd/Ncmsa
06Wov	Josh.17.9	נַ֨חַל	5158 a	HNcmsc
06p1C	Josh.17.9	קָנָ֜ה	7071	HNp
064eP	Josh.17.9	נֶ֣גְבָּ/ה	5045	HNcmsa/Sd
06dDU	Josh.17.9	לַ/נַּ֗חַל	l/5158 a	HRd/Ncmsa
06kxg	Josh.17.9	עָרִ֤ים	5892 b	HNcfpa
06H7a	Josh.17.9	הָ/אֵ֨לֶּה֙	d/428	HTd/Pdxcp
06fjj	Josh.17.9	לְ/אֶפְרַ֔יִם	l/669	HR/Np
06KgW	Josh.17.9	בְּ/ת֖וֹךְ	b/8432	HR/Ncmsc
06kLe	Josh.17.9	עָרֵ֣י	5892 b	HNcfpc
06uDV	Josh.17.9	מְנַשֶּׁ֑ה	4519	HNp
06pK1	Josh.17.9	וּ/גְב֤וּל	c/1366	HC/Ncmsc
0664b	Josh.17.9	מְנַשֶּׁה֙	4519	HNp
06QEA	Josh.17.9	מִ/צְּפ֣וֹן	m/6828	HR/Ncfsc
06Wni	Josh.17.9	לַ/נַּ֔חַל	l/5158 a	HRd/Ncmsa
06GKY	Josh.17.9	וַ/יְהִ֥י	c/1961	HC/Vqw3ms
066E7	Josh.17.9	תֹצְאֹתָ֖י/ו	8444	HNcfpc/Sp3ms
06TuK	Josh.17.9	הַ/יָּֽמָּ/ה	d/3220	HTd/Ncmsa/Sd
06i6E	Josh.17.10	נֶ֣גְבָּ/ה	5045	HNcmsa/Sd
06awb	Josh.17.10	לְ/אֶפְרַ֗יִם	l/669	HR/Np
06h2S	Josh.17.10	וְ/צָפ֨וֹנָ/ה֙	c/6828	HC/Ncfsa/Sd
0627e	Josh.17.10	לִ/מְנַשֶּׁ֔ה	l/4519	HR/Np
06sak	Josh.17.10	וַ/יְהִ֥י	c/1961	HC/Vqw3ms
06wGN	Josh.17.10	הַ/יָּ֖ם	d/3220	HTd/Ncmsa
06RFf	Josh.17.10	גְּבוּל֑/וֹ	1366	HNcmsc/Sp3ms
06RrN	Josh.17.10	וּ/בְ/אָשֵׁר֙	c/b/836	HC/R/Np
06FyN	Josh.17.10	יִפְגְּע֣וּ/ן	6293	HVqi3mp/Sn
06Sg8	Josh.17.10	מִ/צָּפ֔וֹן	m/6828	HR/Ncfsa
06c8R	Josh.17.10	וּ/בְ/יִשָּׂשכָ֖ר	c/b/3485	HC/R/Np
06vBx	Josh.17.10	מִ/מִּזְרָֽח	m/4217	HR/Ncmsa
06JJb	Josh.17.11	וַ/יְהִ֨י	c/1961	HC/Vqw3ms
06bNi	Josh.17.11	לִ/מְנַשֶּׁ֜ה	l/4519	HR/Np
06CxL	Josh.17.11	בְּ/יִשָּׂשכָ֣ר	b/3485	HR/Np
0628i	Josh.17.11	וּ/בְ/אָשֵׁ֗ר	c/b/836	HC/R/Np
06nDC	Josh.17.11	בֵּית	1052+	HNp
065Fi	Josh.17.11	שְׁאָ֣ן	1052	HNp
06hhf	Josh.17.11	וּ֠/בְנוֹתֶי/הָ	c/1323	HC/Ncfpc/Sp3fs
06ZDv	Josh.17.11	וְ/יִבְלְעָ֨ם	c/2991	HC/Np
06txZ	Josh.17.11	וּ/בְנוֹתֶ֜י/הָ	c/1323	HC/Ncfpc/Sp3fs
06XQ4	Josh.17.11	וְֽ/אֶת	c/853	HC/To
06kdH	Josh.17.11	יֹשְׁבֵ֧י	3427	HVqrmpc
061eg	Josh.17.11	דֹ֣אר	1756	HNp
06rkQ	Josh.17.11	וּ/בְנוֹתֶ֗י/הָ	c/1323	HC/Ncfpc/Sp3fs
06mc9	Josh.17.11	וְ/יֹשְׁבֵ֤י	c/3427	HC/Vqrmpc
06AEf	Josh.17.11	עֵֽין	5874+	HNp
06xhg	Josh.17.11	דֹּר֙	5874	HNp
06PdT	Josh.17.11	וּ/בְנֹתֶ֔י/הָ	c/1323	HC/Ncfpc/Sp3fs
06VCX	Josh.17.11	וְ/יֹשְׁבֵ֤י	c/3427	HC/Vqrmpc
06UQS	Josh.17.11	תַעְנַךְ֙	8590	HNp
06o3z	Josh.17.11	וּ/בְנֹתֶ֔י/הָ	c/1323	HC/Ncfpc/Sp3fs
06nTn	Josh.17.11	וְ/יֹשְׁבֵ֥י	c/3427	HC/Vqrmpc
06qNT	Josh.17.11	מְגִדּ֖וֹ	4023	HNp
06K7g	Josh.17.11	וּ/בְנוֹתֶ֑י/הָ	c/1323	HC/Ncfpc/Sp3fs
063up	Josh.17.11	שְׁלֹ֖שֶׁת	7969	HAcmsc
06BXk	Josh.17.11	הַ/נָּֽפֶת	d/5316	HTd/Ncfsa
06Aab	Josh.17.12	וְ/לֹ֤א	c/3808	HC/Tn
06KR4	Josh.17.12	יָכְלוּ֙	3201	HVqp3cp
06LRP	Josh.17.12	בְּנֵ֣י	1121 a	HNcmpc
06Cx2	Josh.17.12	מְנַשֶּׁ֔ה	4519	HNp
068nk	Josh.17.12	לְ/הוֹרִ֖ישׁ	l/3423	HR/Vhc
06qNH	Josh.17.12	אֶת	853	HTo
06oFf	Josh.17.12	הֶֽ/עָרִ֣ים	d/5892 b	HTd/Ncfpa
06wN9	Josh.17.12	הָ/אֵ֑לֶּה	d/428	HTd/Pdxcp
06Thc	Josh.17.12	וַ/יּ֨וֹאֶל֙	c/2974	HC/Vhw3ms
069iL	Josh.17.12	הַֽ/כְּנַעֲנִ֔י	d/3669 a	HTd/Ngmsa
062si	Josh.17.12	לָ/שֶׁ֖בֶת	l/3427	HR/Vqc
06e2d	Josh.17.12	בָּ/אָ֥רֶץ	b/776	HRd/Ncbsa
06N3B	Josh.17.12	הַ/זֹּֽאת	d/2063	HTd/Pdxfs
06k8w	Josh.17.13	וַֽ/יְהִ֗י	c/1961	HC/Vqw3ms
06Jo5	Josh.17.13	כִּ֤י	3588 a	HC
06vsG	Josh.17.13	חָֽזְקוּ֙	2388	HVqp3cp
06cQX	Josh.17.13	בְּנֵ֣י	1121 a	HNcmpc
06dSa	Josh.17.13	יִשְׂרָאֵ֔ל	3478	HNp
06mJB	Josh.17.13	וַ/יִּתְּנ֥וּ	c/5414	HC/Vqw3mp
062J5	Josh.17.13	אֶת	853	HTo
06jmo	Josh.17.13	הַֽ/כְּנַעֲנִ֖י	d/3669 a	HTd/Ngmsa
06wTD	Josh.17.13	לָ/מַ֑ס	l/4522	HR/Ncmsa
06opn	Josh.17.13	וְ/הוֹרֵ֖שׁ	c/3423	HC/Vha
06PWA	Josh.17.13	לֹ֥א	3808	HTn
06wQ5	Josh.17.13	הוֹרִישֽׁ/וֹ	3423	HVhp3ms/Sp3ms
06tNN	Josh.17.14	וַֽ/יְדַבְּרוּ֙	c/1696	HC/Vpw3mp
065Eg	Josh.17.14	בְּנֵ֣י	1121 a	HNcmpc
06z7h	Josh.17.14	יוֹסֵ֔ף	3130	HNp
06YUB	Josh.17.14	אֶת	854	HR
06iFz	Josh.17.14	יְהוֹשֻׁ֖עַ	3091	HNp
06ZxT	Josh.17.14	לֵ/אמֹ֑ר	l/559	HR/Vqc
06vGq	Josh.17.14	מַדּוּעַ֩	4069	HTi
06n94	Josh.17.14	נָתַ֨תָּה	5414	HVqp2ms
06Jbo	Josh.17.14	לִּ֜/י	l	HR/Sp1cs
06Jem	Josh.17.14	נַחֲלָ֗ה	5159	HNcfsa
06wE2	Josh.17.14	גּוֹרָ֤ל	1486	HNcmsa
06S6s	Josh.17.14	אֶחָד֙	259	HAcmsa
06Cn1	Josh.17.14	וְ/חֶ֣בֶל	c/2256 a	HC/Ncbsa
06KtS	Josh.17.14	אֶחָ֔ד	259	HAcmsa
06E8Y	Josh.17.14	וַֽ/אֲנִ֣י	c/589	HC/Pp1cs
06ugs	Josh.17.14	עַם	5971 a	HNcmsa
06GYh	Josh.17.14	רָ֔ב	7227 a	HAamsa
06ftp	Josh.17.14	עַ֥ד	5704	HR
0691N	Josh.17.14	אֲשֶׁר	834 a	HTr
06tsr	Josh.17.14	עַד	5704	HR
061N3	Josh.17.14	כֹּ֖ה	3541	HD
06LSS	Josh.17.14	בֵּֽרְכַ֥/נִי	1288	HVpp3ms/Sp1cs
06Vya	Josh.17.14	יְהוָֽה	3068	HNp
06h6D	Josh.17.15	וַ/יֹּ֨אמֶר	c/559	HC/Vqw3ms
06na2	Josh.17.15	אֲלֵי/הֶ֜ם	413	HR/Sp3mp
06YS9	Josh.17.15	יְהוֹשֻׁ֗עַ	3091	HNp
06X37	Josh.17.15	אִם	518 a	HC
06eaF	Josh.17.15	עַם	5971 a	HNcmsa
0613E	Josh.17.15	רַ֤ב	7227 a	HAamsa
06jXA	Josh.17.15	אַתָּה֙	859 a	HPp2ms
064KF	Josh.17.15	עֲלֵ֣ה	5927	HVqv2ms
06MSd	Josh.17.15	לְ/ךָ֣	l	HR/Sp2ms
06J4L	Josh.17.15	הַ/יַּ֔עְרָ/ה	d/3293 a	HTd/Ncmsa/Sd
06Qq5	Josh.17.15	וּ/בֵרֵאתָ֤	c/1254 a	HC/Vpq2ms
06sC8	Josh.17.15	לְ/ךָ֙	l	HR/Sp2ms
06nHM	Josh.17.15	שָׁ֔ם	8033	HD
06Cyg	Josh.17.15	בְּ/אֶ֥רֶץ	b/776	HR/Ncbsc
06tYe	Josh.17.15	הַ/פְּרִזִּ֖י	d/6522	HTd/Ngmsa
06uk3	Josh.17.15	וְ/הָֽ/רְפָאִ֑ים	c/d/7497 b	HC/Td/Np
06DWE	Josh.17.15	כִּֽי	3588 a	HC
06xSK	Josh.17.15	אָ֥ץ	213	HVqp3ms
062gY	Josh.17.15	לְ/ךָ֖	l	HR/Sp2ms
06c69	Josh.17.15	הַר	2022	HNcmsc
06yGC	Josh.17.15	אֶפְרָֽיִם	669	HNp
06qSK	Josh.17.16	וַ/יֹּֽאמְרוּ֙	c/559	HC/Vqw3mp
06afN	Josh.17.16	בְּנֵ֣י	1121 a	HNcmpc
06URv	Josh.17.16	יוֹסֵ֔ף	3130	HNp
067xX	Josh.17.16	לֹֽא	3808	HTn
06oAZ	Josh.17.16	יִמָּ֥צֵא	4672	HVNi3ms
06Fof	Josh.17.16	לָ֖/נוּ	l	HR/Sp1cp
06sYs	Josh.17.16	הָ/הָ֑ר	d/2022	HTd/Ncmsa
06kHd	Josh.17.16	וְ/רֶ֣כֶב	c/7393	HC/Ncmsc
06uF9	Josh.17.16	בַּרְזֶ֗ל	1270	HNcmsa
06omp	Josh.17.16	בְּ/כָל	b/3605	HR/Ncmsc
06N5F	Josh.17.16	הַֽ/כְּנַעֲנִי֙	d/3669 a	HTd/Ngmsa
06Zmp	Josh.17.16	הַ/יֹּשֵׁ֣ב	d/3427	HTd/Vqrmsa
06FFZ	Josh.17.16	בְּ/אֶֽרֶץ	b/776	HR/Ncbsc
06zfi	Josh.17.16	הָ/עֵ֔מֶק	d/6010	HTd/Ncmsa
06eh8	Josh.17.16	לַֽ/אֲשֶׁ֤ר	l/834 a	HR/Tr
06Ded	Josh.17.16	בְּ/בֵית	b/1052+	HR/Np
06nTB	Josh.17.16	שְׁאָן֙	1052	HNp
06Njh	Josh.17.16	וּ/בְנוֹתֶ֔י/הָ	c/1323	HC/Ncfpc/Sp3fs
06F1o	Josh.17.16	וְ/לַֽ/אֲשֶׁ֖ר	c/l/834 a	HC/R/Tr
06SBw	Josh.17.16	בְּ/עֵ֥מֶק	b/6010	HR/Ncmsc
06imY	Josh.17.16	יִזְרְעֶֽאל	3157	HNp
06EFd	Josh.17.17	וַ/יֹּ֤אמֶר	c/559	HC/Vqw3ms
06anA	Josh.17.17	יְהוֹשֻׁ֨עַ֙	3091	HNp
06rk4	Josh.17.17	אֶל	413	HR
06iG5	Josh.17.17	בֵּ֣ית	1004 b	HNcmsc
066id	Josh.17.17	יוֹסֵ֔ף	3130	HNp
06Nbz	Josh.17.17	לְ/אֶפְרַ֥יִם	l/669	HR/Np
06Dh7	Josh.17.17	וְ/לִ/מְנַשֶּׁ֖ה	c/l/4519	HC/R/Np
06M6f	Josh.17.17	לֵ/אמֹ֑ר	l/559	HR/Vqc
06rpM	Josh.17.17	עַם	5971 a	HNcmsa
06GYX	Josh.17.17	רַ֣ב	7227 a	HAamsa
06mHQ	Josh.17.17	אַתָּ֗ה	859 a	HPp2ms
06Q6S	Josh.17.17	וְ/כֹ֤חַ	c/3581 b	HC/Ncmsa
062UC	Josh.17.17	גָּדוֹל֙	1419 a	HAamsa
06jkK	Josh.17.17	לָ֔/ךְ	l	HR/Sp2fs
06Xn7	Josh.17.17	לֹֽא	3808	HTn
062xh	Josh.17.17	יִהְיֶ֥ה	1961	HVqi3ms
06CSf	Josh.17.17	לְ/ךָ֖	l	HR/Sp2ms
06vz3	Josh.17.17	גּוֹרָ֥ל	1486	HNcmsa
06uJ5	Josh.17.17	אֶחָֽד	259	HAcmsa
06DkJ	Josh.17.18	כִּ֣י	3588 a	HC
06tHJ	Josh.17.18	הַ֤ר	2022	HNcmsa
06bUa	Josh.17.18	יִֽהְיֶה	1961	HVqi3ms
06L1P	Josh.17.18	לָּ/ךְ֙	l	HR/Sp2fs
06fz2	Josh.17.18	כִּֽי	3588 a	HC
06cSL	Josh.17.18	יַ֣עַר	3293 a	HNcmsa
06NCu	Josh.17.18	ה֔וּא	1931	HPp3ms
06Jty	Josh.17.18	וּ/בֵ֣רֵאת֔/וֹ	c/1254 a	HC/Vpq2ms/Sp3ms
06VA7	Josh.17.18	וְ/הָיָ֥ה	c/1961	HC/Vqq3ms
06zaC	Josh.17.18	לְ/ךָ֖	l	HR/Sp2ms
06cd3	Josh.17.18	תֹּֽצְאֹתָ֑י/ו	8444	HNcfpc/Sp3ms
06L4J	Josh.17.18	כִּֽי	3588 a	HC
062q5	Josh.17.18	תוֹרִ֣ישׁ	3423	HVhi2ms
06UVp	Josh.17.18	אֶת	853	HTo
06SeE	Josh.17.18	הַֽ/כְּנַעֲנִ֗י	d/3669 a	HTd/Ngmsa
0653z	Josh.17.18	כִּ֣י	3588 a	HC
06uUZ	Josh.17.18	רֶ֤כֶב	7393	HNcmsc
065WT	Josh.17.18	בַּרְזֶל֙	1270	HNcmsa
066vQ	Josh.17.18	ל֔/וֹ	l	HR/Sp3ms
06GZQ	Josh.17.18	כִּ֥י	3588 a	HC
06T81	Josh.17.18	חָזָ֖ק	2389	HAamsa
066mf	Josh.17.18	הֽוּא	1931	HPp3ms
06mfQ	Josh.18.1	וַ/יִּקָּ֨הֲל֜וּ	c/6950	HC/VNw3mp
06DE4	Josh.18.1	כָּל	3605	HNcmsc
06GHd	Josh.18.1	עֲדַ֤ת	5712	HNcfsc
06CbA	Josh.18.1	בְּנֵֽי	1121 a	HNcmpc
06KAe	Josh.18.1	יִשְׂרָאֵל֙	3478	HNp
06Qvc	Josh.18.1	שִׁלֹ֔ה	7887	HNp
06sjF	Josh.18.1	וַ/יַּשְׁכִּ֥ינוּ	c/7931	HC/Vhw3mp
06rmr	Josh.18.1	שָׁ֖ם	8033	HD
06Psc	Josh.18.1	אֶת	853	HTo
06Ab6	Josh.18.1	אֹ֣הֶל	168	HNcmsc
061TR	Josh.18.1	מוֹעֵ֑ד	4150	HNcmsa
06u5H	Josh.18.1	וְ/הָ/אָ֥רֶץ	c/d/776	HC/Td/Ncbsa
06MQc	Josh.18.1	נִכְבְּשָׁ֖ה	3533	HVNp3fs
06Wfn	Josh.18.1	לִ/פְנֵי/הֶֽם	l/6440	HR/Ncbpc/Sp3mp
06d4o	Josh.18.2	וַ/יִּוָּֽתְרוּ֙	c/3498	HC/VNw3mp
06ATh	Josh.18.2	בִּ/בְנֵ֣י	b/1121 a	HR/Ncmpc
06iSY	Josh.18.2	יִשְׂרָאֵ֔ל	3478	HNp
06DkE	Josh.18.2	אֲשֶׁ֥ר	834 a	HTr
06nMZ	Josh.18.2	לֹֽא	3808	HTn
064iz	Josh.18.2	חָלְק֖וּ	2505 a	HVqp3cp
06qd4	Josh.18.2	אֶת	853	HTo
06nru	Josh.18.2	נַֽחֲלָתָ֑/ם	5159	HNcfsc/Sp3mp
06Pxa	Josh.18.2	שִׁבְעָ֖ה	7651	HAcmsa
06bkq	Josh.18.2	שְׁבָטִֽים	7626	HNcmpa
06HHt	Josh.18.3	וַ/יֹּ֥אמֶר	c/559	HC/Vqw3ms
06q1a	Josh.18.3	יְהוֹשֻׁ֖עַ	3091	HNp
06o7T	Josh.18.3	אֶל	413	HR
068B7	Josh.18.3	בְּנֵ֣י	1121 a	HNcmpc
06e4G	Josh.18.3	יִשְׂרָאֵ֑ל	3478	HNp
06UMb	Josh.18.3	עַד	5704	HR
06sBg	Josh.18.3	אָ֨נָה֙	575	HD
06mtF	Josh.18.3	אַתֶּ֣ם	859 d	HPp2mp
06saW	Josh.18.3	מִתְרַפִּ֔ים	7503	HVtrmpa
06s5y	Josh.18.3	לָ/בוֹא֙	l/935	HR/Vqc
06Ccr	Josh.18.3	לָ/רֶ֣שֶׁת	l/3423	HR/Vqc
06Q6y	Josh.18.3	אֶת	853	HTo
06F3m	Josh.18.3	הָ/אָ֔רֶץ	d/776	HTd/Ncbsa
06Qnx	Josh.18.3	אֲשֶׁר֙	834 a	HTr
064CQ	Josh.18.3	נָתַ֣ן	5414	HVqp3ms
06BgX	Josh.18.3	לָ/כֶ֔ם	l	HR/Sp2mp
06i2o	Josh.18.3	יְהוָ֖ה	3068	HNp
06oyG	Josh.18.3	אֱלֹהֵ֥י	430	HNcmpc
062nn	Josh.18.3	אֲבֽוֹתֵי/כֶֽם	1	HNcmpc/Sp2mp
06nqZ	Josh.18.4	הָב֥וּ	3051	HVqv2mp
06xBh	Josh.18.4	לָ/כֶ֛ם	l	HR/Sp2mp
066MB	Josh.18.4	שְׁלֹשָׁ֥ה	7969	HAcmsa
06fQv	Josh.18.4	אֲנָשִׁ֖ים	376	HNcmpa
06Dvr	Josh.18.4	לַ/שָּׁ֑בֶט	l/7626	HRd/Ncmsa
06tYy	Josh.18.4	וְ/אֶשְׁלָחֵ֗/ם	c/7971	HC/Vqi1cs/Sp3mp
06Zje	Josh.18.4	וְ/יָקֻ֜מוּ	c/6965 b	HC/Vqi3mp
064VK	Josh.18.4	וְ/יִֽתְהַלְּכ֥וּ	c/1980	HC/Vti3mp
06M3S	Josh.18.4	בָ/אָ֛רֶץ	b/776	HRd/Ncbsa
06nqN	Josh.18.4	וְ/יִכְתְּב֥וּ	c/3789	HC/Vqi3mp
06dMv	Josh.18.4	אוֹתָ֛/הּ	853	HTo/Sp3fs
062HZ	Josh.18.4	לְ/פִ֥י	l/6310	HR/Ncmsc
063Fv	Josh.18.4	נַֽחֲלָתָ֖/ם	5159	HNcfsc/Sp3mp
067bG	Josh.18.4	וְ/יָבֹ֥אוּ	c/935	HC/Vqi3mp
06yr8	Josh.18.4	אֵלָֽ/י	413	HR/Sp1cs
06Q4E	Josh.18.5	וְ/הִֽתְחַלְּק֥וּ	c/2505 a	HC/Vtq3cp
06EKG	Josh.18.5	אֹתָ֖/הּ	853	HTo/Sp3fs
065cJ	Josh.18.5	לְ/שִׁבְעָ֣ה	l/7651	HR/Acmsa
06yrN	Josh.18.5	חֲלָקִ֑ים	2506 a	HNcmpa
06SNL	Josh.18.5	יְהוּדָ֞ה	3063	HNp
06xBx	Josh.18.5	יַעֲמֹ֤ד	5975	HVqi3ms
064M4	Josh.18.5	עַל	5921 a	HR
06rdY	Josh.18.5	גְּבוּל/וֹ֙	1366	HNcmsc/Sp3ms
06ktS	Josh.18.5	מִ/נֶּ֔גֶב	m/5045	HR/Ncmsa
06T7P	Josh.18.5	וּ/בֵ֥ית	c/1004 b	HC/Ncmsc
06Snb	Josh.18.5	יוֹסֵ֛ף	3130	HNp
065Ln	Josh.18.5	יַעַמְד֥וּ	5975	HVqi3mp
06uoT	Josh.18.5	עַל	5921 a	HR
06x2u	Josh.18.5	גְּבוּלָ֖/ם	1366	HNcmsc/Sp3mp
06hib	Josh.18.5	מִ/צָּפֽוֹן	m/6828	HR/Ncfsa
06RnE	Josh.18.6	וְ/אַתֶּ֞ם	c/859 d	HC/Pp2mp
06oQP	Josh.18.6	תִּכְתְּב֤וּ	3789	HVqi2mp
06MWb	Josh.18.6	אֶת	853	HTo
06G4R	Josh.18.6	הָ/אָ֨רֶץ֙	d/776	HTd/Ncbsa
06b15	Josh.18.6	שִׁבְעָ֣ה	7651	HAcmsa
06Xye	Josh.18.6	חֲלָקִ֔ים	2506 a	HNcmpa
06meh	Josh.18.6	וַֽ/הֲבֵאתֶ֥ם	c/935	HC/Vhq2mp
06Uxw	Josh.18.6	אֵלַ֖/י	413	HR/Sp1cs
06jYS	Josh.18.6	הֵ֑נָּה	2008	HD
06S6n	Josh.18.6	וְ/יָרִ֨יתִי	c/3384 b	HC/Vqq1cs
06CZt	Josh.18.6	לָ/כֶ֤ם	l	HR/Sp2mp
06ZFR	Josh.18.6	גּוֹרָל֙	1486	HNcmsa
06te8	Josh.18.6	פֹּ֔ה	6311	HD
06V7Q	Josh.18.6	לִ/פְנֵ֖י	l/6440	HR/Ncbpc
06LQP	Josh.18.6	יְהוָ֥ה	3068	HNp
06aiP	Josh.18.6	אֱלֹהֵֽי/נוּ	430	HNcmpc/Sp1cp
06QFp	Josh.18.7	כִּ֠י	3588 a	HC
06TJ7	Josh.18.7	אֵֽין	369	HTn
065YU	Josh.18.7	חֵ֤לֶק	2506 a	HNcmsa
06W6q	Josh.18.7	לַ/לְוִיִּם֙	l/3881	HRd/Ngmpa
062XS	Josh.18.7	בְּ/קִרְבְּ/כֶ֔ם	b/7130	HR/Ncmsc/Sp2mp
06dMu	Josh.18.7	כִּֽי	3588 a	HC
066Rv	Josh.18.7	כְהֻנַּ֥ת	3550	HNcfsc
06Suh	Josh.18.7	יְהוָ֖ה	3068	HNp
06GJe	Josh.18.7	נַחֲלָת֑/וֹ	5159	HNcfsc/Sp3ms
06XKM	Josh.18.7	וְ/גָ֡ד	c/1410	HC/Np
06KTE	Josh.18.7	וּ/רְאוּבֵ֡ן	c/7205	HC/Np
06JAR	Josh.18.7	וַ/חֲצִי֩	c/2677	HC/Ncmsc
06Fuj	Josh.18.7	שֵׁ֨בֶט	7626	HNcmsc
066ni	Josh.18.7	הַֽ/מְנַשֶּׁ֜ה	d/4519	HTd/Np
06Txv	Josh.18.7	לָקְח֣וּ	3947	HVqp3cp
06fYi	Josh.18.7	נַחֲלָתָ֗/ם	5159	HNcfsc/Sp3mp
06rqP	Josh.18.7	מֵ/עֵ֤בֶר	m/5676	HR/Ncmsa
06r7x	Josh.18.7	לַ/יַּרְדֵּן֙	l/3383	HRd/Np
06K4Y	Josh.18.7	מִזְרָ֔חָ/ה	4217	HNcmsa/Sd
06mRC	Josh.18.7	אֲשֶׁר֙	834 a	HTr
06ekW	Josh.18.7	נָתַ֣ן	5414	HVqp3ms
06TdN	Josh.18.7	לָ/הֶ֔ם	l	HR/Sp3mp
06b8z	Josh.18.7	מֹשֶׁ֖ה	4872	HNp
06C3m	Josh.18.7	עֶ֥בֶד	5650	HNcmsc
06dM6	Josh.18.7	יְהוָֽה	3068	HNp
06YiE	Josh.18.8	וַ/יָּקֻ֥מוּ	c/6965 b	HC/Vqw3mp
06ysi	Josh.18.8	הָ/אֲנָשִׁ֖ים	d/376	HTd/Ncmpa
069hE	Josh.18.8	וַ/יֵּלֵ֑כוּ	c/3212	HC/Vqw3mp
06BLQ	Josh.18.8	וַ/יְצַ֣ו	c/6680	HC/Vpw3ms
06cxB	Josh.18.8	יְהוֹשֻׁ֡עַ	3091	HNp
06vpM	Josh.18.8	אֶת	853	HTo
0677U	Josh.18.8	הַ/הֹלְכִים֩	d/1980	HTd/Vqrmpa
06soC	Josh.18.8	לִ/כְתֹּ֨ב	l/3789	HR/Vqc
06KuJ	Josh.18.8	אֶת	853	HTo
06Bms	Josh.18.8	הָ/אָ֜רֶץ	d/776	HTd/Ncbsa
06Yx3	Josh.18.8	לֵ/אמֹ֗ר	l/559	HR/Vqc
06M8R	Josh.18.8	לְ֠כוּ	3212	HVqv2mp
06sKN	Josh.18.8	וְ/הִתְהַלְּכ֨וּ	c/1980	HC/Vtv2mp
06rif	Josh.18.8	בָ/אָ֜רֶץ	b/776	HRd/Ncbsa
06N8y	Josh.18.8	וְ/כִתְב֤וּ	c/3789	HC/Vqv2mp
066Mt	Josh.18.8	אוֹתָ/הּ֙	853	HTo/Sp3fs
06GDp	Josh.18.8	וְ/שׁ֣וּבוּ	c/7725	HC/Vqv2mp
06vom	Josh.18.8	אֵלַ֔/י	413	HR/Sp1cs
06oMx	Josh.18.8	וּ֠/פֹה	c/6311	HC/D
06Gmc	Josh.18.8	אַשְׁלִ֨יךְ	7993	HVhi1cs
06Foo	Josh.18.8	לָ/כֶ֥ם	l	HR/Sp2mp
06yqJ	Josh.18.8	גּוֹרָ֛ל	1486	HNcmsa
06mjf	Josh.18.8	לִ/פְנֵ֥י	l/6440	HR/Ncbpc
061pQ	Josh.18.8	יְהוָ֖ה	3068	HNp
06wkA	Josh.18.8	בְּ/שִׁלֹֽה	b/7887	HR/Np
06HpE	Josh.18.9	וַ/יֵּלְכ֤וּ	c/3212	HC/Vqw3mp
06QRf	Josh.18.9	הָֽ/אֲנָשִׁים֙	d/376	HTd/Ncmpa
06Ywy	Josh.18.9	וַ/יַּעַבְר֣וּ	c/5674 a	HC/Vqw3mp
06oei	Josh.18.9	בָ/אָ֔רֶץ	b/776	HRd/Ncbsa
06AmM	Josh.18.9	וַ/יִּכְתְּב֧וּ/הָ	c/3789	HC/Vqw3mp/Sp3fs
06LQY	Josh.18.9	לֶֽ/עָרִ֛ים	l/5892 b	HRd/Ncfpa
066XT	Josh.18.9	לְ/שִׁבְעָ֥ה	l/7651	HR/Acmsa
06cNh	Josh.18.9	חֲלָקִ֖ים	2506 a	HNcmpa
06tUA	Josh.18.9	עַל	5921 a	HR
06EwY	Josh.18.9	סֵ֑פֶר	5612 a	HNcmsa
06yE6	Josh.18.9	וַ/יָּבֹ֧אוּ	c/935	HC/Vqw3mp
06bJR	Josh.18.9	אֶל	413	HR
066kx	Josh.18.9	יְהוֹשֻׁ֛עַ	3091	HNp
06jXc	Josh.18.9	אֶל	413	HR
06YZS	Josh.18.9	הַֽ/מַּחֲנֶ֖ה	d/4264	HTd/Ncbsa
06v51	Josh.18.9	שִׁלֹֽה	7887	HNp
062Q9	Josh.18.10	וַ/יַּשְׁלֵךְ֩	c/7993	HC/Vhw3ms
065Zv	Josh.18.10	לָ/הֶ֨ם	l	HR/Sp3mp
062n8	Josh.18.10	יְהוֹשֻׁ֧עַ	3091	HNp
06XMf	Josh.18.10	גּוֹרָ֛ל	1486	HNcmsa
06vjy	Josh.18.10	בְּ/שִׁלֹ֖ה	b/7887	HR/Np
0676d	Josh.18.10	לִ/פְנֵ֣י	l/6440	HR/Ncbpc
065wy	Josh.18.10	יְהוָ֑ה	3068	HNp
06Sfp	Josh.18.10	וַ/יְחַלֶּק	c/2505 a	HC/Vpw3ms
06w2M	Josh.18.10	שָׁ֨ם	8033	HD
06N4i	Josh.18.10	יְהוֹשֻׁ֧עַ	3091	HNp
0619Y	Josh.18.10	אֶת	853	HTo
069mG	Josh.18.10	הָ/אָ֛רֶץ	d/776	HTd/Ncbsa
06a7q	Josh.18.10	לִ/בְנֵ֥י	l/1121 a	HR/Ncmpc
06cvq	Josh.18.10	יִשְׂרָאֵ֖ל	3478	HNp
06rxp	Josh.18.10	כְּ/מַחְלְקֹתָֽ/ם	k/4256	HR/Ncfpc/Sp3mp
06wPK	Josh.18.11	וַ/יַּ֗עַל	c/5927	HC/Vqw3ms
06fvj	Josh.18.11	גּוֹרַ֛ל	1486	HNcmsc
06w3p	Josh.18.11	מַטֵּ֥ה	4294	HNcmsc
06Wk4	Josh.18.11	בְנֵֽי	1121 a	HNcmpc
06Axf	Josh.18.11	בִנְיָמִ֖ן	1144	HNp
06puY	Josh.18.11	לְ/מִשְׁפְּחֹתָ֑/ם	l/4940	HR/Ncfpc/Sp3mp
063Fa	Josh.18.11	וַ/יֵּצֵא֙	c/3318	HC/Vqw3ms
06PGg	Josh.18.11	גְּב֣וּל	1366	HNcmsc
06fPg	Josh.18.11	גּֽוֹרָלָ֔/ם	1486	HNcmsc/Sp3mp
06PNH	Josh.18.11	בֵּ֚ין	996	HR
06u5F	Josh.18.11	בְּנֵ֣י	1121 a	HNcmpc
06czP	Josh.18.11	יְהוּדָ֔ה	3063	HNp
06ktp	Josh.18.11	וּ/בֵ֖ין	c/996	HC/R
06zBm	Josh.18.11	בְּנֵ֥י	1121 a	HNcmpc
06DPD	Josh.18.11	יוֹסֵֽף	3130	HNp
06KfD	Josh.18.12	וַ/יְהִ֨י	c/1961	HC/Vqw3ms
064D8	Josh.18.12	לָ/הֶ֧ם	l	HR/Sp3mp
06h9p	Josh.18.12	הַ/גְּב֛וּל	d/1366	HTd/Ncmsa
06ofC	Josh.18.12	לִ/פְאַ֥ת	l/6285	HR/Ncfsc
06qYG	Josh.18.12	צָפ֖וֹנָ/ה	6828	HNcfsa/Sd
06k3C	Josh.18.12	מִן	4480 a	HR
0644D	Josh.18.12	הַ/יַּרְדֵּ֑ן	d/3383	HTd/Np
06JuG	Josh.18.12	וְ/עָלָ֣ה	c/5927	HC/Vqq3ms
06Std	Josh.18.12	הַ/גְּבוּל֩	d/1366	HTd/Ncmsa
06V7p	Josh.18.12	אֶל	413	HR
06sEg	Josh.18.12	כֶּ֨תֶף	3802	HNcfsc
06qYw	Josh.18.12	יְרִיח֜וֹ	3405	HNp
06gBf	Josh.18.12	מִ/צָּפ֗וֹן	m/6828	HR/Ncfsa
06Uoj	Josh.18.12	וְ/עָלָ֤ה	c/5927	HC/Vqq3ms
06LLg	Josh.18.12	בָ/הָר֙	b/2022	HRd/Ncmsa
06pyP	Josh.18.12	יָ֔מָּ/ה	3220	HNcmsa/Sd
06Eyr	Josh.18.12	ו/היה	c/1961	HC/Vqq3ms
06g2a	Josh.18.12	וְ/הָיוּ֙	c/1961	HC/Vqq3cp
063Lw	Josh.18.12	תֹּֽצְאֹתָ֔י/ו	8444	HNcfpc/Sp3ms
06YMk	Josh.18.12	מִדְבַּ֖רָ/ה	4057 b	HNcmsc/Sd
06wTg	Josh.18.12	בֵּ֥ית	1007+	HNp
06csp	Josh.18.12	אָֽוֶן	1007	HNp
06573	Josh.18.13	וְ/עָבַר֩	c/5674 a	HC/Vqq3ms
06xK6	Josh.18.13	מִ/שָּׁ֨ם	m/8033	HR/D
06YnE	Josh.18.13	הַ/גְּב֜וּל	d/1366	HTd/Ncmsa
06HbH	Josh.18.13	ל֗וּזָ/ה	3870	HNp/Sd
06eZp	Josh.18.13	אֶל	413	HR
06ZC6	Josh.18.13	כֶּ֤תֶף	3802	HNcfsc
06bR3	Josh.18.13	ל֨וּזָ/ה֙	3870	HNp/Sd
06sVc	Josh.18.13	נֶ֔גְבָּ/ה	5045	HNcmsa/Sd
063cA	Josh.18.13	הִ֖יא	1931	HPp3fs
06SNK	Josh.18.13	בֵּֽית	1008+	HNp
06cHp	Josh.18.13	אֵ֑ל	1008	HNp
06uat	Josh.18.13	וְ/יָרַ֤ד	c/3381	HC/Vqq3ms
06oHU	Josh.18.13	הַ/גְּבוּל֙	d/1366	HTd/Ncmsa
068Rs	Josh.18.13	עַטְר֣וֹת	5853+	HNp
06H3i	Josh.18.13	אַדָּ֔ר	5853	HNp
066TM	Josh.18.13	עַל	5921 a	HR
06hob	Josh.18.13	הָ/הָ֕ר	d/2022	HTd/Ncmsa
06BWa	Josh.18.13	אֲשֶׁ֛ר	834 a	HTr
06kxc	Josh.18.13	מִ/נֶּ֥גֶב	m/5045	HR/Ncmsa
065bN	Josh.18.13	לְ/בֵית	l/1032+	HR/Np
06Djm	Josh.18.13	חֹר֖וֹן	1032	HNp
06Qy5	Josh.18.13	תַּחְתּֽוֹן	8481	HAamsa
069mQ	Josh.18.14	וְ/תָאַ֣ר	c/8388 a	HC/Vqq3ms
06Lyh	Josh.18.14	הַ/גְּבוּל֩	d/1366	HTd/Ncmsa
06jPZ	Josh.18.14	וְ/נָסַ֨ב	c/5437	HC/VNq3ms
06gKU	Josh.18.14	לִ/פְאַת	l/6285	HR/Ncfsc
06ErM	Josh.18.14	יָ֜ם	3220	HNcmsa
06p8S	Josh.18.14	נֶ֗גְבָּ/ה	5045	HNcmsa/Sd
06sub	Josh.18.14	מִן	4480 a	HR
06nQZ	Josh.18.14	הָ/הָר֙	d/2022	HTd/Ncmsa
06iuA	Josh.18.14	אֲשֶׁ֨ר	834 a	HTr
068or	Josh.18.14	עַל	5921 a	HR
06w6p	Josh.18.14	פְּנֵ֥י	6440	HNcbpc
06zvK	Josh.18.14	בֵית	1032+	HNp
06WN3	Josh.18.14	חֹרוֹן֮	1032	HNp
06pAG	Josh.18.14	נֶגְבָּ/ה֒	5045	HNcmsa/Sd
06EQq	Josh.18.14	ו/היה	c/1961	HC/Vqq3ms
06sau	Josh.18.14	וְ/הָי֣וּ	c/1961	HC/Vqq3cp
061Ky	Josh.18.14	תֹֽצְאֹתָ֗י/ו	8444	HNcfpc/Sp3ms
06biF	Josh.18.14	אֶל	413	HR
06ZBP	Josh.18.14	קִרְיַת	7154+	HNp
06eMk	Josh.18.14	בַּ֨עַל֙	7154	HNp
06PGV	Josh.18.14	הִ֚יא	1931	HPp3fs
06g5K	Josh.18.14	קִרְיַ֣ת	7157+	HNp
064mW	Josh.18.14	יְעָרִ֔ים	7157	HNp
06ubw	Josh.18.14	עִ֖יר	5892 b	HNcfsc
069CS	Josh.18.14	בְּנֵ֣י	1121 a	HNcmpc
06ozE	Josh.18.14	יְהוּדָ֑ה	3063	HNp
06UZ9	Josh.18.14	זֹ֖את	2063	HPdxfs
06mVu	Josh.18.14	פְּאַת	6285	HNcfsc
06yA5	Josh.18.14	יָֽם	3220	HNcmsa
06ReA	Josh.18.15	וּ/פְאַת	c/6285	HC/Ncfsc
06uFV	Josh.18.15	נֶ֕גְבָּ/ה	5045	HNcmsa/Sd
065Ba	Josh.18.15	מִ/קְצֵ֖ה	m/7097 a	HR/Ncbsc
06c29	Josh.18.15	קִרְיַ֣ת	7157+	HNp
06wMd	Josh.18.15	יְעָרִ֑ים	7157	HNp
06YwG	Josh.18.15	וְ/יָצָ֤א	c/3318	HC/Vqq3ms
06eQh	Josh.18.15	הַ/גְּבוּל֙	d/1366	HTd/Ncmsa
06k7y	Josh.18.15	יָ֔מָּ/ה	3220	HNcmsa/Sd
064Sa	Josh.18.15	וְ/יָצָ֕א	c/3318	HC/Vqq3ms
06p3t	Josh.18.15	אֶל	413	HR
06rzT	Josh.18.15	מַעְיַ֖ן	4599	HNcmsc
06y5y	Josh.18.15	מֵ֥י	4325	HNcmpc
06BAD	Josh.18.15	נֶפְתּֽוֹחַ	5318	HNp
06MMc	Josh.18.16	וְ/יָרַ֨ד	c/3381	HC/Vqq3ms
06MJT	Josh.18.16	הַ/גְּב֜וּל	d/1366	HTd/Ncmsa
06w2K	Josh.18.16	אֶל	413	HR
06NL7	Josh.18.16	קְצֵ֣ה	7097 a	HNcbsc
06d52	Josh.18.16	הָ/הָ֗ר	d/2022	HTd/Ncmsa
06JUY	Josh.18.16	אֲשֶׁר֙	834 a	HTr
06Be7	Josh.18.16	עַל	5921 a	HR
06shA	Josh.18.16	פְּנֵי֙	6440	HNcbpc
06Hye	Josh.18.16	גֵּ֣י	1516	HNcbsc
06r3P	Josh.18.16	בֶן	1121 a	HNcmsc
06va1	Josh.18.16	הִנֹּ֔ם	2011	HNp
06oPC	Josh.18.16	אֲשֶׁ֛ר	834 a	HTr
06Psb	Josh.18.16	בְּ/עֵ֥מֶק	b/6010	HR/Ncmsc
06wFt	Josh.18.16	רְפָאִ֖ים	7497 b	HNp
06PpB	Josh.18.16	צָפ֑וֹנָ/ה	6828	HNcfsa/Sd
06qNE	Josh.18.16	וְ/יָרַד֩	c/3381	HC/Vqq3ms
06Y2L	Josh.18.16	גֵּ֨י	1516	HNcbsc
06yLU	Josh.18.16	הִנֹּ֜ם	2011	HNp
068gt	Josh.18.16	אֶל	413	HR
06JUV	Josh.18.16	כֶּ֤תֶף	3802	HNcfsc
06ygy	Josh.18.16	הַ/יְבוּסִי֙	d/2983	HTd/Ngmsa
069Tr	Josh.18.16	נֶ֔גְבָּ/ה	5045	HNcmsa/Sd
06HZA	Josh.18.16	וְ/יָרַ֖ד	c/3381	HC/Vqq3ms
06N8P	Josh.18.16	עֵ֥ין	5883+	HNp
06XGD	Josh.18.16	רֹגֵֽל	5883	HNp
06mBS	Josh.18.17	וְ/תָאַ֣ר	c/8388 a	HC/Vqq3ms
06LeT	Josh.18.17	מִ/צָּפ֗וֹן	m/6828	HR/Ncfsa
06TvU	Josh.18.17	וְ/יָצָא֙	c/3318	HC/Vqq3ms
06xHn	Josh.18.17	עֵ֣ין	5885+	HNp
06B3s	Josh.18.17	שֶׁ֔מֶשׁ	5885	HNp
06CNE	Josh.18.17	וְ/יָצָא֙	c/3318	HC/Vqq3ms
06gKa	Josh.18.17	אֶל	413	HR
06whP	Josh.18.17	גְּלִיל֔וֹת	1553	HNp
06xd8	Josh.18.17	אֲשֶׁר	834 a	HTr
06TR3	Josh.18.17	נֹ֖כַח	5227	HR
06mba	Josh.18.17	מַעֲלֵ֣ה	4608	HNcmsc
06X9z	Josh.18.17	אֲדֻמִּ֑ים	131	HNp
06fix	Josh.18.17	וְ/יָרַ֕ד	c/3381	HC/Vqq3ms
06zu5	Josh.18.17	אֶ֥בֶן	68	HNcfsc
06jSS	Josh.18.17	בֹּ֖הַן	932	HNp
06B98	Josh.18.17	בֶּן	1121 a	HNcmsc
06tji	Josh.18.17	רְאוּבֵֽן	7205	HNp
06Jsw	Josh.18.18	וְ/עָבַ֛ר	c/5674 a	HC/Vqq3ms
061GA	Josh.18.18	אֶל	413	HR
06p7f	Josh.18.18	כֶּ֥תֶף	3802	HNcfsc
06E93	Josh.18.18	מוּל	4136	HR
06kqX	Josh.18.18	הָֽ/עֲרָבָ֖ה	d/6160	HTd/Ncfsa
061je	Josh.18.18	צָפ֑וֹנָ/ה	6828	HNcfsa/Sd
06zEj	Josh.18.18	וְ/יָרַ֖ד	c/3381	HC/Vqq3ms
06w3L	Josh.18.18	הָ/עֲרָבָֽתָ/ה	d/6160	HTd/Ncfsa/Sd
06FBV	Josh.18.19	וְ/עָבַ֨ר	c/5674 a	HC/Vqq3ms
06tZu	Josh.18.19	הַ/גְּב֜וּל	d/1366	HTd/Ncmsa
06ANB	Josh.18.19	אֶל	413	HR
06m5d	Josh.18.19	כֶּ֣תֶף	3802	HNcfsc
06wc3	Josh.18.19	בֵּית	1031+	HNp
06dLM	Josh.18.19	חָגְלָה֮	1031	HNp
06Sk6	Josh.18.19	צָפוֹנָ/ה֒	6828	HNcfsa/Sd
06H1q	Josh.18.19	ו/היה	c/1961	HC/Vqq3ms
06RMp	Josh.18.19	וְ/הָי֣וּ	c/1961	HC/Vqq3cp
06DE1	Josh.18.19	תצאותי/ו	8444	HNcfpc/Sp3ms
06JXW	Josh.18.19	תֹּצְא֣וֹת	8444	HNcfpc
06PJn	Josh.18.19	הַ/גְּב֗וּל	d/1366	HTd/Ncmsa
06dXu	Josh.18.19	אֶל	413	HR
068oD	Josh.18.19	לְשׁ֤וֹן	3956	HNcbsc
06YAs	Josh.18.19	יָם	3220	HNcmsc
06W4q	Josh.18.19	הַ/מֶּ֨לַח֙	d/4417	HTd/Ncmsa
06N6D	Josh.18.19	צָפ֔וֹנָ/ה	6828	HNcfsa/Sd
06r3j	Josh.18.19	אֶל	413	HR
06RbR	Josh.18.19	קְצֵ֥ה	7097 a	HNcbsc
06mrh	Josh.18.19	הַ/יַּרְדֵּ֖ן	d/3383	HTd/Np
06KDc	Josh.18.19	נֶ֑גְבָּ/ה	5045	HNcmsa/Sd
06dmB	Josh.18.19	זֶ֖ה	2088	HPdxms
06Fg5	Josh.18.19	גְּב֥וּל	1366	HNcmsc
06D4Y	Josh.18.19	נֶֽגֶב	5045	HNcmsa
061yC	Josh.18.20	וְ/הַ/יַּרְדֵּ֥ן	c/d/3383	HC/Td/Np
06rrj	Josh.18.20	יִגְבֹּל	1379	HVqi3ms
06Rn4	Josh.18.20	אֹת֖/וֹ	853	HTo/Sp3ms
06nrC	Josh.18.20	לִ/פְאַת	l/6285	HR/Ncfsc
06USe	Josh.18.20	קֵ֑דְמָ/ה	6924 b	HNcmsa/Sd
06jJP	Josh.18.20	זֹ֡את	2063	HPdxfs
06Ds4	Josh.18.20	נַחֲלַת֩	5159	HNcfsc
06YfC	Josh.18.20	בְּנֵ֨י	1121 a	HNcmpc
06jFh	Josh.18.20	בִנְיָמִ֧ן	1144	HNp
06h2q	Josh.18.20	לִ/גְבֽוּלֹתֶ֛י/הָ	l/1367	HR/Ncfpc/Sp3fs
06VfW	Josh.18.20	סָבִ֖יב	5439	HNcbsa
06ESV	Josh.18.20	לְ/מִשְׁפְּחֹתָֽ/ם	l/4940	HR/Ncfpc/Sp3mp
068Fj	Josh.18.21	וְ/הָי֣וּ	c/1961	HC/Vqp3cp
06zrr	Josh.18.21	הֶֽ/עָרִ֗ים	d/5892 b	HTd/Ncfpa
06qEt	Josh.18.21	לְ/מַטֵּ֛ה	l/4294	HR/Ncmsc
065gq	Josh.18.21	בְּנֵ֥י	1121 a	HNcmpc
06hDV	Josh.18.21	בִנְיָמִ֖ן	1144	HNp
06HYt	Josh.18.21	לְ/מִשְׁפְּחֽוֹתֵי/הֶ֑ם	l/4940	HR/Ncfpc/Sp3mp
06FAv	Josh.18.21	יְרִיח֥וֹ	3405	HNp
06TWN	Josh.18.21	וּ/בֵית	c/1031+	HC/Np
06BfY	Josh.18.21	חָגְלָ֖ה	1031	HNp
06Rad	Josh.18.21	וְ/עֵ֥מֶק	c/6010	HC/Ncmsc
06Gcy	Josh.18.21	קְצִֽיץ	7104	HNp
06BLC	Josh.18.22	וּ/בֵ֧ית	c/1026+	HC/Np
06uvq	Josh.18.22	הָֽעֲרָבָ֛ה	1026	HNp
06fwV	Josh.18.22	וּ/צְמָרַ֖יִם	c/6787	HC/Np
06vpD	Josh.18.22	וּ/בֵֽית	c/1008+	HC/Np
062F5	Josh.18.22	אֵֽל	1008	HNp
06dHB	Josh.18.23	וְ/הָ/עַוִּ֥ים	c/d/5761	HC/Td/Np
06A8D	Josh.18.23	וְ/הַ/פָּרָ֖ה	c/d/6511	HC/Td/Np
06hrv	Josh.18.23	וְ/עָפְרָֽה	c/6084	HC/Np
06vzq	Josh.18.24	וּ/כְפַ֧ר	c/3726+	HC/Np
06RTB	Josh.18.24	העמני	3726	HNp
06rDJ	Josh.18.24	הָֽעַמֹּנָ֛ה	3726	HNp
06ZbD	Josh.18.24	וְ/הָֽ/עָפְנִ֖י	c/d/6078	HC/Td/Np
06pe5	Josh.18.24	וָ/גָ֑בַע	c/1387	HC/Np
06Gfh	Josh.18.24	עָרִ֥ים	5892 b	HNcfpa
06sZ7	Josh.18.24	שְׁתֵּים	8147	HAcfda
06xT5	Josh.18.24	עֶשְׂרֵ֖ה	6240	HAcfsa
06PfR	Josh.18.24	וְ/חַצְרֵי/הֶֽן	c/2691 b	HC/Ncbpc/Sp3fp
06oeK	Josh.18.25	גִּבְע֥וֹן	1391	HNp
06poP	Josh.18.25	וְ/הָֽ/רָמָ֖ה	c/d/7414	HC/Td/Np
06ZRV	Josh.18.25	וּ/בְאֵרֽוֹת	c/881	HC/Np
0685A	Josh.18.26	וְ/הַ/מִּצְפֶּ֥ה	c/d/4708	HC/Td/Np
06NbA	Josh.18.26	וְ/הַ/כְּפִירָ֖ה	c/d/3716	HC/Td/Np
06XRR	Josh.18.26	וְ/הַ/מֹּצָֽה	c/d/4681	HC/Td/Np
06cYP	Josh.18.27	וְ/רֶ֥קֶם	c/7552	HC/Np
06gVU	Josh.18.27	וְ/יִרְפְּאֵ֖ל	c/3416	HC/Np
06r2X	Josh.18.27	וְ/תַרְאֲלָֽה	c/8634	HC/Np
06Zzp	Josh.18.28	וְ/צֵלַ֡ע	c/6762	HC/Np
06qoq	Josh.18.28	הָאֶ֜לֶף	507	HNp
06w9K	Josh.18.28	וְ/הַ/יְבוּסִ֨י	c/d/2983	HC/Td/Ngmsa
06dir	Josh.18.28	הִ֤יא	1931	HPp3fs
06E6H	Josh.18.28	יְרֽוּשָׁלִַ֨ם֙	3389	HNp
069ov	Josh.18.28	גִּבְעַ֣ת	1394	HNp
06BYz	Josh.18.28	קִרְיַ֔ת	7157	HNp
06HXB	Josh.18.28	עָרִ֥ים	5892 b	HNcfpa
06TmX	Josh.18.28	אַרְבַּֽע	702	HAcfsa
06LiC	Josh.18.28	עֶשְׂרֵ֖ה	6240	HAcfsa
068kj	Josh.18.28	וְ/חַצְרֵי/הֶ֑ן	c/2691 b	HC/Ncbpc/Sp3fp
06mCW	Josh.18.28	זֹ֛את	2063	HPdxfs
06gqX	Josh.18.28	נַֽחֲלַ֥ת	5159	HNcfsc
06Df6	Josh.18.28	בְּנֵֽי	1121 a	HNcmpc
06oMA	Josh.18.28	בִנְיָמִ֖ן	1144	HNp
06Mcf	Josh.18.28	לְ/מִשְׁפְּחֹתָֽ/ם	l/4940	HR/Ncfpc/Sp3mp
06uXp	Josh.19.1	וַ/יֵּצֵ֞א	c/3318	HC/Vqw3ms
068qn	Josh.19.1	הַ/גּוֹרָ֤ל	d/1486	HTd/Ncmsa
06DX6	Josh.19.1	הַ/שֵּׁנִי֙	d/8145	HTd/Aomsa
06A18	Josh.19.1	לְ/שִׁמְע֔וֹן	l/8095	HR/Np
06iSv	Josh.19.1	לְ/מַטֵּ֥ה	l/4294	HR/Ncmsc
06qx9	Josh.19.1	בְנֵֽי	1121 a	HNcmpc
06qBT	Josh.19.1	שִׁמְע֖וֹן	8095	HNp
06jYZ	Josh.19.1	לְ/מִשְׁפְּחוֹתָ֑/ם	l/4940	HR/Ncfpc/Sp3mp
06Az7	Josh.19.1	וַֽ/יְהִי֙	c/1961	HC/Vqw3ms
06d3f	Josh.19.1	נַֽחֲלָתָ֔/ם	5159	HNcfsc/Sp3mp
06byp	Josh.19.1	בְּ/ת֖וֹךְ	b/8432	HR/Ncmsc
06pWc	Josh.19.1	נַחֲלַ֥ת	5159	HNcfsc
06GcR	Josh.19.1	בְּנֵֽי	1121 a	HNcmpc
06NKo	Josh.19.1	יְהוּדָֽה	3063	HNp
06qzH	Josh.19.2	וַ/יְהִ֥י	c/1961	HC/Vqw3ms
06ADc	Josh.19.2	לָ/הֶ֖ם	l	HR/Sp3mp
06p3z	Josh.19.2	בְּ/נַֽחֲלָתָ֑/ם	b/5159	HR/Ncfsc/Sp3mp
068BY	Josh.19.2	בְּאֵֽר	884+	HNp
06g6B	Josh.19.2	שֶׁ֥בַע	884	HAcfsa
064LX	Josh.19.2	וְ/שֶׁ֖בַע	c/7652 b	HC/Acfsa
06kze	Josh.19.2	וּ/מוֹלָדָֽה	c/4137	HC/Np
06CJA	Josh.19.3	וַ/חֲצַ֥ר	c/2705+	HC/Np
06FmZ	Josh.19.3	שׁוּעָ֛ל	2705	HNp
06nZ5	Josh.19.3	וּ/בָלָ֖ה	c/1088	HC/Np
06q5L	Josh.19.3	וָ/עָֽצֶם	c/6107	HC/Np
06htW	Josh.19.4	וְ/אֶלְתּוֹלַ֥ד	c/513	HC/Np
06YCR	Josh.19.4	וּ/בְת֖וּל	c/1329	HC/Np
06Tng	Josh.19.4	וְ/חָרְמָֽה	c/2767	HC/Np
06AG9	Josh.19.5	וְ/צִֽקְלַ֥ג	c/6860	HC/Np
06veU	Josh.19.5	וּ/בֵית	c/1024+	HC/Np
06CoA	Josh.19.5	הַמַּרְכָּב֖וֹת	1024	HNp
06rKD	Josh.19.5	וַ/חֲצַ֥ר	c/2701+	HC/Np
067RJ	Josh.19.5	סוּסָֽה	2701	HNp
0657Q	Josh.19.6	וּ/בֵ֥ית	c/1034+	HC/Np
06SqN	Josh.19.6	לְבָא֖וֹת	1034	HNp
06AMy	Josh.19.6	וְ/שָֽׁרוּחֶ֑ן	c/8287	HC/Np
06U3z	Josh.19.6	עָרִ֥ים	5892 b	HNcfpa
06SGK	Josh.19.6	שְׁלֹשׁ	7969	HAcfsa
06Qtc	Josh.19.6	עֶשְׂרֵ֖ה	6240	HAcfsa
06MiW	Josh.19.6	וְ/חַצְרֵי/הֶֽן	c/2691 b	HC/Ncbpc/Sp3fp
06LQC	Josh.19.7	עַ֥יִן	5871	HNp
063df	Josh.19.7	רִמּ֖וֹן	7417 c	HNp
0661t	Josh.19.7	וָ/עֶ֣תֶר	c/6281	HC/Np
06g9U	Josh.19.7	וְ/עָשָׁ֑ן	c/6228	HC/Np
06J78	Josh.19.7	עָרִ֥ים	5892 b	HNcfpa
06Mf9	Josh.19.7	אַרְבַּ֖ע	702	HAcfsa
06ARq	Josh.19.7	וְ/חַצְרֵי/הֶֽן	c/2691 b	HC/Ncbpc/Sp3fp
06W24	Josh.19.8	וְ/כָל	c/3605	HC/Ncmsc
06Sau	Josh.19.8	הַֽ/חֲצֵרִ֗ים	d/2691 b	HTd/Ncbpa
06sbY	Josh.19.8	אֲשֶׁ֤ר	834 a	HTr
06oxz	Josh.19.8	סְבִיבוֹת֙	5439	HNcbpc
06ZpB	Josh.19.8	הֶֽ/עָרִ֣ים	d/5892 b	HTd/Ncfpa
061bx	Josh.19.8	הָ/אֵ֔לֶּה	d/428	HTd/Pdxcp
06xRA	Josh.19.8	עַד	5704	HR
06CvE	Josh.19.8	בַּֽעֲלַ֥ת	1192+	HNp
06Naj	Josh.19.8	בְּאֵ֖ר	1192	HNp
06mc7	Josh.19.8	רָ֣אמַת	7414	HNp
06HDd	Josh.19.8	נֶ֑גֶב	5045	HNcmsa
066Lu	Josh.19.8	זֹ֗את	2063	HPdxfs
06Bre	Josh.19.8	נַחֲלַ֛ת	5159	HNcfsc
06wyD	Josh.19.8	מַטֵּ֥ה	4294	HNcmsc
069v5	Josh.19.8	בְנֵֽי	1121 a	HNcmpc
06uBa	Josh.19.8	שִׁמְע֖וֹן	8095	HNp
066e3	Josh.19.8	לְ/מִשְׁפְּחֹתָֽ/ם	l/4940	HR/Ncfpc/Sp3mp
06Gmz	Josh.19.9	מֵ/חֶ֨בֶל֙	m/2256 a	HR/Ncbsc
064Zj	Josh.19.9	בְּנֵ֣י	1121 a	HNcmpc
065jS	Josh.19.9	יְהוּדָ֔ה	3063	HNp
062oN	Josh.19.9	נַחֲלַ֖ת	5159	HNcfsc
06xTt	Josh.19.9	בְּנֵ֣י	1121 a	HNcmpc
069sn	Josh.19.9	שִׁמְע֑וֹן	8095	HNp
06Hwe	Josh.19.9	כִּֽי	3588 a	HC
06pQs	Josh.19.9	הָיָ֞ה	1961	HVqp3ms
066DP	Josh.19.9	חֵ֤לֶק	2506 a	HNcmsc
06t2h	Josh.19.9	בְּנֵֽי	1121 a	HNcmpc
062HK	Josh.19.9	יְהוּדָה֙	3063	HNp
06Ews	Josh.19.9	רַ֣ב	7227 a	HAamsa
06PUW	Josh.19.9	מֵ/הֶ֔ם	m	HR/Sp3mp
06zuK	Josh.19.9	וַ/יִּנְחֲל֥וּ	c/5157	HC/Vqw3mp
06JQu	Josh.19.9	בְנֵֽי	1121 a	HNcmpc
06ErE	Josh.19.9	שִׁמְע֖וֹן	8095	HNp
06Lcm	Josh.19.9	בְּ/ת֥וֹךְ	b/8432	HR/Ncmsc
061X7	Josh.19.9	נַחֲלָתָֽ/ם	5159	HNcfsc/Sp3mp
0689D	Josh.19.10	וַ/יַּ֨עַל֙	c/5927	HC/Vqw3ms
06GQ6	Josh.19.10	הַ/גּוֹרָ֣ל	d/1486	HTd/Ncmsa
06qbK	Josh.19.10	הַ/שְּׁלִישִׁ֔י	d/7992	HTd/Aomsa
06iS8	Josh.19.10	לִ/בְנֵ֥י	l/1121 a	HR/Ncmpc
06dHp	Josh.19.10	זְבוּלֻ֖ן	2074	HNp
06p5f	Josh.19.10	לְ/מִשְׁפְּחֹתָ֑/ם	l/4940	HR/Ncfpc/Sp3mp
06DJ7	Josh.19.10	וַ/יְהִ֛י	c/1961	HC/Vqw3ms
06cbQ	Josh.19.10	גְּב֥וּל	1366	HNcmsc
06xRe	Josh.19.10	נַחֲלָתָ֖/ם	5159	HNcfsc/Sp3mp
06ZFs	Josh.19.10	עַד	5704	HR
06H6b	Josh.19.10	שָׂרִֽיד	8301	HNp
06JGX	Josh.19.11	וְ/עָלָ֨ה	c/5927	HC/Vqp3ms
06rb5	Josh.19.11	גְבוּלָ֧/ם	1366	HNcmsc/Sp3mp
06saF	Josh.19.11	לַ/יָּ֛מָּ/ה	l/3220	HRd/Ncmsa/Sd
06URH	Josh.19.11	וּ/מַרְעֲלָ֖ה	c/4831	HC/Np
064Bm	Josh.19.11	וּ/פָגַ֣ע	c/6293	HC/Vqp3ms
06AEb	Josh.19.11	בְּ/דַבָּ֑שֶׁת	b/1708	HR/Np
06aam	Josh.19.11	וּ/פָגַע֙	c/6293	HC/Vqp3ms
06LQ5	Josh.19.11	אֶל	413	HR
06sB6	Josh.19.11	הַ/נַּ֔חַל	d/5158 a	HTd/Ncmsa
06AD1	Josh.19.11	אֲשֶׁ֖ר	834 a	HTr
06VV7	Josh.19.11	עַל	5921 a	HR
06trR	Josh.19.11	פְּנֵ֥י	6440	HNcbpc
06xPR	Josh.19.11	יָקְנְעָֽם	3362	HNp
06oKK	Josh.19.12	וְ/שָׁ֣ב	c/7725	HC/Vqp3ms
06yyH	Josh.19.12	מִ/שָּׂרִ֗יד	m/8301	HR/Np
06LPs	Josh.19.12	קֵ֚דְמָ/ה	6924 b	HNcmsa/Sd
06XWM	Josh.19.12	מִזְרַ֣ח	4217	HNcmsc
06jwr	Josh.19.12	הַ/שֶּׁ֔מֶשׁ	d/8121	HTd/Ncbsa
06qua	Josh.19.12	עַל	5921 a	HR
06ky1	Josh.19.12	גְּב֥וּל	1366	HNcmsc
06Ag3	Josh.19.12	כִּסְלֹ֖ת	3696+	HNp
06PK4	Josh.19.12	תָּבֹ֑ר	3696	HNp
06Dyz	Josh.19.12	וְ/יָצָ֥א	c/3318	HC/Vqp3ms
06zxQ	Josh.19.12	אֶל	413	HR
06TqK	Josh.19.12	הַ/דָּֽבְרַ֖ת	d/1705	HTd/Np
06bn2	Josh.19.12	וְ/עָלָ֥ה	c/5927	HC/Vqp3ms
06ySt	Josh.19.12	יָפִֽיעַ	3309	HNp
06hyc	Josh.19.13	וּ/מִ/שָּׁ֤ם	c/m/8033	HC/R/D
06vka	Josh.19.13	עָבַר֙	5674 a	HVqp3ms
06NTY	Josh.19.13	קֵ֣דְמָ/ה	6924 b	HNcmsa/Sd
06nfk	Josh.19.13	מִזְרָ֔חָ/ה	4217	HNcmsa/Sd
06pd3	Josh.19.13	גִּתָּ֥/ה	1662+	HNp/Sd
06Ash	Josh.19.13	חֵ֖פֶר	1662	HNp
069UV	Josh.19.13	עִתָּ֣ה	6278+	HNp
06n7q	Josh.19.13	קָצִ֑ין	6278	HNp
068XN	Josh.19.13	וְ/יָצָ֛א	c/3318	HC/Vqp3ms
06bGY	Josh.19.13	רִמּ֥וֹן	7417 c	HNp
06Sqa	Josh.19.13	הַ/מְּתֹאָ֖ר	d/8388 a	HTd/VPsmsa
06QV1	Josh.19.13	הַ/נֵּעָֽה	d/5269	HTd/Np
06CDj	Josh.19.14	וְ/נָסַ֤ב	c/5437	HC/VNp3ms
06XFL	Josh.19.14	אֹת/וֹ֙	853	HTo/Sp3ms
0697C	Josh.19.14	הַ/גְּב֔וּל	d/1366	HTd/Ncmsa
06SXF	Josh.19.14	מִ/צְּפ֖וֹן	m/6828	HR/Ncfsc
06gSv	Josh.19.14	חַנָּתֹ֑ן	2615	HNp
06GF5	Josh.19.14	וְ/הָיוּ֙	c/1961	HC/Vqp3cp
06XX2	Josh.19.14	תֹּֽצְאֹתָ֔י/ו	8444	HNcfpc/Sp3ms
06rFn	Josh.19.14	גֵּ֖י	1516	HNcbsc
069SJ	Josh.19.14	יִפְתַּח	3317+	HNp
062Ps	Josh.19.14	אֵֽל	3317	HNp
065gH	Josh.19.15	וְ/קַטָּ֤ת	c/7005	HC/Np
06uuJ	Josh.19.15	וְ/נַֽהֲלָל֙	c/5096	HC/Np
06FMm	Josh.19.15	וְ/שִׁמְר֔וֹן	c/8110 a	HC/Np
06kNs	Josh.19.15	וְ/יִדְאֲלָ֖ה	c/3030	HC/Np
06Rxh	Josh.19.15	וּ/בֵ֣ית	c/1035+	HC/Np
06atm	Josh.19.15	לָ֑חֶם	1035	HNp
06XKf	Josh.19.15	עָרִ֥ים	5892 b	HNcfpa
06vNz	Josh.19.15	שְׁתֵּים	8147	HAcfda
06oQN	Josh.19.15	עֶשְׂרֵ֖ה	6240	HAcfsa
066xQ	Josh.19.15	וְ/חַצְרֵי/הֶֽן	c/2691 b	HC/Ncbpc/Sp3fp
06zcE	Josh.19.16	זֹ֛את	2063	HPdxfs
06rj8	Josh.19.16	נַחֲלַ֥ת	5159	HNcfsc
06Ap9	Josh.19.16	בְּנֵֽי	1121 a	HNcmpc
06s51	Josh.19.16	זְבוּלֻ֖ן	2074	HNp
06Xxq	Josh.19.16	לְ/מִשְׁפְּחוֹתָ֑/ם	l/4940	HR/Ncfpc/Sp3mp
06Hio	Josh.19.16	הֶֽ/עָרִ֥ים	d/5892 b	HTd/Ncfpa
06mRW	Josh.19.16	הָ/אֵ֖לֶּה	d/428	HTd/Pdxcp
06BBb	Josh.19.16	וְ/חַצְרֵי/הֶֽן	c/2691 b	HC/Ncbpc/Sp3fp
0651b	Josh.19.17	לְ/יִ֨שָּׂשכָ֔ר	l/3485	HR/Np
06rJW	Josh.19.17	יָצָ֖א	3318	HVqp3ms
064Xf	Josh.19.17	הַ/גּוֹרָ֣ל	d/1486	HTd/Ncmsa
06c89	Josh.19.17	הָֽ/רְבִיעִ֑י	d/7243	HTd/Aomsa
06AVx	Josh.19.17	לִ/בְנֵ֥י	l/1121 a	HR/Ncmpc
06cVH	Josh.19.17	יִשָּׂשכָ֖ר	3485	HNp
06xda	Josh.19.17	לְ/מִשְׁפְּחוֹתָֽ/ם	l/4940	HR/Ncfpc/Sp3mp
06bZh	Josh.19.18	וַ/יְהִ֖י	c/1961	HC/Vqw3ms
06j6W	Josh.19.18	גְּבוּלָ֑/ם	1366	HNcmsc/Sp3mp
06wgp	Josh.19.18	יִזְרְעֶ֥אלָ/ה	3157	HNp/Sd
06cfF	Josh.19.18	וְ/הַ/כְּסוּלֹ֖ת	c/d/3694	HC/Td/Np
06UXY	Josh.19.18	וְ/שׁוּנֵֽם	c/7766	HC/Np
06iwQ	Josh.19.19	וַ/חֲפָרַ֥יִם	c/2663	HC/Np
06A33	Josh.19.19	וְ/שִׁיאֹ֖ן	c/7866	HC/Np
06BF1	Josh.19.19	וַ/אֲנָחֲרַֽת	c/588	HC/Np
06xsk	Josh.19.20	וְ/הָֽ/רַבִּ֥ית	c/d/7245	HC/Td/Np
06CmJ	Josh.19.20	וְ/קִשְׁי֖וֹן	c/7191	HC/Np
06Q6h	Josh.19.20	וָ/אָֽבֶץ	c/77	HC/Np
06RXX	Josh.19.21	וְ/רֶ֧מֶת	c/7432	HC/Np
063ku	Josh.19.21	וְ/עֵין	c/5873+	HC/Np
06VvV	Josh.19.21	גַּנִּ֛ים	5873	HNp
0652W	Josh.19.21	וְ/עֵ֥ין	c/5876+	HC/Np
06FHV	Josh.19.21	חַדָּ֖ה	5876	HNp
06vLx	Josh.19.21	וּ/בֵ֥ית	c/1048+	HC/Np
06E9J	Josh.19.21	פַּצֵּֽץ	1048	HNp
06Ywv	Josh.19.22	וּ/פָגַע֩	c/6293	HC/Vqp3ms
06XxP	Josh.19.22	הַ/גְּב֨וּל	d/1366	HTd/Ncmsa
06NpM	Josh.19.22	בְּ/תָב֤וֹר	b/8396	HR/Np
066bK	Josh.19.22	ו/שחצומ/ה	c/7831	HC/Np/Sd
06Xp8	Josh.19.22	וְ/שַׁחֲצִ֨ימָ/ה֙	c/7831	HC/Np/Sd
06Ec1	Josh.19.22	וּ/בֵ֣ית	c/1053+	HC/Np
06WDd	Josh.19.22	שֶׁ֔מֶשׁ	1053	HNp
06H54	Josh.19.22	וְ/הָי֛וּ	c/1961	HC/Vqp3cp
06UQb	Josh.19.22	תֹּצְא֥וֹת	8444	HNcfpc
061hg	Josh.19.22	גְּבוּלָ֖/ם	1366	HNcmsc/Sp3mp
06Fdw	Josh.19.22	הַ/יַּרְדֵּ֑ן	d/3383	HTd/Np
062kE	Josh.19.22	עָרִ֥ים	5892 b	HNcfpa
06Spd	Josh.19.22	שֵׁשׁ	8337	HAcfsa
06dd7	Josh.19.22	עֶשְׂרֵ֖ה	6240	HAcfsa
06153	Josh.19.22	וְ/חַצְרֵי/הֶֽן	c/2691 b	HC/Ncbpc/Sp3fp
06hYW	Josh.19.23	זֹ֗את	2063	HPdxfs
06QQR	Josh.19.23	נַחֲלַ֛ת	5159	HNcfsc
06j1m	Josh.19.23	מַטֵּ֥ה	4294	HNcmsc
06iCq	Josh.19.23	בְנֵֽי	1121 a	HNcmpc
067jm	Josh.19.23	יִשָּׂשכָ֖ר	3485	HNp
06aBh	Josh.19.23	לְ/מִשְׁפְּחֹתָ֑/ם	l/4940	HR/Ncfpc/Sp3mp
06PWQ	Josh.19.23	הֶ/עָרִ֖ים	d/5892 b	HTd/Ncfpa
0611E	Josh.19.23	וְ/חַצְרֵי/הֶֽן	c/2691 b	HC/Ncbpc/Sp3fp
06Qi4	Josh.19.24	וַ/יֵּצֵא֙	c/3318	HC/Vqw3ms
06J3C	Josh.19.24	הַ/גּוֹרָ֣ל	d/1486	HTd/Ncmsa
06JvL	Josh.19.24	הַֽ/חֲמִישִׁ֔י	d/2549	HTd/Aomsa
06kuj	Josh.19.24	לְ/מַטֵּ֥ה	l/4294	HR/Ncmsc
06Eg2	Josh.19.24	בְנֵֽי	1121 a	HNcmpc
06MeU	Josh.19.24	אָשֵׁ֖ר	836	HNp
06Ap7	Josh.19.24	לְ/מִשְׁפְּחוֹתָֽ/ם	l/4940	HR/Ncfpc/Sp3mp
06SX8	Josh.19.25	וַ/יְהִ֖י	c/1961	HC/Vqw3ms
06VEh	Josh.19.25	גְּבוּלָ֑/ם	1366	HNcmsc/Sp3mp
067PM	Josh.19.25	חֶלְקַ֥ת	2520	HNp
06S3p	Josh.19.25	וַ/חֲלִ֖י	c/2482	HC/Np
06Cjf	Josh.19.25	וָ/בֶ֥טֶן	c/991	HC/Np
069Hn	Josh.19.25	וְ/אַכְשָֽׁף	c/407	HC/Np
06ATZ	Josh.19.26	וְ/אַֽלַמֶּ֥לֶךְ	c/487	HC/Np
06sm7	Josh.19.26	וְ/עַמְעָ֖ד	c/6008	HC/Np
06KBq	Josh.19.26	וּ/מִשְׁאָ֑ל	c/4861	HC/Np
06444	Josh.19.26	וּ/פָגַ֤ע	c/6293	HC/Vqp3ms
06af4	Josh.19.26	בְּ/כַרְמֶל֙	b/3760	HR/Np
06aur	Josh.19.26	הַ/יָּ֔מָּ/ה	d/3220	HTd/Ncmsa/Sd
06miR	Josh.19.26	וּ/בְ/שִׁיח֖וֹר	c/b/7884+	HC/R/Np
06SkN	Josh.19.26	לִבְנָֽת	7884	HNp
06REw	Josh.19.27	וְ/שָׁ֨ב	c/7725	HC/Vqp3ms
06Jvd	Josh.19.27	מִזְרַ֣ח	4217	HNcmsc
06or5	Josh.19.27	הַ/שֶּׁמֶשׁ֮	d/8121	HTd/Ncbsa
062gE	Josh.19.27	בֵּ֣ית	1016+	HNp
06TCm	Josh.19.27	דָּגֹן֒	1016	HNp
063Fz	Josh.19.27	וּ/פָגַ֣ע	c/6293	HC/Vqp3ms
06vxS	Josh.19.27	בִּ֠/זְבֻלוּן	b/2074	HR/Np
06QBy	Josh.19.27	וּ/בְ/גֵ֨י	c/b/1516	HC/R/Ncbsc
06HPx	Josh.19.27	יִפְתַּח	3317+	HNp
06K2T	Josh.19.27	אֵ֥ל	3317	HNp
06JVT	Josh.19.27	צָפ֛וֹנָ/ה	6828	HNcfsa/Sd
06HN7	Josh.19.27	בֵּ֥ית	1025+	HNp
06VhQ	Josh.19.27	הָעֵ֖מֶק	1025	HNp
06uUs	Josh.19.27	וּ/נְעִיאֵ֑ל	c/5272	HC/Np
06YLv	Josh.19.27	וְ/יָצָ֥א	c/3318	HC/Vqp3ms
06yjM	Josh.19.27	אֶל	413	HR
06CzW	Josh.19.27	כָּב֖וּל	3521	HNp
06ewW	Josh.19.27	מִ/שְּׂמֹֽאל	m/8040	HR/Ncmsa
069mZ	Josh.19.28	וְ/עֶבְרֹ֥ן	c/5683	HC/Np
06rYQ	Josh.19.28	וּ/רְחֹ֖ב	c/7340	HC/Np
069hw	Josh.19.28	וְ/חַמּ֣וֹן	c/2540	HC/Np
06bTH	Josh.19.28	וְ/קָנָ֑ה	c/7071	HC/Np
06gBC	Josh.19.28	עַ֖ד	5704	HR
06kqr	Josh.19.28	צִיד֥וֹן	6721	HNp
06Lp8	Josh.19.28	רַבָּֽה	7227 a	HAafsa
06d64	Josh.19.29	וְ/שָׁ֤ב	c/7725	HC/Vqp3ms
06iFq	Josh.19.29	הַ/גְּבוּל֙	d/1366	HTd/Ncmsa
06vxK	Josh.19.29	הָֽ/רָמָ֔ה	d/7414	HTd/Np
06yof	Josh.19.29	וְ/עַד	c/5704	HC/R
06oDp	Josh.19.29	עִ֖יר	5892 b	HNcfsc
06QAJ	Josh.19.29	מִבְצַר	4013	HNcmsc
06bhk	Josh.19.29	צֹ֑ר	6865	HNp
06CGK	Josh.19.29	וְ/שָׁ֤ב	c/7725	HC/Vqp3ms
06XkE	Josh.19.29	הַ/גְּבוּל֙	d/1366	HTd/Ncmsa
06LaG	Josh.19.29	חֹסָ֔ה	2621	HNp
063RD	Josh.19.29	ו/יהיו	c/1961	HC/Vqi3mp
06rid	Josh.19.29	וְ/הָי֧וּ	c/1961	HC/Vqp3cp
06Evb	Josh.19.29	תֹצְאֹתָ֛י/ו	8444	HNcfpc/Sp3ms
06fAh	Josh.19.29	הַ/יָּ֖מָּ/ה	d/3220	HTd/Ncmsa/Sd
06VTn	Josh.19.29	מֵ/חֶ֥בֶל	m/2256 a	HR/Ncbsa
061Ff	Josh.19.29	אַכְזִֽיבָ/ה	392	HNp/Sd
06TqE	Josh.19.30	וְ/עֻמָ֥ה	c/5981	HC/Np
0658v	Josh.19.30	וַ/אֲפֵ֖ק	c/663	HC/Np
06f5S	Josh.19.30	וּ/רְחֹ֑ב	c/7340	HC/Np
06R8R	Josh.19.30	עָרִ֛ים	5892 b	HNcfpa
063G3	Josh.19.30	עֶשְׂרִ֥ים	6242	HAcbpa
06ShE	Josh.19.30	וּ/שְׁתַּ֖יִם	c/8147	HC/Acfda
06xk4	Josh.19.30	וְ/חַצְרֵי/הֶֽן	c/2691 b	HC/Ncbpc/Sp3fp
06SvA	Josh.19.31	זֹ֗את	2063	HPdxfs
06cZL	Josh.19.31	נַחֲלַ֛ת	5159	HNcfsc
06wcc	Josh.19.31	מַטֵּ֥ה	4294	HNcmsc
065Bn	Josh.19.31	בְנֵֽי	1121 a	HNcmpc
06mD7	Josh.19.31	אָשֵׁ֖ר	836	HNp
06jiL	Josh.19.31	לְ/מִשְׁפְּחֹתָ֑/ם	l/4940	HR/Ncfpc/Sp3mp
06id5	Josh.19.31	הֶ/עָרִ֥ים	d/5892 b	HTd/Ncfpa
06UWS	Josh.19.31	הָ/אֵ֖לֶּה	d/428	HTd/Pdxcp
06oQp	Josh.19.31	וְ/חַצְרֵי/הֶֽן	c/2691 b	HC/Ncbpc/Sp3fp
06yDf	Josh.19.32	לִ/בְנֵ֣י	l/1121 a	HR/Ncmpc
06zJN	Josh.19.32	נַפְתָּלִ֔י	5321	HNp
06Wfy	Josh.19.32	יָצָ֖א	3318	HVqp3ms
06f69	Josh.19.32	הַ/גּוֹרָ֣ל	d/1486	HTd/Ncmsa
06hnq	Josh.19.32	הַ/שִּׁשִּׁ֑י	d/8345	HTd/Aomsa
069UP	Josh.19.32	לִ/בְנֵ֥י	l/1121 a	HR/Ncmpc
06WgV	Josh.19.32	נַפְתָּלִ֖י	5321	HNp
06cVd	Josh.19.32	לְ/מִשְׁפְּחֹתָֽ/ם	l/4940	HR/Ncfpc/Sp3mp
062xb	Josh.19.33	וַ/יְהִ֣י	c/1961	HC/Vqw3ms
06yF8	Josh.19.33	גְבוּלָ֗/ם	1366	HNcmsc/Sp3mp
06aHR	Josh.19.33	מֵ/חֵ֨לֶף	m/2501	HR/Np
068sC	Josh.19.33	מֵֽ/אֵל֜וֹן	m/438	HR/Ncmsa
06ure	Josh.19.33	בְּ/צַעֲנַנִּ֗ים	b/6815	HR/Np
06RJK	Josh.19.33	וַ/אֲדָמִ֥י	c/129	HC/Np
06uCp	Josh.19.33	הַנֶּ֛קֶב	5346	HNp
06iNC	Josh.19.33	וְ/יַבְנְאֵ֖ל	c/2995	HC/Np
069jD	Josh.19.33	עַד	5704	HR
06DTS	Josh.19.33	לַקּ֑וּם	3946	HNp
06LQV	Josh.19.33	וַ/יְהִ֥י	c/1961	HC/Vqw3ms
06fA6	Josh.19.33	תֹצְאֹתָ֖י/ו	8444	HNcfpc/Sp3ms
067Rw	Josh.19.33	הַ/יַּרְדֵּֽן	d/3383	HTd/Np
06XN3	Josh.19.34	וְ/שָׁ֨ב	c/7725	HC/Vqp3ms
06PHo	Josh.19.34	הַ/גְּב֥וּל	d/1366	HTd/Ncmsa
06RKm	Josh.19.34	יָ֨מָּ/ה֙	3220	HNcmsa/Sd
06PbU	Josh.19.34	אַזְנ֣וֹת	243+	HNp
06rD6	Josh.19.34	תָּב֔וֹר	243	HNp
06dL6	Josh.19.34	וְ/יָצָ֥א	c/3318	HC/Vqp3ms
06ZyC	Josh.19.34	מִ/שָּׁ֖ם	m/8033	HR/D
06pxD	Josh.19.34	חוּקֹ֑קָ/ה	2712 a	HNp/Sd
06NTM	Josh.19.34	וּ/פָגַ֨ע	c/6293	HC/Vqp3ms
06BVM	Josh.19.34	בִּ/זְבֻל֜וּן	b/2074	HR/Np
061Fv	Josh.19.34	מִ/נֶּ֗גֶב	m/5045	HR/Ncmsa
06G37	Josh.19.34	וּ/בְ/אָשֵׁר֙	c/b/836	HC/R/Np
06GtA	Josh.19.34	פָּגַ֣ע	6293	HVqp3ms
066Lg	Josh.19.34	מִ/יָּ֔ם	m/3220	HR/Ncmsa
06m6w	Josh.19.34	וּ/בִ֣/יהוּדָ֔ה	c/b/3063	HC/R/Np
06ioA	Josh.19.34	הַ/יַּרְדֵּ֖ן	d/3383	HTd/Np
06BVU	Josh.19.34	מִזְרַ֥ח	4217	HNcmsc
061vd	Josh.19.34	הַ/שָּֽׁמֶשׁ	d/8121	HTd/Ncbsa
06FE1	Josh.19.35	וְ/עָרֵ֖י	c/5892 b	HC/Ncfpc
06FQw	Josh.19.35	מִבְצָ֑ר	4013	HNcmsa
067J8	Josh.19.35	הַ/צִּדִּ֣ים	d/6661	HTd/Np
06qCk	Josh.19.35	צֵ֔ר	6863	HNp
06Y7B	Josh.19.35	וְ/חַמַּ֖ת	c/2575 a	HC/Np
06pJg	Josh.19.35	רַקַּ֥ת	7557	HNp
06ePU	Josh.19.35	וְ/כִנָּֽרֶת	c/3672	HC/Np
06QRm	Josh.19.36	וַ/אֲדָמָ֥ה	c/128	HC/Np
06sjY	Josh.19.36	וְ/הָ/רָמָ֖ה	c/d/7414	HC/Td/Np
06LFe	Josh.19.36	וְ/חָצֽוֹר	c/2674	HC/Np
06HZs	Josh.19.37	וְ/קֶ֥דֶשׁ	c/6943	HC/Np
06MMZ	Josh.19.37	וְ/אֶדְרֶ֖עִי	c/154	HC/Np
06iuh	Josh.19.37	וְ/עֵ֥ין	c/5877+	HC/Np
061TP	Josh.19.37	חָצֽוֹר	5877	HNp
06Muu	Josh.19.38	וְ/יִרְאוֹן֙	c/3375	HC/Np
06JXG	Josh.19.38	וּ/מִגְדַּל	c/4027+	HC/Np
06V7e	Josh.19.38	אֵ֔ל	4027	HNp
06zEv	Josh.19.38	חֳרֵ֥ם	2765	HNp
06Az9	Josh.19.38	וּ/בֵית	c/1043+	HC/Np
06KsP	Josh.19.38	עֲנָ֖ת	1043	HNp
0657u	Josh.19.38	וּ/בֵ֣ית	c/1053+	HC/Np
06XUn	Josh.19.38	שָׁ֑מֶשׁ	1053	HNp
06mnU	Josh.19.38	עָרִ֥ים	5892 b	HNcfpa
063uB	Josh.19.38	תְּשַֽׁע	8672	HAcfsa
06bE2	Josh.19.38	עֶשְׂרֵ֖ה	6240	HAcfsa
06kyK	Josh.19.38	וְ/חַצְרֵי/הֶֽן	c/2691 b	HC/Ncbpc/Sp3fp
06AcS	Josh.19.39	זֹ֗את	2063	HPdxfs
06Ui1	Josh.19.39	נַחֲלַ֛ת	5159	HNcfsc
06qzt	Josh.19.39	מַטֵּ֥ה	4294	HNcmsc
061Yv	Josh.19.39	בְנֵֽי	1121 a	HNcmpc
06unw	Josh.19.39	נַפְתָּלִ֖י	5321	HNp
06xed	Josh.19.39	לְ/מִשְׁפְּחֹתָ֑/ם	l/4940	HR/Ncfpc/Sp3mp
06Ld9	Josh.19.39	הֶ/עָרִ֖ים	d/5892 b	HTd/Ncfpa
06mVS	Josh.19.39	וְ/חַצְרֵי/הֶֽן	c/2691 b	HC/Ncbpc/Sp3fp
06LHh	Josh.19.40	לְ/מַטֵּ֥ה	l/4294	HR/Ncmsc
06vvz	Josh.19.40	בְנֵי	1121 a	HNcmpc
06h7f	Josh.19.40	דָ֖ן	1835	HNp
06ai6	Josh.19.40	לְ/מִשְׁפְּחֹתָ֑/ם	l/4940	HR/Ncfpc/Sp3mp
06PHM	Josh.19.40	יָצָ֖א	3318	HVqp3ms
06Loh	Josh.19.40	הַ/גּוֹרָ֥ל	d/1486	HTd/Ncmsa
06jbt	Josh.19.40	הַ/שְּׁבִיעִֽי	d/7637	HTd/Aomsa
06whp	Josh.19.41	וַ/יְהִ֖י	c/1961	HC/Vqw3ms
06DeS	Josh.19.41	גְּב֣וּל	1366	HNcmsc
06TDX	Josh.19.41	נַחֲלָתָ֑/ם	5159	HNcfsc/Sp3mp
06kew	Josh.19.41	צָרְעָ֥ה	6881	HNp
064a7	Josh.19.41	וְ/אֶשְׁתָּא֖וֹל	c/847	HC/Np
06Vw1	Josh.19.41	וְ/עִ֥יר	c/5905+	HC/Np
06AbP	Josh.19.41	שָֽׁמֶשׁ	5905	HNp
06XC7	Josh.19.42	וְ/שַֽׁעֲלַבִּ֥ין	c/8169	HC/Np
06kSM	Josh.19.42	וְ/אַיָּל֖וֹן	c/357	HC/Np
067Wp	Josh.19.42	וְ/יִתְלָֽה	c/3494	HC/Np
06i1E	Josh.19.43	וְ/אֵיל֥וֹן	c/356	HC/Np
06Aby	Josh.19.43	וְ/תִמְנָ֖תָ/ה	c/8553	HC/Np/Sd
06dEB	Josh.19.43	וְ/עֶקְרֽוֹן	c/6138	HC/Np
06fQk	Josh.19.44	וְ/אֶלְתְּקֵ֥ה	c/514	HC/Np
06bgn	Josh.19.44	וְ/גִבְּת֖וֹן	c/1405	HC/Np
06TM2	Josh.19.44	וּ/בַעֲלָֽת	c/1191	HC/Np
06k7d	Josh.19.45	וִ/יהֻ֥ד	c/3055	HC/Np
06WXj	Josh.19.45	וּ/בְנֵֽי	c/1139+	HC/Np
06Dkb	Josh.19.45	בְרַ֖ק	1139	HNp
06JBA	Josh.19.45	וְ/גַת	c/1667+	HC/Np
06ZFp	Josh.19.45	רִמּֽוֹן	1667	HNp
06jzs	Josh.19.46	וּ/מֵ֥י	c/4313+	HC/Np
06SJc	Josh.19.46	הַיַּרְק֖וֹן	4313	HNp
06drC	Josh.19.46	וְ/הָֽ/רַקּ֑וֹן	c/d/7542	HC/Td/Np
06UiC	Josh.19.46	עִֽם	5973 a	HR
06qKv	Josh.19.46	הַ/גְּב֖וּל	d/1366	HTd/Ncmsa
06CuC	Josh.19.46	מ֥וּל	4136	HR
06CZ7	Josh.19.46	יָפֽוֹ	3305	HNp
06vXD	Josh.19.47	וַ/יֵּצֵ֥א	c/3318	HC/Vqw3ms
06Ph4	Josh.19.47	גְבוּל	1366	HNcmsc
06YV4	Josh.19.47	בְּנֵי	1121 a	HNcmpc
06XUH	Josh.19.47	דָ֖ן	1835	HNp
061ZZ	Josh.19.47	מֵ/הֶ֑ם	m	HR/Sp3mp
06QGw	Josh.19.47	וַ/יַּעֲל֣וּ	c/5927	HC/Vqw3mp
06phZ	Josh.19.47	בְנֵֽי	1121 a	HNcmpc
06ytA	Josh.19.47	דָ֠ן	1835	HNp
06dor	Josh.19.47	וַ/יִּלָּחֲמ֨וּ	c/3898 a	HC/VNw3mp
06kRt	Josh.19.47	עִם	5973 a	HR
06p5S	Josh.19.47	לֶ֜שֶׁם	3959	HNp
066AX	Josh.19.47	וַ/יִּלְכְּד֥וּ	c/3920	HC/Vqw3mp
06rCA	Josh.19.47	אוֹתָ֣/הּ	853	HTo/Sp3fs
06st4	Josh.19.47	וַ/יַּכּ֧וּ	c/5221	HC/Vhw3mp
06xDN	Josh.19.47	אוֹתָ֣/הּ	853	HTo/Sp3fs
06uhF	Josh.19.47	לְ/פִי	l/6310	HR/Ncmsc
06Feh	Josh.19.47	חֶ֗רֶב	2719	HNcfsa
06Uiv	Josh.19.47	וַ/יִּֽרְשׁ֤וּ	c/3423	HC/Vqw3mp
06qY1	Josh.19.47	אוֹתָ/הּ֙	853	HTo/Sp3fs
06Eh1	Josh.19.47	וַ/יֵּ֣שְׁבוּ	c/3427	HC/Vqw3mp
06TcL	Josh.19.47	בָ֔/הּ	b	HR/Sp3fs
0657W	Josh.19.47	וַ/יִּקְרְא֤וּ	c/7121	HC/Vqw3mp
068WE	Josh.19.47	לְ/לֶ֨שֶׁם֙	l/3959	HR/Np
06sZh	Josh.19.47	דָּ֔ן	1835	HNp
06hW6	Josh.19.47	כְּ/שֵׁ֖ם	k/8034	HR/Ncmsc
06Fjn	Josh.19.47	דָּ֥ן	1835	HNp
06NMJ	Josh.19.47	אֲבִי/הֶֽם	1	HNcmsc/Sp3mp
06KgD	Josh.19.48	זֹ֗את	2063	HPdxfs
06o41	Josh.19.48	נַחֲלַ֛ת	5159	HNcfsc
06Q19	Josh.19.48	מַטֵּ֥ה	4294	HNcmsc
06M82	Josh.19.48	בְנֵי	1121 a	HNcmpc
06FQt	Josh.19.48	דָ֖ן	1835	HNp
066U3	Josh.19.48	לְ/מִשְׁפְּחֹתָ֑/ם	l/4940	HR/Ncfpc/Sp3mp
0677g	Josh.19.48	הֶֽ/עָרִ֥ים	d/5892 b	HTd/Ncfpa
06Njc	Josh.19.48	הָ/אֵ֖לֶּה	d/428	HTd/Pdxcp
06vvs	Josh.19.48	וְ/חַצְרֵי/הֶֽן	c/2691 b	HC/Ncbpc/Sp3fp
06kh1	Josh.19.49	וַ/יְכַלּ֥וּ	c/3615	HC/Vpw3mp
06HfB	Josh.19.49	לִ/נְחֹל	l/5157	HR/Vqc
061Hv	Josh.19.49	אֶת	853	HTo
06y4b	Josh.19.49	הָ/אָ֖רֶץ	d/776	HTd/Ncbsa
06ULW	Josh.19.49	לִ/גְבֽוּלֹתֶ֑י/הָ	l/1367	HR/Ncfpc/Sp3fs
06GUN	Josh.19.49	וַ/יִּתְּנ֨וּ	c/5414	HC/Vqw3mp
06yfp	Josh.19.49	בְנֵי	1121 a	HNcmpc
06szn	Josh.19.49	יִשְׂרָאֵ֧ל	3478	HNp
06334	Josh.19.49	נַחֲלָ֛ה	5159	HNcfsa
06Qde	Josh.19.49	לִ/יהוֹשֻׁ֥עַ	l/3091	HR/Np
06K62	Josh.19.49	בִּן	1121 a	HNcmsc
06dBK	Josh.19.49	נ֖וּן	5126	HNp
06J89	Josh.19.49	בְּ/תוֹכָֽ/ם	b/8432	HR/Ncmsc/Sp3mp
06iLi	Josh.19.50	עַל	5921 a	HR
06tFm	Josh.19.50	פִּ֨י	6310	HNcmsc
06kxU	Josh.19.50	יְהוָ֜ה	3068	HNp
06Wsw	Josh.19.50	נָ֣תְנוּ	5414	HVqp3cp
06BjS	Josh.19.50	ל֗/וֹ	l	HR/Sp3ms
06Xcv	Josh.19.50	אֶת	853	HTo
06PRu	Josh.19.50	הָ/עִיר֙	d/5892 b	HTd/Ncfsa
06mZG	Josh.19.50	אֲשֶׁ֣ר	834 a	HTr
06BVn	Josh.19.50	שָׁאָ֔ל	7592	HVqp3ms
06FZr	Josh.19.50	אֶת	853	HTo
06upQ	Josh.19.50	תִּמְנַת	8556 b	HNp
06VzQ	Josh.19.50	סֶ֖רַח	8556 b	HNp
06Ym9	Josh.19.50	בְּ/הַ֣ר	b/2022	HR/Ncmsc
06xhV	Josh.19.50	אֶפְרָ֑יִם	669	HNp
06rLw	Josh.19.50	וַ/יִּבְנֶ֥ה	c/1129	HC/Vqw3ms
06tc3	Josh.19.50	אֶת	853	HTo
06Asj	Josh.19.50	הָ/עִ֖יר	d/5892 b	HTd/Ncfsa
06ZFJ	Josh.19.50	וַ/יֵּ֥שֶׁב	c/3427	HC/Vqw3ms
06G2v	Josh.19.50	בָּֽ/הּ	b	HR/Sp3fs
06pGd	Josh.19.51	אֵ֣לֶּה	428	HPdxcp
06S8b	Josh.19.51	הַ/נְּחָלֹ֡ת	d/5159	HTd/Ncfpa
06QfR	Josh.19.51	אֲשֶׁ֣ר	834 a	HTr
06a9L	Josh.19.51	נִחֲל֣וּ	5157	HVpp3cp
0687i	Josh.19.51	אֶלְעָזָ֣ר	499	HNp
06HbV	Josh.19.51	הַ/כֹּהֵ֣ן	d/3548	HTd/Ncmsa
068Ef	Josh.19.51	וִ/יהוֹשֻׁ֪עַ	c/3091	HC/Np
06Jx8	Josh.19.51	בִּן	1121 a	HNcmsc
06BdY	Josh.19.51	נ֟וּן	5126	HNp
06Wgk	Josh.19.51	וְ/רָאשֵׁ֣י	c/7218 a	HC/Ncmpc
067KL	Josh.19.51	הָֽ/אָב֣וֹת	d/1	HTd/Ncmpa
06uD3	Josh.19.51	לְ/מַטּוֹת֩	l/4294	HR/Ncmpc
06Chs	Josh.19.51	בְּנֵי	1121 a	HNcmpc
06yyk	Josh.19.51	יִשְׂרָאֵ֨ל	3478	HNp
06hcZ	Josh.19.51	בְּ/גוֹרָ֤ל	b/1486	HR/Ncmsa
06dNA	Josh.19.51	בְּ/שִׁלֹה֙	b/7887	HR/Np
06RpE	Josh.19.51	לִ/פְנֵ֣י	l/6440	HR/Ncbpc
06q3b	Josh.19.51	יְהוָ֔ה	3068	HNp
06PeM	Josh.19.51	פֶּ֖תַח	6607	HNcmsc
06RXz	Josh.19.51	אֹ֣הֶל	168	HNcmsc
06aju	Josh.19.51	מוֹעֵ֑ד	4150	HNcmsa
069mk	Josh.19.51	וַ/יְכַלּ֕וּ	c/3615	HC/Vpw3mp
06dWz	Josh.19.51	מֵֽ/חַלֵּ֖ק	m/2505 a	HR/Vpc
06hpc	Josh.19.51	אֶת	853	HTo
0665B	Josh.19.51	הָ/אָֽרֶץ	d/776	HTd/Ncbsa
0659k	Josh.20.1	וַ/יְדַבֵּ֣ר	c/1696	HC/Vpw3ms
06G4x	Josh.20.1	יְהוָ֔ה	3068	HNp
06D9r	Josh.20.1	אֶל	413	HR
06Fn5	Josh.20.1	יְהוֹשֻׁ֖עַ	3091	HNp
06u2c	Josh.20.1	לֵ/אמֹֽר	l/559	HR/Vqc
06aLU	Josh.20.2	דַּבֵּ֛ר	1696	HVpv2ms
06zxD	Josh.20.2	אֶל	413	HR
06qCS	Josh.20.2	בְּנֵ֥י	1121 a	HNcmpc
06Rt6	Josh.20.2	יִשְׂרָאֵ֖ל	3478	HNp
06fKp	Josh.20.2	לֵ/אמֹ֑ר	l/559	HR/Vqc
06Zcg	Josh.20.2	תְּנ֤וּ	5414	HVqv2mp
06ySA	Josh.20.2	לָ/כֶם֙	l	HR/Sp2mp
06qsK	Josh.20.2	אֶת	853	HTo
06dUR	Josh.20.2	עָרֵ֣י	5892 b	HNcfpc
06Xge	Josh.20.2	הַ/מִּקְלָ֔ט	d/4733	HTd/Ncmsa
06cxE	Josh.20.2	אֲשֶׁר	834 a	HTr
06NhT	Josh.20.2	דִּבַּ֥רְתִּי	1696	HVpp1cs
068rt	Josh.20.2	אֲלֵי/כֶ֖ם	413	HR/Sp2mp
06FSn	Josh.20.2	בְּ/יַד	b/3027	HR/Ncbsc
06ABP	Josh.20.2	מֹשֶֽׁה	4872	HNp
0675p	Josh.20.3	לָ/נ֥וּס	l/5127	HR/Vqc
06Zaf	Josh.20.3	שָׁ֨מָּ/ה֙	8033	HD/Sd
06PSe	Josh.20.3	רוֹצֵ֔חַ	7523	HVqrmsa
06xN1	Josh.20.3	מַכֵּה	5221	HVhrmsc
06Xkg	Josh.20.3	נֶ֥פֶשׁ	5315	HNcbsa
06vQX	Josh.20.3	בִּ/שְׁגָגָ֖ה	b/7684	HR/Ncfsa
06Vn9	Josh.20.3	בִּ/בְלִי	b/1097	HR/Ncmsc
06GiN	Josh.20.3	דָ֑עַת	1847	HNcfsa
06c4u	Josh.20.3	וְ/הָי֤וּ	c/1961	HC/Vqp3cp
06ukD	Josh.20.3	לָ/כֶם֙	l	HR/Sp2mp
06Cqq	Josh.20.3	לְ/מִקְלָ֔ט	l/4733	HR/Ncmsa
06GM2	Josh.20.3	מִ/גֹּאֵ֖ל	m/1350 a	HR/Vqrmsc
06Nac	Josh.20.3	הַ/דָּֽם	d/1818	HTd/Ncmsa
067qo	Josh.20.4	וְ/נָ֞ס	c/5127	HC/Vqq3ms
06htN	Josh.20.4	אֶל	413	HR
069N7	Josh.20.4	אַחַ֣ת	259	HAcfsa
06vNp	Josh.20.4	מֵ/הֶ/עָרִ֣ים	m/d/5892 b	HR/Td/Ncfpa
06vJK	Josh.20.4	הָ/אֵ֗לֶּה	d/428	HTd/Pdxcp
06ZQ4	Josh.20.4	וְ/עָמַד֙	c/5975	HC/Vqq3ms
06Aoa	Josh.20.4	פֶּ֚תַח	6607	HNcmsc
06g1p	Josh.20.4	שַׁ֣עַר	8179	HNcmsc
06xBa	Josh.20.4	הָ/עִ֔יר	d/5892 b	HTd/Ncfsa
06av2	Josh.20.4	וְ/דִבֶּ֛ר	c/1696	HC/Vpq3ms
06cwV	Josh.20.4	בְּ/אָזְנֵ֛י	b/241	HR/Ncfdc
06TAc	Josh.20.4	זִקְנֵ֥י	2205	HAampc
06WW6	Josh.20.4	הָ/עִֽיר	d/5892 b	HTd/Ncfsa
06hnS	Josh.20.4	הַ/הִ֖יא	d/1931	HTd/Pp3fs
06w1B	Josh.20.4	אֶת	853	HTo
06gSp	Josh.20.4	דְּבָרָ֑י/ו	1697	HNcmpc/Sp3ms
06HpS	Josh.20.4	וְ/אָסְפ֨וּ	c/622	HC/Vqp3cp
061h7	Josh.20.4	אֹת֤/וֹ	853	HTo/Sp3ms
06yT7	Josh.20.4	הָ/עִ֨ירָ/ה֙	d/5892 b	HTd/Ncfsa/Sd
06YRx	Josh.20.4	אֲלֵי/הֶ֔ם	413	HR/Sp3mp
06FHT	Josh.20.4	וְ/נָתְנוּ	c/5414	HC/Vqq3cp
06dPE	Josh.20.4	ל֥/וֹ	l	HR/Sp3ms
06XrC	Josh.20.4	מָק֖וֹם	4725	HNcmsa
06uiX	Josh.20.4	וְ/יָשַׁ֥ב	c/3427	HC/Vqq3ms
0625p	Josh.20.4	עִמָּֽ/ם	5973 a	HR/Sp3mp
06HVF	Josh.20.5	וְ/כִ֨י	c/3588 a	HC/C
06m2K	Josh.20.5	יִרְדֹּ֜ף	7291	HVqi3ms
0667o	Josh.20.5	גֹּאֵ֤ל	1350 a	HVqrmsc
06njm	Josh.20.5	הַ/דָּם֙	d/1818	HTd/Ncmsa
06b7Q	Josh.20.5	אַֽחֲרָ֔י/ו	310 a	HR/Sp3ms
06SVW	Josh.20.5	וְ/לֹֽא	c/3808	HC/Tn
06ZYw	Josh.20.5	יַסְגִּ֥רוּ	5462	HVhi3mp
069yq	Josh.20.5	אֶת	853	HTo
06dWR	Josh.20.5	הָ/רֹצֵ֖חַ	d/7523	HTd/Vqrmsa
06hto	Josh.20.5	בְּ/יָד֑/וֹ	b/3027	HR/Ncbsc/Sp3ms
06d9Z	Josh.20.5	כִּ֤י	3588 a	HC
06G9m	Josh.20.5	בִ/בְלִי	b/1097	HR/Tn
06io6	Josh.20.5	דַ֨עַת֙	1847	HNcfsa
06xWm	Josh.20.5	הִכָּ֣ה	5221	HVhp3ms
06dsU	Josh.20.5	אֶת	853	HTo
06bYp	Josh.20.5	רֵעֵ֔/הוּ	7453	HNcmsc/Sp3ms
065Qo	Josh.20.5	וְ/לֹֽא	c/3808	HC/Tn
06Ayf	Josh.20.5	שֹׂנֵ֥א	8130	HVqrmsa
06XSV	Josh.20.5	ה֛וּא	1931	HPp3ms
06tA7	Josh.20.5	ל֖/וֹ	l	HR/Sp3ms
068UE	Josh.20.5	מִ/תְּמ֥וֹל	m/8543	HR/D
06vD9	Josh.20.5	שִׁלְשֽׁוֹם	8032	HNcmsa
06c2q	Josh.20.6	וְ/יָשַׁ֣ב	c/3427	HC/Vqq3ms
06ArC	Josh.20.6	בָּ/עִ֣יר	b/5892 b	HRd/Ncfsa
06L4t	Josh.20.6	הַ/הִ֗יא	d/1931	HTd/Pp3fs
06tBV	Josh.20.6	עַד	5704	HR
06sP7	Josh.20.6	עָמְד֞/וֹ	5975	HVqc/Sp3ms
06HaF	Josh.20.6	לִ/פְנֵ֤י	l/6440	HR/Ncbpc
06r1k	Josh.20.6	הָֽ/עֵדָה֙	d/5712	HTd/Ncfsa
06S4c	Josh.20.6	לַ/מִּשְׁפָּ֔ט	l/4941	HRd/Ncmsa
06nw6	Josh.20.6	עַד	5704	HR
06sz1	Josh.20.6	מוֹת֙	4194	HNcmsc
06dYv	Josh.20.6	הַ/כֹּהֵ֣ן	d/3548	HTd/Ncmsa
06geX	Josh.20.6	הַ/גָּד֔וֹל	d/1419 a	HTd/Aamsa
06CP6	Josh.20.6	אֲשֶׁ֥ר	834 a	HTr
06zkp	Josh.20.6	יִהְיֶ֖ה	1961	HVqi3ms
06w5g	Josh.20.6	בַּ/יָּמִ֣ים	b/3117	HRd/Ncmpa
06xko	Josh.20.6	הָ/הֵ֑ם	d/1992	HTd/Pp3mp
06Xb8	Josh.20.6	אָ֣ז	227 a	HD
06vEK	Josh.20.6	יָשׁ֣וּב	7725	HVqi3ms
06BUo	Josh.20.6	הָ/רוֹצֵ֗חַ	d/7523	HTd/Vqrmsa
06Tkw	Josh.20.6	וּ/בָ֤א	c/935	HC/Vqp3ms
06mH6	Josh.20.6	אֶל	413	HR
062dU	Josh.20.6	עִיר/וֹ֙	5892 b	HNcfsc/Sp3ms
06Xtc	Josh.20.6	וְ/אֶל	c/413	HC/R
06GjZ	Josh.20.6	בֵּית֔/וֹ	1004 b	HNcmsc/Sp3ms
06zYY	Josh.20.6	אֶל	413	HR
06D36	Josh.20.6	הָ/עִ֖יר	d/5892 b	HTd/Ncfsa
062Ri	Josh.20.6	אֲשֶׁר	834 a	HTr
06HWE	Josh.20.6	נָ֥ס	5127	HVqp3ms
06TXG	Josh.20.6	מִ/שָּֽׁם	m/8033	HR/D
06z6T	Josh.20.7	וַ/יַּקְדִּ֜שׁוּ	c/6942	HC/Vhw3mp
06CnF	Josh.20.7	אֶת	853	HTo
06yqC	Josh.20.7	קֶ֤דֶשׁ	6943	HNp
06RVq	Josh.20.7	בַּ/גָּלִיל֙	b/1551	HRd/Np
06SUy	Josh.20.7	בְּ/הַ֣ר	b/2022	HR/Ncmsc
06Z4u	Josh.20.7	נַפְתָּלִ֔י	5321	HNp
06zem	Josh.20.7	וְ/אֶת	c/853	HC/To
06ULr	Josh.20.7	שְׁכֶ֖ם	7927	HNp
06RgZ	Josh.20.7	בְּ/הַ֣ר	b/2022	HR/Ncmsc
06JuZ	Josh.20.7	אֶפְרָ֑יִם	669	HNp
06Cxh	Josh.20.7	וְ/אֶת	c/853	HC/To
06sBP	Josh.20.7	קִרְיַ֥ת	7153+	HNp
06CNj	Josh.20.7	אַרְבַּ֛ע	7153	HAcfsa
06X8a	Josh.20.7	הִ֥יא	1931	HPp3fs
06N8o	Josh.20.7	חֶבְר֖וֹן	2275 a	HNp
06x8G	Josh.20.7	בְּ/הַ֥ר	b/2022	HR/Ncmsc
06PWT	Josh.20.7	יְהוּדָֽה	3063	HNp
06RGg	Josh.20.8	וּ/מֵ/עֵ֜בֶר	c/m/5676	HC/R/Ncmsa
06PN9	Josh.20.8	לְ/יַרְדֵּ֤ן	l/3383	HR/Np
06QQH	Josh.20.8	יְרִיחוֹ֙	3405	HNp
06Nk6	Josh.20.8	מִזְרָ֔חָ/ה	4217	HNcmsa/Sd
06bqe	Josh.20.8	נָתְנ֞וּ	5414	HVqp3cp
06Lo7	Josh.20.8	אֶת	853	HTo
06XkF	Josh.20.8	בֶּ֧צֶר	1221	HNp
06fzP	Josh.20.8	בַּ/מִּדְבָּ֛ר	b/4057 b	HRd/Ncmsa
06Se7	Josh.20.8	בַּ/מִּישֹׁ֖ר	b/4334	HRd/Ncmsa
06xP3	Josh.20.8	מִ/מַּטֵּ֣ה	m/4294	HR/Ncmsc
06Hqs	Josh.20.8	רְאוּבֵ֑ן	7205	HNp
06WCC	Josh.20.8	וְ/אֶת	c/853	HC/To
06MNb	Josh.20.8	רָאמֹ֤ת	7216	HNp
06BW3	Josh.20.8	בַּ/גִּלְעָד֙	b/1568	HRd/Np
06fHF	Josh.20.8	מִ/מַּטֵּה	m/4294	HR/Ncmsc
06RME	Josh.20.8	גָ֔ד	1410	HNp
069JG	Josh.20.8	וְ/אֶת	c/853	HC/To
06Gt3	Josh.20.8	גלון	1474	HNp
06H48	Josh.20.8	גּוֹלָ֥ן	1474	HNp
061jx	Josh.20.8	בַּ/בָּשָׁ֖ן	b/1316	HRd/Np
06AkN	Josh.20.8	מִ/מַּטֵּ֥ה	m/4294	HR/Ncmsc
0644o	Josh.20.8	מְנַשֶּֽׁה	4519	HNp
06FRQ	Josh.20.9	אֵ֣לֶּה	428	HPdxcp
06vJw	Josh.20.9	הָיוּ֩	1961	HVqp3cp
06HX9	Josh.20.9	עָרֵ֨י	5892 b	HNcfpc
06SHe	Josh.20.9	הַ/מּֽוּעָדָ֜ה	d/4152	HTd/Ncfsa
06HRn	Josh.20.9	לְ/כֹ֣ל	l/3605	HR/Ncmsc
06pmD	Josh.20.9	בְּנֵ֣י	1121 a	HNcmpc
063Kj	Josh.20.9	יִשְׂרָאֵ֗ל	3478	HNp
06YyV	Josh.20.9	וְ/לַ/גֵּר֙	c/l/1616	HC/Rd/Ncmsa
062m6	Josh.20.9	הַ/גָּ֣ר	d/1481 a	HTd/Vqrmsa
06AHo	Josh.20.9	בְּ/תוֹכָ֔/ם	b/8432	HR/Ncmsc/Sp3mp
06PYm	Josh.20.9	לָ/נ֣וּס	l/5127	HR/Vqc
06CnX	Josh.20.9	שָׁ֔מָּ/ה	8033	HD/Sd
06zv9	Josh.20.9	כָּל	3605	HNcmsc
06UjU	Josh.20.9	מַכֵּה	5221	HVhrmsc
06XMJ	Josh.20.9	נֶ֖פֶשׁ	5315	HNcbsa
064cS	Josh.20.9	בִּ/שְׁגָגָ֑ה	b/7684	HR/Ncfsa
06Pez	Josh.20.9	וְ/לֹ֣א	c/3808	HC/Tn
06Tmw	Josh.20.9	יָמ֗וּת	4191	HVqi3ms
06B17	Josh.20.9	בְּ/יַד֙	b/3027	HR/Ncbsc
06m7v	Josh.20.9	גֹּאֵ֣ל	1350 a	HVqrmsc
06mbr	Josh.20.9	הַ/דָּ֔ם	d/1818	HTd/Ncmsa
06d8A	Josh.20.9	עַד	5704	HR
06LDp	Josh.20.9	עָמְד֖/וֹ	5975	HVqc/Sp3ms
06EbD	Josh.20.9	לִ/פְנֵ֥י	l/6440	HR/Ncbpc
06vmr	Josh.20.9	הָ/עֵדָֽה	d/5712	HTd/Ncfsa
06gPA	Josh.21.1	וַֽ/יִּגְּשׁ֗וּ	c/5066	HC/Vqw3mp
06yrj	Josh.21.1	רָאשֵׁי֙	7218 a	HNcmpc
06rW3	Josh.21.1	אֲב֣וֹת	1	HNcmpc
067nu	Josh.21.1	הַ/לְוִיִּ֔ם	d/3881	HTd/Ngmpa
06GmY	Josh.21.1	אֶל	413	HR
06V5Z	Josh.21.1	אֶלְעָזָר֙	499	HNp
06Rks	Josh.21.1	הַ/כֹּהֵ֔ן	d/3548	HTd/Ncmsa
06PFv	Josh.21.1	וְ/אֶל	c/413	HC/R
06YrJ	Josh.21.1	יְהוֹשֻׁ֖עַ	3091	HNp
06a9C	Josh.21.1	בִּן	1121 a	HNcmsc
06y3g	Josh.21.1	נ֑וּן	5126	HNp
06N47	Josh.21.1	וְ/אֶל	c/413	HC/R
06jS9	Josh.21.1	רָאשֵׁ֛י	7218 a	HNcmpc
068nc	Josh.21.1	אֲב֥וֹת	1	HNcmpc
06kG8	Josh.21.1	הַ/מַּטּ֖וֹת	d/4294	HTd/Ncmpa
06tqG	Josh.21.1	לִ/בְנֵ֥י	l/1121 a	HR/Ncmpc
069Yc	Josh.21.1	יִשְׂרָאֵֽל	3478	HNp
06DCA	Josh.21.2	וַ/יְדַבְּר֨וּ	c/1696	HC/Vpw3mp
06znP	Josh.21.2	אֲלֵי/הֶ֜ם	413	HR/Sp3mp
06tys	Josh.21.2	בְּ/שִׁלֹ֗ה	b/7887	HR/Np
06w77	Josh.21.2	בְּ/אֶ֤רֶץ	b/776	HR/Ncbsc
069HF	Josh.21.2	כְּנַ֨עַן֙	3667 a	HNp
06b78	Josh.21.2	לֵ/אמֹ֔ר	l/559	HR/Vqc
06eSY	Josh.21.2	יְהוָה֙	3068	HNp
06Q54	Josh.21.2	צִוָּ֣ה	6680	HVpp3ms
06eVt	Josh.21.2	בְ/יַד	b/3027	HR/Ncbsc
067yH	Josh.21.2	מֹשֶׁ֔ה	4872	HNp
06th9	Josh.21.2	לָֽ/תֶת	l/5414	HR/Vqc
066p7	Josh.21.2	לָ֥/נוּ	l	HR/Sp1cp
06DuL	Josh.21.2	עָרִ֖ים	5892 b	HNcfpa
0669b	Josh.21.2	לָ/שָׁ֑בֶת	l/3427	HR/Vqc
06P68	Josh.21.2	וּ/מִגְרְשֵׁי/הֶ֖ן	c/4054	HC/Ncmpc/Sp3fp
06bdj	Josh.21.2	לִ/בְהֶמְתֵּֽ/נוּ	l/929	HR/Ncfsc/Sp1cp
06GT8	Josh.21.3	וַ/יִּתְּנ֨וּ	c/5414	HC/Vqw3mp
06f7H	Josh.21.3	בְנֵי	1121 a	HNcmpc
06o5p	Josh.21.3	יִשְׂרָאֵ֧ל	3478	HNp
06Cxf	Josh.21.3	לַ/לְוִיִּ֛ם	l/3881	HRd/Ngmpa
062gP	Josh.21.3	מִ/נַּחֲלָתָ֖/ם	m/5159	HR/Ncfsc/Sp3mp
061iN	Josh.21.3	אֶל	413	HR
06vsF	Josh.21.3	פִּ֣י	6310	HNcmsc
06KFH	Josh.21.3	יְהוָ֑ה	3068	HNp
068ey	Josh.21.3	אֶת	853	HTo
06m3Q	Josh.21.3	הֶ/עָרִ֥ים	d/5892 b	HTd/Ncfpa
068Fp	Josh.21.3	הָ/אֵ֖לֶּה	d/428	HTd/Pdxcp
06QVD	Josh.21.3	וְ/אֶת	c/853	HC/To
063Yr	Josh.21.3	מִגְרְשֵׁי/הֶֽן	4054	HNcmpc/Sp3fp
064rB	Josh.21.4	וַ/יֵּצֵ֥א	c/3318	HC/Vqw3ms
067j5	Josh.21.4	הַ/גּוֹרָ֖ל	d/1486	HTd/Ncmsa
06vMk	Josh.21.4	לְ/מִשְׁפְּחֹ֣ת	l/4940	HR/Ncfpc
06yXY	Josh.21.4	הַ/קְּהָתִ֑י	d/6956	HTd/Ngmsa
06TFT	Josh.21.4	וַ/יְהִ֡י	c/1961	HC/Vqw3ms
069n8	Josh.21.4	לִ/בְנֵי֩	l/1121 a	HR/Ncmpc
065kG	Josh.21.4	אַהֲרֹ֨ן	175	HNp
06XLv	Josh.21.4	הַ/כֹּהֵ֜ן	d/3548	HTd/Ncmsa
06SPD	Josh.21.4	מִן	4480 a	HR
061jw	Josh.21.4	הַ/לְוִיִּ֗ם	d/3881	HTd/Ngmpa
06j1A	Josh.21.4	מִ/מַּטֵּ֣ה	m/4294	HR/Ncmsc
06k9b	Josh.21.4	יְ֠הוּדָה	3063	HNp
06xFg	Josh.21.4	וּ/מִ/מַּטֵּ֨ה	c/m/4294	HC/R/Ncmsc
06TPh	Josh.21.4	הַ/שִּׁמְעֹנִ֜י	d/8099	HTd/Ngmsa
06PzZ	Josh.21.4	וּ/מִ/מַּטֵּ֤ה	c/m/4294	HC/R/Ncmsc
06wVu	Josh.21.4	בִנְיָמִן֙	1144	HNp
06Y2m	Josh.21.4	בַּ/גּוֹרָ֔ל	b/1486	HRd/Ncmsa
06vpr	Josh.21.4	עָרִ֖ים	5892 b	HNcfpa
06SwR	Josh.21.4	שְׁלֹ֥שׁ	7969	HAcfsa
06DQF	Josh.21.4	עֶשְׂרֵֽה	6240	HAcfsa
06m8G	Josh.21.5	וְ/לִ/בְנֵ֨י	c/l/1121 a	HC/R/Ncmpc
06iFH	Josh.21.5	קְהָ֜ת	6955	HNp
06UVR	Josh.21.5	הַ/נּוֹתָרִ֗ים	d/3498	HTd/VNrmpa
06hK6	Josh.21.5	מִ/מִּשְׁפְּחֹ֣ת	m/4940	HR/Ncfpc
06P5i	Josh.21.5	מַטֵּֽה	4294	HNcmsc
06Zuk	Josh.21.5	אֶ֠פְרַיִם	669	HNp
06Xpa	Josh.21.5	וּֽ/מִ/מַּטֵּה	c/m/4294	HC/R/Ncmsc
06F6v	Josh.21.5	דָ֞ן	1835	HNp
06jek	Josh.21.5	וּ/מֵ/חֲצִ֨י	c/m/2677	HC/R/Ncmsc
06NjL	Josh.21.5	מַטֵּ֧ה	4294	HNcmsc
06QhZ	Josh.21.5	מְנַשֶּׁ֛ה	4519	HNp
068Y2	Josh.21.5	בַּ/גּוֹרָ֖ל	b/1486	HRd/Ncmsa
06wSY	Josh.21.5	עָרִ֥ים	5892 b	HNcfpa
06sGn	Josh.21.5	עָֽשֶׂר	6235	HAcfsa
06EVR	Josh.21.6	וְ/לִ/בְנֵ֣י	c/l/1121 a	HC/R/Ncmpc
06xHF	Josh.21.6	גֵרְשׁ֗וֹן	1648	HNp
06E6X	Josh.21.6	מִ/מִּשְׁפְּח֣וֹת	m/4940	HR/Ncfpc
06CmY	Josh.21.6	מַטֵּֽה	4294	HNcmsc
06zBD	Josh.21.6	יִשָּׂשכָ֣ר	3485	HNp
06H4G	Josh.21.6	וּ/מִ/מַּטֵּֽה	c/m/4294	HC/R/Ncmsc
06gFy	Josh.21.6	אָ֠שֵׁר	836	HNp
06111	Josh.21.6	וּ/מִ/מַּטֵּ֨ה	c/m/4294	HC/R/Ncmsc
06Tu3	Josh.21.6	נַפְתָּלִ֜י	5321	HNp
06otC	Josh.21.6	וּ֠/מֵ/חֲצִי	c/m/2677	HC/R/Ncmsc
06YDM	Josh.21.6	מַטֵּ֨ה	4294	HNcmsc
06ru7	Josh.21.6	מְנַשֶּׁ֤ה	4519	HNp
06rHU	Josh.21.6	בַ/בָּשָׁן֙	b/1316	HRd/Np
06t3d	Josh.21.6	בַּ/גּוֹרָ֔ל	b/1486	HRd/Ncmsa
06k6B	Josh.21.6	עָרִ֖ים	5892 b	HNcfpa
0672o	Josh.21.6	שְׁלֹ֥שׁ	7969	HAcfsa
06eAa	Josh.21.6	עֶשְׂרֵֽה	6240	HAcfsa
06RTe	Josh.21.7	לִ/בְנֵ֨י	l/1121 a	HR/Ncmpc
063Ca	Josh.21.7	מְרָרִ֜י	4847	HNp
06zDb	Josh.21.7	לְ/מִשְׁפְּחֹתָ֗/ם	l/4940	HR/Ncfpc/Sp3mp
06qQV	Josh.21.7	מִ/מַּטֵּ֨ה	m/4294	HR/Ncmsc
06V8A	Josh.21.7	רְאוּבֵ֤ן	7205	HNp
068Z7	Josh.21.7	וּ/מִ/מַּטֵּה	c/m/4294	HC/R/Ncmsc
06UPz	Josh.21.7	גָד֙	1410	HNp
06x31	Josh.21.7	וּ/מִ/מַּטֵּ֣ה	c/m/4294	HC/R/Ncmsc
065NB	Josh.21.7	זְבוּלֻ֔ן	2074	HNp
06pyv	Josh.21.7	עָרִ֖ים	5892 b	HNcfpa
06tbn	Josh.21.7	שְׁתֵּ֥ים	8147	HAcfda
06eu1	Josh.21.7	עֶשְׂרֵֽה	6240	HAcfsa
068af	Josh.21.8	וַ/יִּתְּנ֤וּ	c/5414	HC/Vqw3mp
06Bpw	Josh.21.8	בְנֵֽי	1121 a	HNcmpc
063Hw	Josh.21.8	יִשְׂרָאֵל֙	3478	HNp
06mhm	Josh.21.8	לַ/לְוִיִּ֔ם	l/3881	HRd/Ngmpa
06W2d	Josh.21.8	אֶת	853	HTo
063Mv	Josh.21.8	הֶ/עָרִ֥ים	d/5892 b	HTd/Ncfpa
06aJE	Josh.21.8	הָ/אֵ֖לֶּה	d/428	HTd/Pdxcp
06HVc	Josh.21.8	וְ/אֶת	c/853	HC/To
06zeo	Josh.21.8	מִגְרְשֵׁי/הֶ֑ן	4054	HNcmpc/Sp3fp
06Enp	Josh.21.8	כַּ/אֲשֶׁ֨ר	k/834 d	HR/Tr
06kf1	Josh.21.8	צִוָּ֧ה	6680	HVpp3ms
06ZPC	Josh.21.8	יְהוָ֛ה	3068	HNp
06qxU	Josh.21.8	בְּ/יַד	b/3027	HR/Ncbsc
06Pgi	Josh.21.8	מֹשֶׁ֖ה	4872	HNp
06MkP	Josh.21.8	בַּ/גּוֹרָֽל	b/1486	HRd/Ncmsa
065hP	Josh.21.9	וַֽ/יִּתְּנ֗וּ	c/5414	HC/Vqw3mp
06zD4	Josh.21.9	מִ/מַּטֵּה֙	m/4294	HR/Ncmsc
06KEB	Josh.21.9	בְּנֵ֣י	1121 a	HNcmpc
06cZY	Josh.21.9	יְהוּדָ֔ה	3063	HNp
0622d	Josh.21.9	וּ/מִ/מַּטֵּ֖ה	c/m/4294	HC/R/Ncmsc
06CRW	Josh.21.9	בְּנֵ֣י	1121 a	HNcmpc
06wv6	Josh.21.9	שִׁמְע֑וֹן	8095	HNp
06GZn	Josh.21.9	אֵ֚ת	853	HTo
06Jwq	Josh.21.9	הֶֽ/עָרִ֣ים	d/5892 b	HTd/Ncfpa
06wkd	Josh.21.9	הָ/אֵ֔לֶּה	d/428	HTd/Pdxcp
06eKd	Josh.21.9	אֲשֶׁר	834 a	HTr
06goP	Josh.21.9	יִקְרָ֥א	7121	HVqi3ms
062Lj	Josh.21.9	אֶתְ/הֶ֖ן	853	HTo/Sp3fp
06H2i	Josh.21.9	בְּ/שֵֽׁם	b/8034	HR/Ncmsa
06iMH	Josh.21.10	וַֽ/יְהִי֙	c/1961	HC/Vqw3ms
06SHu	Josh.21.10	לִ/בְנֵ֣י	l/1121 a	HR/Ncmpc
06xJc	Josh.21.10	אַהֲרֹ֔ן	175	HNp
06zu3	Josh.21.10	מִ/מִּשְׁפְּח֥וֹת	m/4940	HR/Ncfpc
06srN	Josh.21.10	הַ/קְּהָתִ֖י	d/6956	HTd/Ngmsa
06cPD	Josh.21.10	מִ/בְּנֵ֣י	m/1121 a	HR/Ncmpc
06rfv	Josh.21.10	לֵוִ֑י	3878	HNp
06HSf	Josh.21.10	כִּ֥י	3588 a	HC
06dMJ	Josh.21.10	לָ/הֶ֛ם	l	HR/Sp3mp
06Q3W	Josh.21.10	הָיָ֥ה	1961	HVqp3ms
069nC	Josh.21.10	הַ/גּוֹרָ֖ל	d/1486	HTd/Ncmsa
06Es7	Josh.21.10	רִיאשֹׁנָֽה	7223	HAofsa
06WgU	Josh.21.11	וַ/יִּתְּנ֨וּ	c/5414	HC/Vqw3mp
06y3p	Josh.21.11	לָ/הֶ֜ם	l	HR/Sp3mp
06Um9	Josh.21.11	אֶת	853	HTo
06r8S	Josh.21.11	קִרְיַת֩	7153+	HNp
06XS1	Josh.21.11	אַרְבַּ֨ע	7153	HAcfsa
06HHu	Josh.21.11	אֲבִ֧י	1	HNcmsc
0634B	Josh.21.11	הָֽ/עֲנ֛וֹק	d/6061	HTd/Np
06tQL	Josh.21.11	הִ֥יא	1931	HPp3fs
06qz3	Josh.21.11	חֶבְר֖וֹן	2275 a	HNp
06PBZ	Josh.21.11	בְּ/הַ֣ר	b/2022	HR/Ncmsc
06JhC	Josh.21.11	יְהוּדָ֑ה	3063	HNp
0657q	Josh.21.11	וְ/אֶת	c/853	HC/To
06tgx	Josh.21.11	מִגְרָשֶׁ֖/הָ	4054	HNcmpc/Sp3fs
06b5Z	Josh.21.11	סְבִיבֹתֶֽי/הָ	5439	HNcbpc/Sp3fs
06gH8	Josh.21.12	וְ/אֶת	c/853	HC/To
06ktM	Josh.21.12	שְׂדֵ֥ה	7704 b	HNcmsc
06tnx	Josh.21.12	הָ/עִ֖יר	d/5892 b	HTd/Ncfsa
06Eje	Josh.21.12	וְ/אֶת	c/853	HC/To
064XJ	Josh.21.12	חֲצֵרֶ֑י/הָ	2691 b	HNcbpc/Sp3fs
06Zod	Josh.21.12	נָֽתְנ֛וּ	5414	HVqp3cp
06HWG	Josh.21.12	לְ/כָלֵ֥ב	l/3612	HR/Np
06Kq8	Josh.21.12	בֶּן	1121 a	HNcmsc
06HEQ	Josh.21.12	יְפֻנֶּ֖ה	3312	HNp
06Zrg	Josh.21.12	בַּ/אֲחֻזָּתֽ/וֹ	b/272	HR/Ncfsc/Sp3ms
06Jb7	Josh.21.13	וְ/לִ/בְנֵ֣י	c/l/1121 a	HC/R/Ncmpc
06gGi	Josh.21.13	אַהֲרֹ֣ן	175	HNp
06ETT	Josh.21.13	הַ/כֹּהֵ֗ן	d/3548	HTd/Ncmsa
06uax	Josh.21.13	נָֽתְנוּ֙	5414	HVqp3cp
06gN6	Josh.21.13	אֶת	853	HTo
06Jyu	Josh.21.13	עִיר֙	5892 b	HNcfsc
06RyA	Josh.21.13	מִקְלַ֣ט	4733	HNcmsc
06UFq	Josh.21.13	הָ/רֹצֵ֔חַ	d/7523	HTd/Vqrmsa
06LyZ	Josh.21.13	אֶת	853	HTo
06E3h	Josh.21.13	חֶבְר֖וֹן	2275 a	HNp
0663g	Josh.21.13	וְ/אֶת	c/853	HC/To
06ST5	Josh.21.13	מִגְרָשֶׁ֑/הָ	4054	HNcmpc/Sp3fs
06tJf	Josh.21.13	וְ/אֶת	c/853	HC/To
068fM	Josh.21.13	לִבְנָ֖ה	3841	HNp
06QTt	Josh.21.13	וְ/אֶת	c/853	HC/To
062C1	Josh.21.13	מִגְרָשֶֽׁ/הָ	4054	HNcmpc/Sp3fs
06o84	Josh.21.14	וְ/אֶת	c/853	HC/To
06f8Y	Josh.21.14	יַתִּר֙	3492	HNp
06Nun	Josh.21.14	וְ/אֶת	c/853	HC/To
069u1	Josh.21.14	מִגְרָשֶׁ֔/הָ	4054	HNcmpc/Sp3fs
06xHm	Josh.21.14	וְ/אֶת	c/853	HC/To
06otK	Josh.21.14	אֶשְׁתְּמֹ֖עַ	851	HNp
06syA	Josh.21.14	וְ/אֶת	c/853	HC/To
06dfy	Josh.21.14	מִגְרָשֶֽׁ/הָ	4054	HNcmpc/Sp3fs
06Wm4	Josh.21.15	וְ/אֶת	c/853	HC/To
06g9f	Josh.21.15	חֹלֹן֙	2473	HNp
06f8Q	Josh.21.15	וְ/אֶת	c/853	HC/To
06fFA	Josh.21.15	מִגְרָשֶׁ֔/הָ	4054	HNcmpc/Sp3fs
062XW	Josh.21.15	וְ/אֶת	c/853	HC/To
06QWt	Josh.21.15	דְּבִ֖ר	1688 a	HNp
06Qzv	Josh.21.15	וְ/אֶת	c/853	HC/To
06buk	Josh.21.15	מִגְרָשֶֽׁ/הָ	4054	HNcmpc/Sp3fs
06qeo	Josh.21.16	וְ/אֶת	c/853	HC/To
06ZHC	Josh.21.16	עַ֣יִן	5871	HNp
06fDd	Josh.21.16	וְ/אֶת	c/853	HC/To
06318	Josh.21.16	מִגְרָשֶׁ֗/הָ	4054	HNcmpc/Sp3fs
06jLb	Josh.21.16	וְ/אֶת	c/853	HC/To
06nNQ	Josh.21.16	יֻטָּה֙	3194	HNp
06BXH	Josh.21.16	וְ/אֶת	c/853	HC/To
06ZqU	Josh.21.16	מִגְרָשֶׁ֔/הָ	4054	HNcmpc/Sp3fs
06nj3	Josh.21.16	אֶת	853	HTo
06FvS	Josh.21.16	בֵּ֥ית	1053+	HNp
06xim	Josh.21.16	שֶׁ֖מֶשׁ	1053	HNp
06akA	Josh.21.16	וְ/אֶת	c/853	HC/To
06gKu	Josh.21.16	מִגְרָשֶׁ֑/הָ	4054	HNcmpc/Sp3fs
06TzQ	Josh.21.16	עָרִ֣ים	5892 b	HNcfpa
061UE	Josh.21.16	תֵּ֔שַׁע	8672	HAcfsa
06kxv	Josh.21.16	מֵ/אֵ֕ת	m/854	HR/R
06UMS	Josh.21.16	שְׁנֵ֥י	8147	HAcmdc
067xb	Josh.21.16	הַ/שְּׁבָטִ֖ים	d/7626	HTd/Ncmpa
06sKH	Josh.21.16	הָ/אֵֽלֶּה	d/428	HTd/Pdxcp
06tFA	Josh.21.17	וּ/מִ/מַּטֵּ֣ה	c/m/4294	HC/R/Ncmsc
06Mpf	Josh.21.17	בִנְיָמִ֔ן	1144	HNp
06Ceq	Josh.21.17	אֶת	853	HTo
064dQ	Josh.21.17	גִּבְע֖וֹן	1391	HNp
06GWt	Josh.21.17	וְ/אֶת	c/853	HC/To
06NBj	Josh.21.17	מִגְרָשֶׁ֑/הָ	4054	HNcmpc/Sp3fs
06rsf	Josh.21.17	אֶת	853	HTo
06z6Y	Josh.21.17	גֶּ֖בַע	1387	HNp
06ySf	Josh.21.17	וְ/אֶת	c/853	HC/To
06j6t	Josh.21.17	מִגְרָשֶֽׁ/הָ	4054	HNcmpc/Sp3fs
06LMf	Josh.21.18	אֶת	853	HTo
06siY	Josh.21.18	עֲנָתוֹת֙	6068	HNp
06c4n	Josh.21.18	וְ/אֶת	c/853	HC/To
06emA	Josh.21.18	מִגְרָשֶׁ֔/הָ	4054	HNcmpc/Sp3fs
06WwD	Josh.21.18	וְ/אֶת	c/853	HC/To
06Tfb	Josh.21.18	עַלְמ֖וֹן	5960	HNp
0658Y	Josh.21.18	וְ/אֶת	c/853	HC/To
061kr	Josh.21.18	מִגְרָשֶׁ֑/הָ	4054	HNcmpc/Sp3fs
06yuD	Josh.21.18	עָרִ֖ים	5892 b	HNcfpa
06yRp	Josh.21.18	אַרְבַּֽע	702	HAcfsa
06qob	Josh.21.19	כָּל	3605	HNcmsc
06DQR	Josh.21.19	עָרֵ֥י	5892 b	HNcfpc
06gtv	Josh.21.19	בְנֵֽי	1121 a	HNcmpc
06nHJ	Josh.21.19	אַהֲרֹ֖ן	175	HNp
068D6	Josh.21.19	הַ/כֹּֽהֲנִ֑ים	d/3548	HTd/Ncmpa
06LCy	Josh.21.19	שְׁלֹשׁ	7969	HAcfsa
06KvZ	Josh.21.19	עֶשְׂרֵ֥ה	6240	HAcfsa
0636n	Josh.21.19	עָרִ֖ים	5892 b	HNcfpa
065Yk	Josh.21.19	וּ/מִגְרְשֵׁי/הֶֽן	c/4054	HC/Ncmpc/Sp3fp
066As	Josh.21.20	וּ/לְ/מִשְׁפְּח֤וֹת	c/l/4940	HC/R/Ncfpc
06egP	Josh.21.20	בְּנֵֽי	1121 a	HNcmpc
06NbF	Josh.21.20	קְהָת֙	6955	HNp
06krR	Josh.21.20	הַ/לְוִיִּ֔ם	d/3881	HTd/Ngmpa
06Mee	Josh.21.20	הַ/נּוֹתָרִ֖ים	d/3498	HTd/VNrmpa
06VBQ	Josh.21.20	מִ/בְּנֵ֣י	m/1121 a	HR/Ncmpc
06yb7	Josh.21.20	קְהָ֑ת	6955	HNp
06qX2	Josh.21.20	וַֽ/יְהִי֙	c/1961	HC/Vqw3ms
06ePf	Josh.21.20	עָרֵ֣י	5892 b	HNcfpc
06yfj	Josh.21.20	גֽוֹרָלָ֔/ם	1486	HNcmsc/Sp3mp
06YM9	Josh.21.20	מִ/מַּטֵּ֖ה	m/4294	HR/Ncmsc
06R56	Josh.21.20	אֶפְרָֽיִם	669	HNp
06wHB	Josh.21.21	וַ/יִּתְּנ֨וּ	c/5414	HC/Vqw3mp
06qAN	Josh.21.21	לָ/הֶ֜ם	l	HR/Sp3mp
06KVq	Josh.21.21	אֶת	853	HTo
06S4L	Josh.21.21	עִ֨יר	5892 b	HNcfsc
06rwC	Josh.21.21	מִקְלַ֧ט	4733	HNcmsc
06MHW	Josh.21.21	הָ/רֹצֵ֛חַ	d/7523	HTd/Vqrmsa
066Qv	Josh.21.21	אֶת	853	HTo
06pjb	Josh.21.21	שְׁכֶ֥ם	7927	HNp
06Jy1	Josh.21.21	וְ/אֶת	c/853	HC/To
06eQ5	Josh.21.21	מִגְרָשֶׁ֖/הָ	4054	HNcmpc/Sp3fs
06jEY	Josh.21.21	בְּ/הַ֣ר	b/2022	HR/Ncmsc
06ew3	Josh.21.21	אֶפְרָ֑יִם	669	HNp
06y2D	Josh.21.21	וְ/אֶת	c/853	HC/To
06T4z	Josh.21.21	גֶּ֖זֶר	1507	HNp
06Q7m	Josh.21.21	וְ/אֶת	c/853	HC/To
06E1U	Josh.21.21	מִגְרָשֶֽׁ/הָ	4054	HNcmpc/Sp3fs
06kbD	Josh.21.22	וְ/אֶת	c/853	HC/To
068qD	Josh.21.22	קִבְצַ֨יִם֙	6911	HNp
06Zxt	Josh.21.22	וְ/אֶת	c/853	HC/To
06uHA	Josh.21.22	מִגְרָשֶׁ֔/הָ	4054	HNcmpc/Sp3fs
062kF	Josh.21.22	וְ/אֶת	c/853	HC/To
06mSY	Josh.21.22	בֵּ֥ית	1032+	HNp
062Fo	Josh.21.22	חוֹרֹ֖ן	1032	HNp
06ac8	Josh.21.22	וְ/אֶת	c/853	HC/To
0652Z	Josh.21.22	מִגְרָשֶׁ֑/הָ	4054	HNcmpc/Sp3fs
06UX4	Josh.21.22	עָרִ֖ים	5892 b	HNcfpa
06EnX	Josh.21.22	אַרְבַּֽע	702	HAcfsa
06NXR	Josh.21.23	וּ/מִ/מַּ֨טֵּה	c/m/4294	HC/R/Ncmsc
0625M	Josh.21.23	דָ֔ן	1835	HNp
06YtX	Josh.21.23	אֶֽת	853	HTo
06DG3	Josh.21.23	אֶלְתְּקֵ֖א	514	HNp
06cWY	Josh.21.23	וְ/אֶת	c/853	HC/To
06yj6	Josh.21.23	מִגְרָשֶׁ֑/הָ	4054	HNcmpc/Sp3fs
06hqz	Josh.21.23	אֶֽת	853	HTo
06x8M	Josh.21.23	גִּבְּת֖וֹן	1405	HNp
06Vk7	Josh.21.23	וְ/אֶת	c/853	HC/To
06JRg	Josh.21.23	מִגְרָשֶֽׁ/הָ	4054	HNcmpc/Sp3fs
06CgK	Josh.21.24	אֶת	853	HTo
06G3o	Josh.21.24	אַיָּלוֹן֙	357	HNp
065n7	Josh.21.24	וְ/אֶת	c/853	HC/To
06fm1	Josh.21.24	מִגְרָשֶׁ֔/הָ	4054	HNcmpc/Sp3fs
06Vwa	Josh.21.24	אֶת	853	HTo
06FK5	Josh.21.24	גַּת	1667+	HNp
06ZFM	Josh.21.24	רִמּ֖וֹן	1667	HNp
068dM	Josh.21.24	וְ/אֶת	c/853	HC/To
06rPP	Josh.21.24	מִגְרָשֶׁ֑/הָ	4054	HNcmpc/Sp3fs
06d5t	Josh.21.24	עָרִ֖ים	5892 b	HNcfpa
06eig	Josh.21.24	אַרְבַּֽע	702	HAcfsa
06yZT	Josh.21.25	וּ/מִֽ/מַּחֲצִית֙	c/m/4276	HC/R/Ncfsc
06jXo	Josh.21.25	מַטֵּ֣ה	4294	HNcmsc
06e9S	Josh.21.25	מְנַשֶּׁ֔ה	4519	HNp
06Gak	Josh.21.25	אֶת	853	HTo
06BhZ	Josh.21.25	תַּעְנַךְ֙	8590	HNp
06D7r	Josh.21.25	וְ/אֶת	c/853	HC/To
06QUi	Josh.21.25	מִגְרָשֶׁ֔/הָ	4054	HNcmpc/Sp3fs
06Zjd	Josh.21.25	וְ/אֶת	c/853	HC/To
066hx	Josh.21.25	גַּת	1667+	HNp
063oP	Josh.21.25	רִמּ֖וֹן	1667	HNp
06ZFG	Josh.21.25	וְ/אֶת	c/853	HC/To
06AVy	Josh.21.25	מִגְרָשֶׁ֑/הָ	4054	HNcmpc/Sp3fs
06isj	Josh.21.25	עָרִ֖ים	5892 b	HNcfpa
06fLM	Josh.21.25	שְׁתָּֽיִם	8147	HAcfda
06Pwu	Josh.21.26	כָּל	3605	HNcmsc
06oJA	Josh.21.26	עָרִ֥ים	5892 b	HNcfpa
06RZU	Josh.21.26	עֶ֖שֶׂר	6235	HAcfsa
06APK	Josh.21.26	וּ/מִגְרְשֵׁי/הֶ֑ן	c/4054	HC/Ncmpc/Sp3fp
066iD	Josh.21.26	לְ/מִשְׁפְּח֥וֹת	l/4940	HR/Ncfpc
063AW	Josh.21.26	בְּנֵֽי	1121 a	HNcmpc
06WiP	Josh.21.26	קְהָ֖ת	6955	HNp
06RPe	Josh.21.26	הַ/נּוֹתָרִֽים	d/3498	HTd/VNrmpa
061Rt	Josh.21.27	וְ/לִ/בְנֵ֣י	c/l/1121 a	HC/R/Ncmpc
067PY	Josh.21.27	גֵרְשׁוֹן֮	1648	HNp
06gp2	Josh.21.27	מִ/מִּשְׁפְּחֹ֣ת	m/4940	HR/Ncfpc
06kRK	Josh.21.27	הַ/לְוִיִּם֒	d/3881	HTd/Ngmpa
06z8t	Josh.21.27	מֵ/חֲצִ֞י	m/2677	HR/Ncmsc
06DXo	Josh.21.27	מַטֵּ֣ה	4294	HNcmsc
06kTz	Josh.21.27	מְנַשֶּׁ֗ה	4519	HNp
06zyZ	Josh.21.27	אֶת	853	HTo
068Ge	Josh.21.27	עִיר֙	5892 b	HNcfsc
06uzy	Josh.21.27	מִקְלַ֣ט	4733	HNcmsc
067TQ	Josh.21.27	הָ/רֹצֵ֔חַ	d/7523	HTd/Vqrmsa
06gzf	Josh.21.27	אֶת	853	HTo
06xP8	Josh.21.27	גלון	1474	HNp
06d3M	Josh.21.27	גּוֹלָ֤ן	1474	HNp
06wz6	Josh.21.27	בַּ/בָּשָׁן֙	b/1316	HRd/Np
06BnH	Josh.21.27	וְ/אֶת	c/853	HC/To
06Sc6	Josh.21.27	מִגְרָשֶׁ֔/הָ	4054	HNcmpc/Sp3fs
06Qvj	Josh.21.27	וְ/אֶֽת	c/853	HC/To
06e1v	Josh.21.27	בְּעֶשְׁתְּרָ֖ה	1203	HNp
06yKb	Josh.21.27	וְ/אֶת	c/853	HC/To
06wjA	Josh.21.27	מִגְרָשֶׁ֑/הָ	4054	HNcmpc/Sp3fs
06CZm	Josh.21.27	עָרִ֖ים	5892 b	HNcfpa
06RaU	Josh.21.27	שְׁתָּֽיִם	8147	HAcfda
06wXH	Josh.21.28	וּ/מִ/מַּטֵּ֣ה	c/m/4294	HC/R/Ncmsc
06ixz	Josh.21.28	יִשָּׂשכָ֔ר	3485	HNp
069hY	Josh.21.28	אֶת	853	HTo
06Lhc	Josh.21.28	קִשְׁי֖וֹן	7191	HNp
06vCf	Josh.21.28	וְ/אֶת	c/853	HC/To
06SiU	Josh.21.28	מִגְרָשֶׁ֑/הָ	4054	HNcmpc/Sp3fs
06bU3	Josh.21.28	אֶת	853	HTo
06JaA	Josh.21.28	דָּֽבְרַ֖ת	1705	HNp
061ae	Josh.21.28	וְ/אֶת	c/853	HC/To
06ubD	Josh.21.28	מִגְרָשֶֽׁ/הָ	4054	HNcmpc/Sp3fs
06kzF	Josh.21.29	אֶת	853	HTo
06aBg	Josh.21.29	יַרְמוּת֙	3412	HNp
06R3u	Josh.21.29	וְ/אֶת	c/853	HC/To
06KmF	Josh.21.29	מִגְרָשֶׁ֔/הָ	4054	HNcmpc/Sp3fs
06gPB	Josh.21.29	אֶת	853	HTo
06GJ8	Josh.21.29	עֵ֥ין	5873+	HNp
06gum	Josh.21.29	גַּנִּ֖ים	5873	HNp
069V4	Josh.21.29	וְ/אֶת	c/853	HC/To
06WkP	Josh.21.29	מִגְרָשֶׁ֑/הָ	4054	HNcmpc/Sp3fs
066SH	Josh.21.29	עָרִ֖ים	5892 b	HNcfpa
06iNA	Josh.21.29	אַרְבַּֽע	702	HAcfsa
06zke	Josh.21.30	וּ/מִ/מַּטֵּ֣ה	c/m/4294	HC/R/Ncmsc
06KMi	Josh.21.30	אָשֵׁ֔ר	836	HNp
061aB	Josh.21.30	אֶת	853	HTo
06xtz	Josh.21.30	מִשְׁאָ֖ל	4861	HNp
06ZPR	Josh.21.30	וְ/אֶת	c/853	HC/To
06eLB	Josh.21.30	מִגְרָשֶׁ֑/הָ	4054	HNcmpc/Sp3fs
068iz	Josh.21.30	אֶת	853	HTo
06hdN	Josh.21.30	עַבְדּ֖וֹן	5658	HNp
06YSj	Josh.21.30	וְ/אֶת	c/853	HC/To
06x1r	Josh.21.30	מִגְרָשֶֽׁ/הָ	4054	HNcmpc/Sp3fs
06uoq	Josh.21.31	אֶת	853	HTo
06Fee	Josh.21.31	חֶלְקָת֙	2520	HNp
06WAp	Josh.21.31	וְ/אֶת	c/853	HC/To
06YL7	Josh.21.31	מִגְרָשֶׁ֔/הָ	4054	HNcmpc/Sp3fs
06fvw	Josh.21.31	וְ/אֶת	c/853	HC/To
06tJb	Josh.21.31	רְחֹ֖ב	7340	HNp
06qHY	Josh.21.31	וְ/אֶת	c/853	HC/To
06kgH	Josh.21.31	מִגְרָשֶׁ֑/הָ	4054	HNcmpc/Sp3fs
06fN2	Josh.21.31	עָרִ֖ים	5892 b	HNcfpa
06Tmv	Josh.21.31	אַרְבַּֽע	702	HAcfsa
064gc	Josh.21.32	וּ/מִ/מַּטֵּ֨ה	c/m/4294	HC/R/Ncmsc
06ay9	Josh.21.32	נַפְתָּלִ֜י	5321	HNp
06RHm	Josh.21.32	אֶת	853	HTo
06EWb	Josh.21.32	עִ֣יר	5892 b	HNcfsc
06R77	Josh.21.32	מִקְלַ֣ט	4733	HNcmsc
06rin	Josh.21.32	הָֽ/רֹצֵ֗חַ	d/7523	HTd/Vqrmsa
06kCJ	Josh.21.32	אֶת	853	HTo
06b5f	Josh.21.32	קֶ֨דֶשׁ	6943	HNp
061nK	Josh.21.32	בַּ/גָּלִ֤יל	b/1551	HRd/Np
06UFD	Josh.21.32	וְ/אֶת	c/853	HC/To
06atM	Josh.21.32	מִגְרָשֶׁ֨/הָ֙	4054	HNcmpc/Sp3fs
06uGu	Josh.21.32	וְ/אֶת	c/853	HC/To
06dRu	Josh.21.32	חַמֹּ֥ת	2576+	HNp
06QWF	Josh.21.32	דֹּאר֙	2576	HNp
062qL	Josh.21.32	וְ/אֶת	c/853	HC/To
06MLC	Josh.21.32	מִגְרָשֶׁ֔/הָ	4054	HNcmpc/Sp3fs
06pwa	Josh.21.32	וְ/אֶת	c/853	HC/To
06VCM	Josh.21.32	קַרְתָּ֖ן	7178	HNp
06wd2	Josh.21.32	וְ/אֶת	c/853	HC/To
06w5p	Josh.21.32	מִגְרָשֶׁ֑/הָ	4054	HNcmpc/Sp3fs
06ggE	Josh.21.32	עָרִ֖ים	5892 b	HNcfpa
06iH4	Josh.21.32	שָׁלֹֽשׁ	7969	HAcfsa
066kT	Josh.21.33	כָּל	3605	HNcmsc
06qxT	Josh.21.33	עָרֵ֥י	5892 b	HNcfpc
065Zi	Josh.21.33	הַ/גֵּרְשֻׁנִּ֖י	d/1649	HTd/Ngmsa
06j2Z	Josh.21.33	לְ/מִשְׁפְּחֹתָ֑/ם	l/4940	HR/Ncfpc/Sp3mp
06si1	Josh.21.33	שְׁלֹשׁ	7969	HAcfsa
065mE	Josh.21.33	עֶשְׂרֵ֥ה	6240	HAcfsa
06NUe	Josh.21.33	עִ֖יר	5892 b	HNcfsa
06YnH	Josh.21.33	וּ/מִגְרְשֵׁי/הֶֽן	c/4054	HC/Ncmpc/Sp3fp
06mvF	Josh.21.34	וּ/לְ/מִשְׁפְּח֣וֹת	c/l/4940	HC/R/Ncfpc
06gWv	Josh.21.34	בְּנֵֽי	1121 a	HNcmpc
06Pco	Josh.21.34	מְרָרִי֮	4847	HNp
06bxG	Josh.21.34	הַ/לְוִיִּ֣ם	d/3881	HTd/Ngmpa
069Ks	Josh.21.34	הַ/נּוֹתָרִים֒	d/3498	HTd/VNrmpa
06jNp	Josh.21.34	מֵ/אֵת֙	m/854	HR/R
06Cs2	Josh.21.34	מַטֵּ֣ה	4294	HNcmsc
06QCd	Josh.21.34	זְבוּלֻ֔ן	2074	HNp
06ipi	Josh.21.34	אֶֽת	853	HTo
06p7W	Josh.21.34	יָקְנְעָ֖ם	3362	HNp
06Rpq	Josh.21.34	וְ/אֶת	c/853	HC/To
06NFY	Josh.21.34	מִגְרָשֶׁ֑/הָ	4054	HNcmpc/Sp3fs
06hGE	Josh.21.34	אֶת	853	HTo
063dF	Josh.21.34	קַרְתָּ֖ה	7177	HNp
06ACo	Josh.21.34	וְ/אֶת	c/853	HC/To
06zvW	Josh.21.34	מִגְרָשֶֽׁ/הָ	4054	HNcmpc/Sp3fs
06UPx	Josh.21.35	אֶת	853	HTo
0624M	Josh.21.35	דִּמְנָה֙	1829	HNp
06bRo	Josh.21.35	וְ/אֶת	c/853	HC/To
06V6f	Josh.21.35	מִגְרָשֶׁ֔/הָ	4054	HNcmpc/Sp3fs
06RjS	Josh.21.35	אֶֽת	853	HTo
069dt	Josh.21.35	נַהֲלָ֖ל	5096	HNp
06V52	Josh.21.35	וְ/אֶת	c/853	HC/To
063Tm	Josh.21.35	מִגְרָשֶׁ֑/הָ	4054	HNcmpc/Sp3fs
06JSL	Josh.21.35	עָרִ֖ים	5892 b	HNcfpa
06qWL	Josh.21.35	אַרְבַּֽע	702	HAcfsa
06DWU	Josh.21.36	וּ/מִ/מַּטֵּ֣ה	c/m/4294	HC/R/Ncmsc
06d1L	Josh.21.36	רְאוּבֵ֔ן	7205	HNp
06e96	Josh.21.36	אֶת	853	HTo
06Ci6	Josh.21.36	בֶּ֖צֶר	1221	HNp
06ixh	Josh.21.36	וְ/אֶת	c/853	HC/To
0622x	Josh.21.36	מִגְרָשֶׁ֑/הָ	4054	HNcmpc/Sp3fs
06ogz	Josh.21.36	וְ/אֶת	c/853	HC/To
06z7X	Josh.21.36	יַ֖הְצָ/ה	3096	HNp/Sd
06MjR	Josh.21.36	וְ/אֶת	c/853	HC/To
06Tk7	Josh.21.36	מִגְרָשֶֽׁ/הָ	4054	HNcmpc/Sp3fs
06ZGJ	Josh.21.37	אֶת	853	HTo
06apP	Josh.21.37	קְדֵמוֹת֙	6932	HNp
06dPF	Josh.21.37	וְ/אֶת	c/853	HC/To
06nAe	Josh.21.37	מִגְרָשֶׁ֔/הָ	4054	HNcmpc/Sp3fs
066WC	Josh.21.37	וְ/אֶת	c/853	HC/To
06Q3p	Josh.21.37	מֵיפָ֖עַת	4158	HNp
06dRx	Josh.21.37	וְ/אֶת	c/853	HC/To
066GF	Josh.21.37	מִגְרָשֶׁ֑/הָ	4054	HNcmpc/Sp3fs
06ZWf	Josh.21.37	עָרִ֖ים	5892 b	HNcfpa
06dZw	Josh.21.37	אַרְבַּֽע	702	HAcfsa
06Xd5	Josh.21.38	וּ/מִ/מַּטֵּה	c/m/4294	HC/R/Ncmsc
06Whs	Josh.21.38	גָ֗ד	1410	HNp
06CUw	Josh.21.38	אֶת	853	HTo
06vVC	Josh.21.38	עִיר֙	5892 b	HNcfsc
06L9j	Josh.21.38	מִקְלַ֣ט	4733	HNcmsc
062gb	Josh.21.38	הָ/רֹצֵ֔חַ	d/7523	HTd/Vqrmsa
06GFh	Josh.21.38	אֶת	853	HTo
06X7A	Josh.21.38	רָמֹ֥ת	7433	HNp
06YA6	Josh.21.38	בַּ/גִּלְעָ֖ד	b/1568	HRd/Np
06rtE	Josh.21.38	וְ/אֶת	c/853	HC/To
06T58	Josh.21.38	מִגְרָשֶׁ֑/הָ	4054	HNcmpc/Sp3fs
06XAY	Josh.21.38	וְ/אֶֽת	c/853	HC/To
06TZ6	Josh.21.38	מַחֲנַ֖יִם	4266	HNp
06ohW	Josh.21.38	וְ/אֶת	c/853	HC/To
06UQ9	Josh.21.38	מִגְרָשֶֽׁ/הָ	4054	HNcmpc/Sp3fs
06ywh	Josh.21.39	אֶת	853	HTo
06By2	Josh.21.39	חֶשְׁבּוֹן֙	2809	HNp
062R1	Josh.21.39	וְ/אֶת	c/853	HC/To
06sSY	Josh.21.39	מִגְרָשֶׁ֔/הָ	4054	HNcmpc/Sp3fs
06eEK	Josh.21.39	אֶת	853	HTo
06Yuc	Josh.21.39	יַעְזֵ֖ר	3270	HNp
06nhh	Josh.21.39	וְ/אֶת	c/853	HC/To
06Z5T	Josh.21.39	מִגְרָשֶׁ֑/הָ	4054	HNcmpc/Sp3fs
06qvz	Josh.21.39	כָּל	3605	HNcmsc
06uU8	Josh.21.39	עָרִ֖ים	5892 b	HNcfpa
06L9Z	Josh.21.39	אַרְבַּֽע	702	HAcfsa
06Dv8	Josh.21.40	כָּל	3605	HNcmsc
06FjK	Josh.21.40	הֶ֨/עָרִ֜ים	d/5892 b	HTd/Ncfpa
06WrB	Josh.21.40	לִ/בְנֵ֤י	l/1121 a	HR/Ncmpc
06Q3V	Josh.21.40	מְרָרִי֙	4847	HNp
06zt3	Josh.21.40	לְ/מִשְׁפְּחֹתָ֔/ם	l/4940	HR/Ncfpc/Sp3mp
06Tmz	Josh.21.40	הַ/נּוֹתָרִ֖ים	d/3498	HTd/VNrmpa
06fYG	Josh.21.40	מִ/מִּשְׁפְּח֣וֹת	m/4940	HR/Ncfpc
06UXL	Josh.21.40	הַ/לְוִיִּ֑ם	d/3881	HTd/Ngmpa
06orU	Josh.21.40	וַ/יְהִי֙	c/1961	HC/Vqw3ms
06X89	Josh.21.40	גּוֹרָלָ֔/ם	1486	HNcmsc/Sp3mp
06KD4	Josh.21.40	עָרִ֖ים	5892 b	HNcfpa
06yLC	Josh.21.40	שְׁתֵּ֥ים	8147	HAcfda
068jE	Josh.21.40	עֶשְׂרֵֽה	6240	HAcfsa
065Lc	Josh.21.41	כֹּ֚ל	3605	HNcmsc
06ppu	Josh.21.41	עָרֵ֣י	5892 b	HNcfpc
06S27	Josh.21.41	הַ/לְוִיִּ֔ם	d/3881	HTd/Ngmpa
06ADR	Josh.21.41	בְּ/ת֖וֹךְ	b/8432	HR/Ncmsc
06zFe	Josh.21.41	אֲחֻזַּ֣ת	272	HNcfsc
06WSq	Josh.21.41	בְּנֵֽי	1121 a	HNcmpc
06wBi	Josh.21.41	יִשְׂרָאֵ֑ל	3478	HNp
06FVU	Josh.21.41	עָרִ֛ים	5892 b	HNcfpa
06WCj	Josh.21.41	אַרְבָּעִ֥ים	705	HAcbpa
06Rdm	Josh.21.41	וּ/שְׁמֹנֶ֖ה	c/8083	HC/Acfsa
06dVT	Josh.21.41	וּ/מִגְרְשֵׁי/הֶֽן	c/4054	HC/Ncmpc/Sp3fp
06zkS	Josh.21.42	תִּֽהְיֶ֨ינָה֙	1961	HVqi3fp
06G57	Josh.21.42	הֶ/עָרִ֣ים	d/5892 b	HTd/Ncfpa
06gHw	Josh.21.42	הָ/אֵ֔לֶּה	d/428	HTd/Pdxcp
06gCw	Josh.21.42	עִ֣יר	5892 b	HNcfsa
06gTK	Josh.21.42	עִ֔יר	5892 b	HNcfsa
0635b	Josh.21.42	וּ/מִגְרָשֶׁ֖י/הָ	c/4054	HC/Ncmpc/Sp3fs
06HND	Josh.21.42	סְבִיבֹתֶ֑י/הָ	5439	HNcbpc/Sp3fs
06TcE	Josh.21.42	כֵּ֖ן	3651 c	HTm
06LkG	Josh.21.42	לְ/כָל	l/3605	HR/Ncmsc
06xf6	Josh.21.42	הֶ/עָרִ֥ים	d/5892 b	HTd/Ncfpa
066cM	Josh.21.42	הָ/אֵֽלֶּה	d/428	HTd/Pdxcp
06CWb	Josh.21.43	וַ/יִּתֵּ֤ן	c/5414	HC/Vqw3ms
06DAv	Josh.21.43	יְהוָה֙	3068	HNp
06CSF	Josh.21.43	לְ/יִשְׂרָאֵ֔ל	l/3478	HR/Np
06PJu	Josh.21.43	אֶת	853	HTo
066EF	Josh.21.43	כָּל	3605	HNcmsc
06ght	Josh.21.43	הָ/אָ֔רֶץ	d/776	HTd/Ncbsa
06oxR	Josh.21.43	אֲשֶׁ֥ר	834 a	HTr
06aNV	Josh.21.43	נִשְׁבַּ֖ע	7650	HVNp3ms
06uoi	Josh.21.43	לָ/תֵ֣ת	l/5414	HR/Vqc
06ZxN	Josh.21.43	לַ/אֲבוֹתָ֑/ם	l/1	HR/Ncmpc/Sp3mp
06bFj	Josh.21.43	וַ/יִּרָשׁ֖וּ/הָ	c/3423	HC/Vqw3mp/Sp3fs
06DVM	Josh.21.43	וַ/יֵּ֥שְׁבוּ	c/3427	HC/Vqw3mp
068FT	Josh.21.43	בָֽ/הּ	b	HR/Sp3fs
067kB	Josh.21.44	וַ/יָּ֨נַח	c/5117	HC/Vhw3ms
06S3j	Josh.21.44	יְהוָ֤ה	3068	HNp
06GQs	Josh.21.44	לָ/הֶם֙	l	HR/Sp3mp
067QS	Josh.21.44	מִ/סָּבִ֔יב	m/5439	HR/Ncbsa
066GA	Josh.21.44	כְּ/כֹ֥ל	k/3605	HR/Ncmsa
06xy2	Josh.21.44	אֲשֶׁר	834 a	HTr
06Tpm	Josh.21.44	נִשְׁבַּ֖ע	7650	HVNp3ms
06mRw	Josh.21.44	לַ/אֲבוֹתָ֑/ם	l/1	HR/Ncmpc/Sp3mp
069gE	Josh.21.44	וְ/לֹא	c/3808	HC/Tn
06ZcM	Josh.21.44	עָ֨מַד	5975	HVqp3ms
06snj	Josh.21.44	אִ֤ישׁ	376	HNcmsa
065m9	Josh.21.44	בִּ/פְנֵי/הֶם֙	b/6440	HR/Ncbpc/Sp3mp
06wK9	Josh.21.44	מִ/כָּל	m/3605	HR/Ncmsc
06iQj	Josh.21.44	אֹ֣יְבֵי/הֶ֔ם	341	HVqrmpc/Sp3mp
0614x	Josh.21.44	אֵ֚ת	853	HTo
06v37	Josh.21.44	כָּל	3605	HNcmsc
064jJ	Josh.21.44	אֹ֣יְבֵי/הֶ֔ם	341	HVqrmpc/Sp3mp
06fGp	Josh.21.44	נָתַ֥ן	5414	HVqp3ms
06zrt	Josh.21.44	יְהוָ֖ה	3068	HNp
06Epq	Josh.21.44	בְּ/יָדָֽ/ם	b/3027	HR/Ncbsc/Sp3mp
067Ry	Josh.21.45	לֹֽא	3808	HTn
06wFC	Josh.21.45	נָפַ֣ל	5307	HVqp3ms
06HBS	Josh.21.45	דָּבָ֔ר	1697	HNcmsa
06sf2	Josh.21.45	מִ/כֹּל֙	m/3605	HR/Ncmsc
069dX	Josh.21.45	הַ/דָּבָ֣ר	d/1697	HTd/Ncmsa
06N7N	Josh.21.45	הַ/טּ֔וֹב	d/2896 a	HTd/Aamsa
06gKc	Josh.21.45	אֲשֶׁר	834 a	HTr
06vJ4	Josh.21.45	דִּבֶּ֥ר	1696	HVpp3ms
06LTG	Josh.21.45	יְהוָ֖ה	3068	HNp
06iWP	Josh.21.45	אֶל	413	HR
06L1p	Josh.21.45	בֵּ֣ית	1004 b	HNcmsc
06b2b	Josh.21.45	יִשְׂרָאֵ֑ל	3478	HNp
067zY	Josh.21.45	הַ/כֹּ֖ל	d/3605	HTd/Ncmsa
06wcC	Josh.21.45	בָּֽא	935	HVqp3ms
06U2K	Josh.22.1	אָ֚ז	227 a	HD
06oxn	Josh.22.1	יִקְרָ֣א	7121	HVqi3ms
06gDj	Josh.22.1	יְהוֹשֻׁ֔עַ	3091	HNp
06AUo	Josh.22.1	לָ/רֽאוּבֵנִ֖י	l/7206	HRd/Ngmsa
069Ye	Josh.22.1	וְ/לַ/גָּדִ֑י	c/l/1425	HC/Rd/Ngmsa
06kJo	Josh.22.1	וְ/לַ/חֲצִ֖י	c/l/2677	HC/R/Ncmsc
06rtp	Josh.22.1	מַטֵּ֥ה	4294	HNcmsc
06xVb	Josh.22.1	מְנַשֶּֽׁה	4519	HNp
06qqs	Josh.22.2	וַ/יֹּ֣אמֶר	c/559	HC/Vqw3ms
06Kcb	Josh.22.2	אֲלֵי/הֶ֔ם	413	HR/Sp3mp
06VGc	Josh.22.2	אַתֶּ֣ם	859 d	HPp2mp
06aTW	Josh.22.2	שְׁמַרְתֶּ֔ם	8104	HVqp2mp
06is8	Josh.22.2	אֵ֚ת	853	HTo
063ZA	Josh.22.2	כָּל	3605	HNcmsc
06aWZ	Josh.22.2	אֲשֶׁ֣ר	834 a	HTr
068CG	Josh.22.2	צִוָּ֣ה	6680	HVpp3ms
063aP	Josh.22.2	אֶתְ/כֶ֔ם	853	HTo/Sp2mp
06j7r	Josh.22.2	מֹשֶׁ֖ה	4872	HNp
06MkY	Josh.22.2	עֶ֣בֶד	5650	HNcmsc
06hnM	Josh.22.2	יְהוָ֑ה	3068	HNp
06zWi	Josh.22.2	וַ/תִּשְׁמְע֣וּ	c/8085	HC/Vqw2mp
06FDw	Josh.22.2	בְ/קוֹלִ֔/י	b/6963 a	HR/Ncmsc/Sp1cs
06vPq	Josh.22.2	לְ/כֹ֥ל	l/3605	HR/Ncmsa
06v7k	Josh.22.2	אֲשֶׁר	834 a	HTr
06tyX	Josh.22.2	צִוִּ֖יתִי	6680	HVpp1cs
06J26	Josh.22.2	אֶתְ/כֶֽם	853	HTo/Sp2mp
06o8v	Josh.22.3	לֹֽא	3808	HTn
06Lae	Josh.22.3	עֲזַבְתֶּ֣ם	5800 a	HVqp2mp
06ZKD	Josh.22.3	אֶת	853	HTo
06JMK	Josh.22.3	אֲחֵי/כֶ֗ם	251	HNcmpc/Sp2mp
06tNx	Josh.22.3	זֶ֚ה	2088	HPdxms
06BWE	Josh.22.3	יָמִ֣ים	3117	HNcmpa
06ZXU	Josh.22.3	רַבִּ֔ים	7227 a	HAampa
06ap1	Josh.22.3	עַ֖ד	5704	HR
06pu2	Josh.22.3	הַ/יּ֣וֹם	d/3117	HTd/Ncmsa
06uYm	Josh.22.3	הַ/זֶּ֑ה	d/2088	HTd/Pdxms
06LPR	Josh.22.3	וּ/שְׁמַרְתֶּ֕ם	c/8104	HC/Vqp2mp
06B9g	Josh.22.3	אֶת	853	HTo
06ELn	Josh.22.3	מִשְׁמֶ֕רֶת	4931	HNcfsc
069mo	Josh.22.3	מִצְוַ֖ת	4687	HNcfsc
06xiQ	Josh.22.3	יְהוָ֥ה	3068	HNp
06AzY	Josh.22.3	אֱלֹהֵי/כֶֽם	430	HNcmpc/Sp2mp
06pRM	Josh.22.4	וְ/עַתָּ֗ה	c/6258	HC/D
06gvr	Josh.22.4	הֵנִ֨יחַ	5117	HVhp3ms
06es7	Josh.22.4	יְהוָ֤ה	3068	HNp
06k9R	Josh.22.4	אֱלֹֽהֵי/כֶם֙	430	HNcmpc/Sp2mp
06HmZ	Josh.22.4	לַֽ/אֲחֵי/כֶ֔ם	l/251	HR/Ncmpc/Sp2mp
06dQE	Josh.22.4	כַּ/אֲשֶׁ֖ר	k/834 d	HR/Tr
06EzE	Josh.22.4	דִּבֶּ֣ר	1696	HVpp3ms
06Qxp	Josh.22.4	לָ/הֶ֑ם	l	HR/Sp3mp
06xRK	Josh.22.4	וְ/עַתָּ֡ה	c/6258	HC/D
066mk	Josh.22.4	פְּנוּ֩	6437	HVqv2mp
06kf6	Josh.22.4	וּ/לְכ֨וּ	c/3212	HC/Vqv2mp
06CLp	Josh.22.4	לָ/כֶ֜ם	l	HR/Sp2mp
067ZV	Josh.22.4	לְ/אָהֳלֵי/כֶ֗ם	l/168	HR/Ncmpc/Sp2mp
06skE	Josh.22.4	אֶל	413	HR
06DHK	Josh.22.4	אֶ֨רֶץ֙	776	HNcbsc
06LmD	Josh.22.4	אֲחֻזַּתְ/כֶ֔ם	272	HNcfsc/Sp2mp
06T9L	Josh.22.4	אֲשֶׁ֣ר	834 a	HTr
06QVr	Josh.22.4	נָתַ֣ן	5414	HVqp3ms
06ZMf	Josh.22.4	לָ/כֶ֗ם	l	HR/Sp2mp
06a5C	Josh.22.4	מֹשֶׁה֙	4872	HNp
06cK2	Josh.22.4	עֶ֣בֶד	5650	HNcmsc
06FHD	Josh.22.4	יְהוָ֔ה	3068	HNp
06BcP	Josh.22.4	בְּ/עֵ֖בֶר	b/5676	HR/Ncmsc
06cFA	Josh.22.4	הַ/יַּרְדֵּֽן	d/3383	HTd/Np
069Bv	Josh.22.5	רַ֣ק	7535	HTa
06ktn	Josh.22.5	שִׁמְר֣וּ	8104	HVqv2mp
06AWZ	Josh.22.5	מְאֹ֗ד	3966	HD
06wYq	Josh.22.5	לַ/עֲשׂ֨וֹת	l/6213 a	HR/Vqc
06F4E	Josh.22.5	אֶת	853	HTo
06wMa	Josh.22.5	הַ/מִּצְוָ֣ה	d/4687	HTd/Ncfsa
06M16	Josh.22.5	וְ/אֶת	c/853	HC/To
06uKB	Josh.22.5	הַ/תּוֹרָה֮	d/8451	HTd/Ncfsa
064cr	Josh.22.5	אֲשֶׁ֣ר	834 a	HTr
061Ro	Josh.22.5	צִוָּ֣ה	6680	HVpp3ms
06a1a	Josh.22.5	אֶתְ/כֶם֮	853	HTo/Sp2mp
067rf	Josh.22.5	מֹשֶׁ֣ה	4872	HNp
0611j	Josh.22.5	עֶֽבֶד	5650	HNcmsc
06evk	Josh.22.5	יְהוָה֒	3068	HNp
06bGa	Josh.22.5	לְ֠/אַהֲבָה	l/157	HR/Vqc
0638u	Josh.22.5	אֶת	853	HTo
06XYz	Josh.22.5	יְהוָ֨ה	3068	HNp
06aaD	Josh.22.5	אֱלֹֽהֵי/כֶ֜ם	430	HNcmpc/Sp2mp
06zLt	Josh.22.5	וְ/לָ/לֶ֧כֶת	c/l/3212	HC/R/Vqc
06yNH	Josh.22.5	בְּ/כָל	b/3605	HR/Ncmsc
06MrT	Josh.22.5	דְּרָכָ֛י/ו	1870	HNcbpc/Sp3ms
06gkr	Josh.22.5	וְ/לִ/שְׁמֹ֥ר	c/l/8104	HC/R/Vqc
063BK	Josh.22.5	מִצְוֺתָ֖י/ו	4687	HNcfpc/Sp3ms
06Rzg	Josh.22.5	וּ/לְ/דָבְקָה	c/l/1692	HC/R/Vqc
06Tho	Josh.22.5	ב֑/וֹ	b	HR/Sp3ms
06aV8	Josh.22.5	וּ/לְ/עָבְד֕/וֹ	c/l/5647	HC/R/Vqc/Sp3ms
066XG	Josh.22.5	בְּ/כָל	b/3605	HR/Ncmsc
06gQc	Josh.22.5	לְבַבְ/כֶ֖ם	3824	HNcmsc/Sp2mp
06YoM	Josh.22.5	וּ/בְ/כָל	c/b/3605	HC/R/Ncmsc
06jQn	Josh.22.5	נַפְשְׁ/כֶֽם	5315	HNcbsc/Sp2mp
065jv	Josh.22.6	וַֽ/יְבָרְכֵ֖/ם	c/1288	HC/Vpw3ms/Sp3mp
06Xs5	Josh.22.6	יְהוֹשֻׁ֑עַ	3091	HNp
06GPZ	Josh.22.6	וַֽ/יְשַׁלְּחֵ֔/ם	c/7971	HC/Vpw3ms/Sp3mp
06PVy	Josh.22.6	וַ/יֵּלְכ֖וּ	c/3212	HC/Vqw3mp
06HwJ	Josh.22.6	אֶל	413	HR
06nRk	Josh.22.6	אָהֳלֵי/הֶֽם	168	HNcmpc/Sp3mp
06UmV	Josh.22.7	וְ/לַ/חֲצִ֣י	c/l/2677	HC/R/Ncmsc
06PHe	Josh.22.7	שֵׁ֣בֶט	7626	HNcmsc
06nv5	Josh.22.7	הַֽ/מְנַשֶּׁ֗ה	d/4519	HTd/Np
064NA	Josh.22.7	נָתַ֣ן	5414	HVqp3ms
06iaF	Josh.22.7	מֹשֶׁה֮	4872	HNp
06tCw	Josh.22.7	בַּ/בָּשָׁן֒	b/1316	HRd/Np
06miU	Josh.22.7	וּ/לְ/חֶצְי֗/וֹ	c/l/2677	HC/R/Ncmsc/Sp3ms
06NyE	Josh.22.7	נָתַ֤ן	5414	HVqp3ms
06KyB	Josh.22.7	יְהוֹשֻׁ֨עַ֙	3091	HNp
06vG4	Josh.22.7	עִם	5973 a	HR
06Ns5	Josh.22.7	אֲחֵי/הֶ֔ם	251	HNcmpc/Sp3mp
06nEy	Josh.22.7	מ/עבר	m/5676	HR/Ncmsc
061j4	Josh.22.7	בְּ/עֵ֥בֶר	b/5676	HR/Ncmsc
06xWY	Josh.22.7	הַ/יַּרְדֵּ֖ן	d/3383	HTd/Np
06d6q	Josh.22.7	יָ֑מָּ/ה	3220	HNcmsa/Sd
06DwY	Josh.22.7	וְ֠/גַם	c/1571	HC/Ta
06k8D	Josh.22.7	כִּ֣י	3588 a	HC
06uXu	Josh.22.7	שִׁלְּחָ֧/ם	7971	HVpp3ms/Sp3mp
063vW	Josh.22.7	יְהוֹשֻׁ֛עַ	3091	HNp
066UE	Josh.22.7	אֶל	413	HR
06KoW	Josh.22.7	אָהֳלֵי/הֶ֖ם	168	HNcmpc/Sp3mp
06Upi	Josh.22.7	וַ/יְבָרֲכֵֽ/ם	c/1288	HC/Vpw3ms/Sp3mp
06SLS	Josh.22.8	וַ/יֹּ֨אמֶר	c/559	HC/Vqw3ms
065nj	Josh.22.8	אֲלֵי/הֶ֜ם	413	HR/Sp3mp
06UuS	Josh.22.8	לֵ/אמֹ֗ר	l/559	HR/Vqc
06aYa	Josh.22.8	בִּ/נְכָסִ֨ים	b/5233	HR/Ncmpa
06yCU	Josh.22.8	רַבִּ֜ים	7227 a	HAampa
06HwX	Josh.22.8	שׁ֤וּבוּ	7725	HVqv2mp
06Lda	Josh.22.8	אֶל	413	HR
065iw	Josh.22.8	אָֽהֳלֵי/כֶם֙	168	HNcmpc/Sp2mp
06A1N	Josh.22.8	וּ/בְ/מִקְנֶ֣ה	c/b/4735	HC/R/Ncmsa
06Upk	Josh.22.8	רַב	7227 a	HAamsa
061QC	Josh.22.8	מְאֹ֔ד	3966	HD
06uTF	Josh.22.8	בְּ/כֶ֨סֶף	b/3701	HR/Ncmsa
06sj2	Josh.22.8	וּ/בְ/זָהָ֜ב	c/b/2091	HC/R/Ncmsa
06Cya	Josh.22.8	וּ/בִ/נְחֹ֧שֶׁת	c/b/5178 a	HC/R/Ncfsa
06Lsr	Josh.22.8	וּ/בְ/בַרְזֶ֛ל	c/b/1270	HC/R/Ncmsa
06xMt	Josh.22.8	וּ/בִ/שְׂלָמ֖וֹת	c/b/8008	HC/R/Ncfpa
06xzT	Josh.22.8	הַרְבֵּ֣ה	7235 a	HVha
06G9z	Josh.22.8	מְאֹ֑ד	3966	HD
06M9j	Josh.22.8	חִלְק֥וּ	2505 a	HVqv2mp
06mDn	Josh.22.8	שְׁלַל	7998	HNcmsc
06GEL	Josh.22.8	אֹיְבֵי/כֶ֖ם	341	HVqrmpc/Sp2mp
06MW7	Josh.22.8	עִם	5973 a	HR
06T65	Josh.22.8	אֲחֵי/כֶֽם	251	HNcmpc/Sp2mp
06EzH	Josh.22.9	וַ/יָּשֻׁ֣בוּ	c/7725	HC/Vqw3mp
06u8d	Josh.22.9	וַ/יֵּלְכ֡וּ	c/3212	HC/Vqw3mp
06jiv	Josh.22.9	בְּנֵי	1121 a	HNcmpc
06jP8	Josh.22.9	רְאוּבֵ֨ן	7205	HNp
06QQx	Josh.22.9	וּ/בְנֵי	c/1121 a	HC/Ncmpc
06MZC	Josh.22.9	גָ֜ד	1410	HNp
06TjS	Josh.22.9	וַ/חֲצִ֣י	c/2677	HC/Ncmsc
06aLy	Josh.22.9	שֵׁ֣בֶט	7626	HNcmsc
06av1	Josh.22.9	הַֽ/מְנַשֶּׁ֗ה	d/4519	HTd/Np
06GHs	Josh.22.9	מֵ/אֵת֙	m/854	HR/R
06Y8d	Josh.22.9	בְּנֵ֣י	1121 a	HNcmpc
06bn6	Josh.22.9	יִשְׂרָאֵ֔ל	3478	HNp
06En5	Josh.22.9	מִ/שִּׁלֹ֖ה	m/7887	HR/Np
06AfW	Josh.22.9	אֲשֶׁ֣ר	834 a	HTr
06UL8	Josh.22.9	בְּ/אֶֽרֶץ	b/776	HR/Ncbsc
06qni	Josh.22.9	כְּנָ֑עַן	3667 a	HNp
06pdR	Josh.22.9	לָ/לֶ֜כֶת	l/3212	HR/Vqc
061MW	Josh.22.9	אֶל	413	HR
06C96	Josh.22.9	אֶ֣רֶץ	776	HNcbsc
06zcK	Josh.22.9	הַ/גִּלְעָ֗ד	d/1568	HTd/Np
06Zir	Josh.22.9	אֶל	413	HR
06L6T	Josh.22.9	אֶ֤רֶץ	776	HNcbsc
06m8E	Josh.22.9	אֲחֻזָּתָ/ם֙	272	HNcfsc/Sp3mp
062bM	Josh.22.9	אֲשֶׁ֣ר	834 a	HTr
06H2r	Josh.22.9	נֹֽאחֲזוּ	270	HVNp3cp
06fya	Josh.22.9	בָ֔/הּ	b	HR/Sp3fs
06zuE	Josh.22.9	עַל	5921 a	HR
06cYr	Josh.22.9	פִּ֥י	6310	HNcmsc
06vyC	Josh.22.9	יְהוָ֖ה	3068	HNp
061Qy	Josh.22.9	בְּ/יַד	b/3027	HR/Ncbsc
06mev	Josh.22.9	מֹשֶֽׁה	4872	HNp
06veC	Josh.22.10	וַ/יָּבֹ֨אוּ֙	c/935	HC/Vqw3mp
06eid	Josh.22.10	אֶל	413	HR
06gkQ	Josh.22.10	גְּלִיל֣וֹת	1552	HNcfpc
06rMj	Josh.22.10	הַ/יַּרְדֵּ֔ן	d/3383	HTd/Np
06Qme	Josh.22.10	אֲשֶׁ֖ר	834 a	HTr
06KFR	Josh.22.10	בְּ/אֶ֣רֶץ	b/776	HR/Ncbsc
06bf6	Josh.22.10	כְּנָ֑עַן	3667 a	HNp
06kBj	Josh.22.10	וַ/יִּבְנ֣וּ	c/1129	HC/Vqw3mp
06zZ2	Josh.22.10	בְנֵי	1121 a	HNcmpc
06oKC	Josh.22.10	רְאוּבֵ֣ן	7205	HNp
066uo	Josh.22.10	וּ/בְנֵי	c/1121 a	HC/Ncmpc
06PCg	Josh.22.10	גָ֡ד	1410	HNp
06Gd9	Josh.22.10	וַ/חֲצִ֣י	c/2677	HC/Ncmsc
0625K	Josh.22.10	שֵׁבֶט֩	7626	HNcmsc
062bQ	Josh.22.10	הַֽ/מְנַשֶּׁ֨ה	d/4519	HTd/Np
06jVz	Josh.22.10	שָׁ֤ם	8033	HD
069Rn	Josh.22.10	מִזְבֵּ֨חַ֙	4196	HNcmsa
06KbM	Josh.22.10	עַל	5921 a	HR
06i8D	Josh.22.10	הַ/יַּרְדֵּ֔ן	d/3383	HTd/Np
06EYu	Josh.22.10	מִזְבֵּ֥חַ	4196	HNcmsa
06CvC	Josh.22.10	גָּד֖וֹל	1419 a	HAamsa
06tb1	Josh.22.10	לְ/מַרְאֶֽה	l/4758	HR/Ncmsa
065ZR	Josh.22.11	וַ/יִּשְׁמְע֥וּ	c/8085	HC/Vqw3mp
06Rir	Josh.22.11	בְנֵֽי	1121 a	HNcmpc
06gdi	Josh.22.11	יִשְׂרָאֵ֖ל	3478	HNp
06DFa	Josh.22.11	לֵ/אמֹ֑ר	l/559	HR/Vqc
06MxK	Josh.22.11	הִנֵּ֣ה	2009	HTm
06fex	Josh.22.11	בָנ֣וּ	1129	HVqp3cp
0613D	Josh.22.11	בְנֵֽי	1121 a	HNcmpc
06Zvs	Josh.22.11	רְאוּבֵ֣ן	7205	HNp
06hfY	Josh.22.11	וּ/בְנֵי	c/1121 a	HC/Ncmpc
063sw	Josh.22.11	גָ֡ד	1410	HNp
068Ew	Josh.22.11	וַ/חֲצִי֩	c/2677	HC/Ncmsc
06Mwj	Josh.22.11	שֵׁ֨בֶט	7626	HNcmsc
068g1	Josh.22.11	הַֽ/מְנַשֶּׁ֜ה	d/4519	HTd/Np
06Lk1	Josh.22.11	אֶת	853	HTo
06Uwg	Josh.22.11	הַ/מִּזְבֵּ֗חַ	d/4196	HTd/Ncmsa
065dD	Josh.22.11	אֶל	413	HR
06eHM	Josh.22.11	מוּל֙	4136	HR
06w49	Josh.22.11	אֶ֣רֶץ	776	HNcbsc
06acX	Josh.22.11	כְּנַ֔עַן	3667 a	HNp
06Xwc	Josh.22.11	אֶל	413	HR
06D7S	Josh.22.11	גְּלִילוֹת֙	1552	HNcfpc
06BLU	Josh.22.11	הַ/יַּרְדֵּ֔ן	d/3383	HTd/Np
06o6z	Josh.22.11	אֶל	413	HR
063aw	Josh.22.11	עֵ֖בֶר	5676	HNcmsc
063YR	Josh.22.11	בְּנֵ֥י	1121 a	HNcmpc
06Swj	Josh.22.11	יִשְׂרָאֵֽל	3478	HNp
062zp	Josh.22.12	וַֽ/יִּשְׁמְע֖וּ	c/8085	HC/Vqw3mp
06x4M	Josh.22.12	בְּנֵ֣י	1121 a	HNcmpc
06f2j	Josh.22.12	יִשְׂרָאֵ֑ל	3478	HNp
06ESw	Josh.22.12	וַ/יִּקָּ֨הֲל֜וּ	c/6950	HC/VNw3mp
06uNE	Josh.22.12	כָּל	3605	HNcmsc
06czx	Josh.22.12	עֲדַ֤ת	5712	HNcfsc
06gNf	Josh.22.12	בְּנֵֽי	1121 a	HNcmpc
065gm	Josh.22.12	יִשְׂרָאֵל֙	3478	HNp
06sA2	Josh.22.12	שִׁלֹ֔ה	7887	HNp
06nQw	Josh.22.12	לַ/עֲל֥וֹת	l/5927	HR/Vqc
06KS7	Josh.22.12	עֲלֵי/הֶ֖ם	5921 a	HR/Sp3mp
06vk1	Josh.22.12	לַ/צָּבָֽא	l/6635 a	HRd/Ncbsa
06azB	Josh.22.13	וַ/יִּשְׁלְח֨וּ	c/7971	HC/Vqw3mp
06wZA	Josh.22.13	בְנֵֽי	1121 a	HNcmpc
06WhD	Josh.22.13	יִשְׂרָאֵ֜ל	3478	HNp
06AwF	Josh.22.13	אֶל	413	HR
068k8	Josh.22.13	בְּנֵי	1121 a	HNcmpc
06SpG	Josh.22.13	רְאוּבֵ֧ן	7205	HNp
06S8F	Josh.22.13	וְ/אֶל	c/413	HC/R
06msz	Josh.22.13	בְּנֵי	1121 a	HNcmpc
06bTw	Josh.22.13	גָ֛ד	1410	HNp
06QiX	Josh.22.13	וְ/אֶל	c/413	HC/R
06Xuu	Josh.22.13	חֲצִ֥י	2677	HNcmsc
06KTQ	Josh.22.13	שֵֽׁבֶט	7626	HNcmsc
06r46	Josh.22.13	מְנַשֶּׁ֖ה	4519	HNp
063dV	Josh.22.13	אֶל	413	HR
06Rjs	Josh.22.13	אֶ֣רֶץ	776	HNcbsc
06A9E	Josh.22.13	הַ/גִּלְעָ֑ד	d/1568	HTd/Np
06AnP	Josh.22.13	אֶת	853	HTo
06Qsw	Josh.22.13	פִּינְחָ֖ס	6372	HNp
06CF2	Josh.22.13	בֶּן	1121 a	HNcmsc
068VA	Josh.22.13	אֶלְעָזָ֥ר	499	HNp
06Yfd	Josh.22.13	הַ/כֹּהֵֽן	d/3548	HTd/Ncmsa
06Ngi	Josh.22.14	וַ/עֲשָׂרָ֤ה	c/6235	HC/Acmsa
06Ksy	Josh.22.14	נְשִׂאִים֙	5387 a	HNcmpa
06cKK	Josh.22.14	עִמּ֔/וֹ	5973 a	HR/Sp3ms
06Dnr	Josh.22.14	נָשִׂ֨יא	5387 a	HNcmsa
06CPM	Josh.22.14	אֶחָ֜ד	259	HAcmsa
06uYg	Josh.22.14	נָשִׂ֤יא	5387 a	HNcmsa
066yA	Josh.22.14	אֶחָד֙	259	HAcmsa
064tC	Josh.22.14	לְ/בֵ֣ית	l/1004 b	HR/Ncmsc
06LkV	Josh.22.14	אָ֔ב	1	HNcmsa
06cmM	Josh.22.14	לְ/כֹ֖ל	l/3605	HR/Ncmsc
06AKe	Josh.22.14	מַטּ֣וֹת	4294	HNcmpc
065V1	Josh.22.14	יִשְׂרָאֵ֑ל	3478	HNp
06rXz	Josh.22.14	וְ/אִ֨ישׁ	c/376	HC/Ncmsa
065XE	Josh.22.14	רֹ֧אשׁ	7218 a	HNcmsc
06VhT	Josh.22.14	בֵּית	1004 b	HNcmsc
06aN4	Josh.22.14	אֲבוֹתָ֛/ם	1	HNcmpc/Sp3mp
06Sax	Josh.22.14	הֵ֖מָּה	1992	HPp3mp
06yVm	Josh.22.14	לְ/אַלְפֵ֥י	l/505	HR/Acbpc
06bhd	Josh.22.14	יִשְׂרָאֵֽל	3478	HNp
06jJJ	Josh.22.15	וַ/יָּבֹ֜אוּ	c/935	HC/Vqw3mp
06tDj	Josh.22.15	אֶל	413	HR
06eVj	Josh.22.15	בְּנֵי	1121 a	HNcmpc
06yuP	Josh.22.15	רְאוּבֵ֧ן	7205	HNp
06yVg	Josh.22.15	וְ/אֶל	c/413	HC/R
068uc	Josh.22.15	בְּנֵי	1121 a	HNcmpc
06Tx7	Josh.22.15	גָ֛ד	1410	HNp
06Nf9	Josh.22.15	וְ/אֶל	c/413	HC/R
06ErY	Josh.22.15	חֲצִ֥י	2677	HNcmsc
06SDV	Josh.22.15	שֵֽׁבֶט	7626	HNcmsc
06S5U	Josh.22.15	מְנַשֶּׁ֖ה	4519	HNp
06rBc	Josh.22.15	אֶל	413	HR
06n6K	Josh.22.15	אֶ֣רֶץ	776	HNcbsc
06KR8	Josh.22.15	הַ/גִּלְעָ֑ד	d/1568	HTd/Np
06bXf	Josh.22.15	וַ/יְדַבְּר֥וּ	c/1696	HC/Vpw3mp
067He	Josh.22.15	אִתָּ֖/ם	854	HR/Sp3mp
06NPm	Josh.22.15	לֵ/אמֹֽר	l/559	HR/Vqc
06KYN	Josh.22.16	כֹּ֣ה	3541	HD
068Bi	Josh.22.16	אָמְר֞וּ	559	HVqp3cp
061Mj	Josh.22.16	כֹּ֣ל	3605	HNcmsc
06d5X	Josh.22.16	עֲדַ֣ת	5712	HNcfsc
06Yp1	Josh.22.16	יְהוָ֗ה	3068	HNp
06iSP	Josh.22.16	מָֽה	4100	HTi
06ZfK	Josh.22.16	הַ/מַּ֤עַל	d/4604	HTd/Ncmsa
06u5B	Josh.22.16	הַ/זֶּה֙	d/2088	HTd/Pdxms
06p96	Josh.22.16	אֲשֶׁ֤ר	834 a	HTr
06KKx	Josh.22.16	מְעַלְתֶּם֙	4603	HVqp2mp
06YfM	Josh.22.16	בֵּ/אלֹהֵ֣י	b/430	HR/Ncmpc
065ro	Josh.22.16	יִשְׂרָאֵ֔ל	3478	HNp
065AM	Josh.22.16	לָ/שׁ֣וּב	l/7725	HR/Vqc
06Rp4	Josh.22.16	הַ/יּ֔וֹם	d/3117	HTd/Ncmsa
06wKU	Josh.22.16	מֵ/אַחֲרֵ֖י	m/310 a	HR/R
06dbh	Josh.22.16	יְהוָ֑ה	3068	HNp
06YA5	Josh.22.16	בִּ/בְנֽוֹתְ/כֶ֤ם	b/1129	HR/Vqc/Sp2mp
06xjv	Josh.22.16	לָ/כֶם֙	l	HR/Sp2mp
061dS	Josh.22.16	מִזְבֵּ֔חַ	4196	HNcmsa
06E92	Josh.22.16	לִ/מְרָדְ/כֶ֥ם	l/4775	HR/Vqc/Sp2mp
06Fys	Josh.22.16	הַ/יּ֖וֹם	d/3117	HTd/Ncmsa
06Xse	Josh.22.16	בַּ/יהוָֽה	b/3068	HR/Np
06aEj	Josh.22.17	הַ/מְעַט	d/4592	HTi/Aamsa
06mGS	Josh.22.17	לָ֨/נוּ֙	l	HR/Sp1cp
063Lv	Josh.22.17	אֶת	853	HTo
06vrK	Josh.22.17	עֲוֺ֣ן	5771	HNcbsc
06k1r	Josh.22.17	פְּע֔וֹר	6465	HNp
06CZZ	Josh.22.17	אֲשֶׁ֤ר	834 a	HTr
06bCc	Josh.22.17	לֹֽא	3808	HTn
06Bmn	Josh.22.17	הִטַּהַ֨רְנוּ֙	2891	HVtp1cp
06XMv	Josh.22.17	מִמֶּ֔/נּוּ	4480 a	HR/Sp1cp
06cFV	Josh.22.17	עַ֖ד	5704	HR
06RQq	Josh.22.17	הַ/יּ֣וֹם	d/3117	HTd/Ncmsa
06Ppj	Josh.22.17	הַ/זֶּ֑ה	d/2088	HTd/Pdxms
06PXw	Josh.22.17	וַ/יְהִ֥י	c/1961	HC/Vqw3ms
06ZSs	Josh.22.17	הַ/נֶּ֖גֶף	d/5063	HTd/Ncmsa
06kid	Josh.22.17	בַּ/עֲדַ֥ת	b/5712	HR/Ncfsc
06ECC	Josh.22.17	יְהוָֽה	3068	HNp
068aX	Josh.22.18	וְ/אַתֶּם֙	c/859 d	HC/Pp2mp
06dCA	Josh.22.18	תָּשֻׁ֣בוּ	7725	HVqi2mp
06iYJ	Josh.22.18	הַ/יּ֔וֹם	d/3117	HTd/Ncmsa
064MR	Josh.22.18	מֵ/אַחֲרֵ֖י	m/310 a	HR/R
06ZFU	Josh.22.18	יְהוָ֑ה	3068	HNp
06JTf	Josh.22.18	וְ/הָיָ֗ה	c/1961	HC/Vqq3ms
06NEZ	Josh.22.18	אַתֶּ֞ם	859 d	HPp2mp
06VWk	Josh.22.18	תִּמְרְד֤וּ	4775	HVqi2mp
06MRM	Josh.22.18	הַ/יּוֹם֙	d/3117	HTd/Ncmsa
063Az	Josh.22.18	בַּֽ/יהוָ֔ה	b/3068	HR/Np
06Xvk	Josh.22.18	וּ/מָחָ֕ר	c/4279	HC/Ncmsa
06hrr	Josh.22.18	אֶֽל	413	HR
06Zna	Josh.22.18	כָּל	3605	HNcmsc
0647T	Josh.22.18	עֲדַ֥ת	5712	HNcfsc
06uEs	Josh.22.18	יִשְׂרָאֵ֖ל	3478	HNp
06UhF	Josh.22.18	יִקְצֹֽף	7107	HVqi3ms
06AsV	Josh.22.19	וְ/אַ֨ךְ	c/389	HC/D
06cPo	Josh.22.19	אִם	518 a	HC
06HCo	Josh.22.19	טְמֵאָ֜ה	2931	HAafsa
06Ncd	Josh.22.19	אֶ֣רֶץ	776	HNcbsc
06fkM	Josh.22.19	אֲחֻזַּתְ/כֶ֗ם	272	HNcfsc/Sp2mp
06Y5W	Josh.22.19	עִבְר֨וּ	5674 a	HVqv2mp
06cWe	Josh.22.19	לָ/כֶ֜ם	l	HR/Sp2mp
0678Q	Josh.22.19	אֶל	413	HR
06QMC	Josh.22.19	אֶ֨רֶץ	776	HNcbsc
069FS	Josh.22.19	אֲחֻזַּ֤ת	272	HNcfsc
06UgZ	Josh.22.19	יְהוָה֙	3068	HNp
06dCx	Josh.22.19	אֲשֶׁ֤ר	834 a	HTr
06t8E	Josh.22.19	שָֽׁכַן	7931	HVqp3ms
06bHQ	Josh.22.19	שָׁם֙	8033	HD
06Vqr	Josh.22.19	מִשְׁכַּ֣ן	4908	HNcmsc
06zDY	Josh.22.19	יְהוָ֔ה	3068	HNp
06veq	Josh.22.19	וְ/הֵאָחֲז֖וּ	c/270	HC/VNv2mp
062Ug	Josh.22.19	בְּ/תוֹכֵ֑/נוּ	b/8432	HR/Ncmsc/Sp1cp
06LXA	Josh.22.19	וּ/בַֽ/יהוָ֣ה	c/b/3068	HC/R/Np
06Kqi	Josh.22.19	אַל	408	HTn
0614n	Josh.22.19	תִּמְרֹ֗דוּ	4775	HVqj2mp
06yHy	Josh.22.19	וְ/אֹתָ֨/נוּ֙	c/853	HC/To/Sp1cp
06Umo	Josh.22.19	אֶל	408	HR
067NW	Josh.22.19	תִּמְרֹ֔דוּ	4775	HVqj2mp
06KG2	Josh.22.19	בִּ/בְנֹֽתְ/כֶ֤ם	b/1129	HR/Vqc/Sp2mp
06fYJ	Josh.22.19	לָ/כֶם֙	l	HR/Sp2mp
069d8	Josh.22.19	מִזְבֵּ֔חַ	4196	HNcmsa
06Sfn	Josh.22.19	מִֽ/בַּלְעֲדֵ֔י	m/1107	HR/R
06uWk	Josh.22.19	מִזְבַּ֖ח	4196	HNcmsc
06Tgm	Josh.22.19	יְהוָ֥ה	3068	HNp
06YMi	Josh.22.19	אֱלֹהֵֽי/נוּ	430	HNcmpc/Sp1cp
06iJh	Josh.22.20	הֲ/ל֣וֹא	i/3808	HTi/Tn
06LXs	Josh.22.20	עָכָ֣ן	5912	HNp
06rYT	Josh.22.20	בֶּן	1121 a	HNcmsc
06RR8	Josh.22.20	זֶ֗רַח	2226	HNp
066Re	Josh.22.20	מָ֤עַל	4603	HVqp3ms
065kQ	Josh.22.20	מַ֨עַל֙	4604	HNcmsa
06F1e	Josh.22.20	בַּ/חֵ֔רֶם	b/2764 a	HRd/Ncmsa
06sxD	Josh.22.20	וְ/עַֽל	c/5921 a	HC/R
065qt	Josh.22.20	כָּל	3605	HNcmsc
06xfJ	Josh.22.20	עֲדַ֥ת	5712	HNcfsc
067fv	Josh.22.20	יִשְׂרָאֵ֖ל	3478	HNp
06GTF	Josh.22.20	הָ֣יָה	1961	HVqp3ms
06xxY	Josh.22.20	קָ֑צֶף	7110 a	HNcmsa
068D3	Josh.22.20	וְ/הוּא֙	c/1931	HC/Pp3ms
06H6s	Josh.22.20	אִ֣ישׁ	376	HNcmsa
06Q3u	Josh.22.20	אֶחָ֔ד	259	HAcmsa
06g4E	Josh.22.20	לֹ֥א	3808	HTn
06nHP	Josh.22.20	גָוַ֖ע	1478	HVqp3ms
06Npf	Josh.22.20	בַּ/עֲוֺנֽ/וֹ	b/5771	HR/Ncbsc/Sp3ms
06TSC	Josh.22.21	וַֽ/יַּעֲנוּ֙	c/6030 b	HC/Vqw3mp
066Gr	Josh.22.21	בְּנֵי	1121 a	HNcmpc
06HFG	Josh.22.21	רְאוּבֵ֣ן	7205	HNp
06UML	Josh.22.21	וּ/בְנֵי	c/1121 a	HC/Ncmpc
06KFu	Josh.22.21	גָ֔ד	1410	HNp
06oBq	Josh.22.21	וַ/חֲצִ֖י	c/2677	HC/Ncmsc
06zF2	Josh.22.21	שֵׁ֣בֶט	7626	HNcmsc
06gEd	Josh.22.21	הַֽ/מְנַשֶּׁ֑ה	d/4519	HTd/Np
06oyj	Josh.22.21	וַֽ/יְדַבְּר֔וּ	c/1696	HC/Vpw3mp
06zVA	Josh.22.21	אֶת	854	HR
06JNz	Josh.22.21	רָאשֵׁ֖י	7218 a	HNcmpc
06BYL	Josh.22.21	אַלְפֵ֥י	505	HAcbpc
06kq6	Josh.22.21	יִשְׂרָאֵֽל	3478	HNp
06MnH	Josh.22.22	אֵל֩	410	HNcmsa
06bQw	Josh.22.22	אֱלֹהִ֨ים	430	HNcmpa
06y6n	Josh.22.22	יְהוָ֜ה	3068	HNp
06xa7	Josh.22.22	אֵ֣ל	410	HNcmsa
06cGb	Josh.22.22	אֱלֹהִ֤ים	430	HNcmpa
06YGx	Josh.22.22	יְהוָה֙	3068	HNp
06pa3	Josh.22.22	ה֣וּא	1931	HPp3ms
06ibA	Josh.22.22	יֹדֵ֔עַ	3045	HVqrmsa
06dvZ	Josh.22.22	וְ/יִשְׂרָאֵ֖ל	c/3478	HC/Np
06hFJ	Josh.22.22	ה֣וּא	1931	HPp3ms
0666z	Josh.22.22	יֵדָ֑ע	3045	HVqj3ms
06AeZ	Josh.22.22	אִם	518 a	HC
06Dsp	Josh.22.22	בְּ/מֶ֤רֶד	b/4777	HR/Ncmsa
06ELA	Josh.22.22	וְ/אִם	c/518 a	HC/C
067dA	Josh.22.22	בְּ/מַ֨עַל֙	b/4604	HR/Ncmsa
06PXX	Josh.22.22	בַּֽ/יהוָ֔ה	b/3068	HR/Np
06yyV	Josh.22.22	אַל	408	HTn
06fQB	Josh.22.22	תּוֹשִׁיעֵ֖/נוּ	3467	HVhj2ms/Sp1cp
06Nkg	Josh.22.22	הַ/יּ֥וֹם	d/3117	HTd/Ncmsa
06WHz	Josh.22.22	הַ/זֶּֽה	d/2088	HTd/Pdxms
06xTn	Josh.22.23	לִ/בְנ֥וֹת	l/1129	HR/Vqc
06XYy	Josh.22.23	לָ֨/נוּ֙	l	HR/Sp1cp
06nbe	Josh.22.23	מִזְבֵּ֔חַ	4196	HNcmsa
06kUz	Josh.22.23	לָ/שׁ֖וּב	l/7725	HR/Vqc
06Amk	Josh.22.23	מֵ/אַחֲרֵ֣י	m/310 a	HR/R
06edi	Josh.22.23	יְהוָ֑ה	3068	HNp
06U5m	Josh.22.23	וְ/אִם	c/518 a	HC/C
068hf	Josh.22.23	לְ/הַעֲל֨וֹת	l/5927	HR/Vhc
06yYd	Josh.22.23	עָלָ֜י/ו	5921 a	HR/Sp3ms
06WnW	Josh.22.23	עוֹלָ֣ה	5930 a	HNcfsa
06K8G	Josh.22.23	וּ/מִנְחָ֗ה	c/4503	HC/Ncfsa
06gEG	Josh.22.23	וְ/אִם	c/518 a	HC/C
0684A	Josh.22.23	לַ/עֲשׂ֤וֹת	l/6213 a	HR/Vqc
06Sgy	Josh.22.23	עָלָי/ו֙	5921 a	HR/Sp3ms
064Ny	Josh.22.23	זִבְחֵ֣י	2077	HNcmpc
06Kvd	Josh.22.23	שְׁלָמִ֔ים	8002	HNcmpa
06ZUS	Josh.22.23	יְהוָ֖ה	3068	HNp
06XoQ	Josh.22.23	ה֥וּא	1931	HPp3ms
06Ujv	Josh.22.23	יְבַקֵּֽשׁ	1245	HVpi3ms
06i5h	Josh.22.24	וְ/אִם	c/518 a	HC/C
06oNy	Josh.22.24	לֹ֤א	3808	HTn
066c6	Josh.22.24	מִ/דְּאָגָה֙	m/1674	HR/Ncfsa
06mRY	Josh.22.24	מִ/דָּבָ֔ר	m/1697	HR/Ncmsa
06Qjx	Josh.22.24	עָשִׂ֥ינוּ	6213 a	HVqp1cp
06UQH	Josh.22.24	אֶת	853	HTo
06TXE	Josh.22.24	זֹ֖את	2063	HPdxfs
06h72	Josh.22.24	לֵ/אמֹ֑ר	l/559	HR/Vqc
06f14	Josh.22.24	מָחָ֗ר	4279	HNcmsa
06XZo	Josh.22.24	יֹאמְר֨וּ	559	HVqi3mp
06Fsc	Josh.22.24	בְנֵי/כֶ֤ם	1121 a	HNcmpc/Sp2mp
06rP9	Josh.22.24	לְ/בָנֵ֨י/נוּ֙	l/1121 a	HR/Ncmpc/Sp1cp
06L9q	Josh.22.24	לֵ/אמֹ֔ר	l/559	HR/Vqc
06hD9	Josh.22.24	מַה	4100	HTi
06R7s	Josh.22.24	לָּ/כֶ֕ם	l	HR/Sp2mp
06U9m	Josh.22.24	וְ/לַֽ/יהוָ֖ה	c/l/3068	HC/R/Np
06X96	Josh.22.24	אֱלֹהֵ֥י	430	HNcmpc
06ZEe	Josh.22.24	יִשְׂרָאֵֽל	3478	HNp
06svc	Josh.22.25	וּ/גְב֣וּל	c/1366	HC/Ncmsa
06Ffh	Josh.22.25	נָֽתַן	5414	HVqp3ms
06wmm	Josh.22.25	יְ֠הוָה	3068	HNp
06Sw7	Josh.22.25	בֵּינֵ֨/נוּ	996	HR/Sp1cp
06eV6	Josh.22.25	וּ/בֵינֵי/כֶ֜ם	c/996	HC/R/Sp2mp
063Hv	Josh.22.25	בְּנֵי	1121 a	HNcmpc
06Q4W	Josh.22.25	רְאוּבֵ֤ן	7205	HNp
06UFn	Josh.22.25	וּ/בְנֵי	c/1121 a	HC/Ncmpc
06YNC	Josh.22.25	גָד֙	1410	HNp
06aR8	Josh.22.25	אֶת	853	HTo
06LkN	Josh.22.25	הַ/יַּרְדֵּ֔ן	d/3383	HTd/Np
06sNT	Josh.22.25	אֵין	369	HTn
06tBw	Josh.22.25	לָ/כֶ֥ם	l	HR/Sp2mp
068Ka	Josh.22.25	חֵ֖לֶק	2506 a	HNcmsa
0635Y	Josh.22.25	בַּֽ/יהוָ֑ה	b/3068	HR/Np
069MC	Josh.22.25	וְ/הִשְׁבִּ֤יתוּ	c/7673 a	HC/Vhp3cp
06L8B	Josh.22.25	בְנֵי/כֶם֙	1121 a	HNcmpc/Sp2mp
06S9i	Josh.22.25	אֶת	853	HTo
06Mv3	Josh.22.25	בָּנֵ֔י/נוּ	1121 a	HNcmpc/Sp1cp
06wVV	Josh.22.25	לְ/בִלְתִּ֖י	l/1115	HR/C
06g4n	Josh.22.25	יְרֹ֥א	3372	HVqc
06kQp	Josh.22.25	אֶת	853	HTo
06Kb6	Josh.22.25	יְהוָֽה	3068	HNp
06b2m	Josh.22.26	וַ/נֹּ֕אמֶר	c/559	HC/Vqw1cp
06ydG	Josh.22.26	נַעֲשֶׂה	6213 a	HVqh1cp
065Fz	Josh.22.26	נָּ֣א	4994	HTj
06fdx	Josh.22.26	לָ֔/נוּ	l	HR/Sp1cp
06nbJ	Josh.22.26	לִ/בְנ֖וֹת	l/1129	HR/Vqc
06kFR	Josh.22.26	אֶת	853	HTo
06bdT	Josh.22.26	הַ/מִּזְבֵּ֑חַ	d/4196	HTd/Ncmsa
06198	Josh.22.26	לֹ֥א	3808	HTn
06zXN	Josh.22.26	לְ/עוֹלָ֖ה	l/5930 a	HR/Ncfsa
06GsJ	Josh.22.26	וְ/לֹ֥א	c/3808	HC/Tn
06Ygk	Josh.22.26	לְ/זָֽבַח	l/2077	HR/Ncmsa
06pvb	Josh.22.27	כִּי֩	3588 a	HC
06ikT	Josh.22.27	עֵ֨ד	5707	HNcmsa
06hkL	Josh.22.27	ה֜וּא	1931	HPp3ms
06Zkg	Josh.22.27	בֵּינֵ֣י/נוּ	996	HR/Sp1cp
06rjG	Josh.22.27	וּ/בֵינֵי/כֶ֗ם	c/996	HC/R/Sp2mp
06Zr3	Josh.22.27	וּ/בֵ֣ין	c/996	HC/R
06wyh	Josh.22.27	דֹּרוֹתֵי/נוּ֮	1755	HNcmpc/Sp1cp
06ptA	Josh.22.27	אַחֲרֵי/נוּ֒	310 a	HR/Sp1cp
06eWf	Josh.22.27	לַ/עֲבֹ֞ד	l/5647	HR/Vqc
06CPj	Josh.22.27	אֶת	853	HTo
0675q	Josh.22.27	עֲבֹדַ֤ת	5656	HNcfsc
06ZEp	Josh.22.27	יְהוָה֙	3068	HNp
06ujr	Josh.22.27	לְ/פָנָ֔י/ו	l/6440	HR/Ncbpc/Sp3ms
06YAj	Josh.22.27	בְּ/עֹלוֹתֵ֥י/נוּ	b/5930 a	HR/Ncfpc/Sp1cp
06vTy	Josh.22.27	וּ/בִ/זְבָחֵ֖י/נוּ	c/b/2077	HC/R/Ncmpc/Sp1cp
06uRq	Josh.22.27	וּ/בִ/שְׁלָמֵ֑י/נוּ	c/b/8002	HC/R/Ncmpc/Sp1cp
06ZEw	Josh.22.27	וְ/לֹא	c/3808	HC/Tn
06WYA	Josh.22.27	יֹאמְר֨וּ	559	HVqi3mp
06qhb	Josh.22.27	בְנֵי/כֶ֤ם	1121 a	HNcmpc/Sp2mp
06GDP	Josh.22.27	מָחָר֙	4279	HNcmsa
06APs	Josh.22.27	לְ/בָנֵ֔י/נוּ	l/1121 a	HR/Ncmpc/Sp1cp
06qXw	Josh.22.27	אֵין	369	HTn
06Gh9	Josh.22.27	לָ/כֶ֥ם	l	HR/Sp2mp
06n4y	Josh.22.27	חֵ֖לֶק	2506 a	HNcmsa
066i6	Josh.22.27	בַּ/יהוָֽה	b/3068	HR/Np
06squ	Josh.22.28	וַ/נֹּ֕אמֶר	c/559	HC/Vqw1cp
06Kgq	Josh.22.28	וְ/הָיָ֗ה	c/1961	HC/Vqp3ms
06v4i	Josh.22.28	כִּֽי	3588 a	HC
06RbN	Josh.22.28	יֹאמְר֥וּ	559	HVqi3mp
069LN	Josh.22.28	אֵלֵ֛י/נוּ	413	HR/Sp1cp
06dof	Josh.22.28	וְ/אֶל	c/413	HC/R
06jCu	Josh.22.28	דֹּרֹתֵ֖י/נוּ	1755	HNcmpc/Sp1cp
06RA2	Josh.22.28	מָחָ֑ר	4279	HNcmsa
0622L	Josh.22.28	וְ/אָמַ֡רְנוּ	c/559	HC/Vqq1cp
06eJb	Josh.22.28	רְא֣וּ	7200	HVqv2mp
06TCo	Josh.22.28	אֶת	853	HTo
061DL	Josh.22.28	תַּבְנִית֩	8403	HNcfsc
06U11	Josh.22.28	מִזְבַּ֨ח	4196	HNcmsc
06wAB	Josh.22.28	יְהוָ֜ה	3068	HNp
06Jdr	Josh.22.28	אֲשֶׁר	834 a	HTr
06kds	Josh.22.28	עָשׂ֣וּ	6213 a	HVqp3cp
06VhE	Josh.22.28	אֲבוֹתֵ֗י/נוּ	1	HNcmpc/Sp1cp
06XYi	Josh.22.28	לֹ֤א	3808	HTn
06ejz	Josh.22.28	לְ/עוֹלָה֙	l/5930 a	HR/Ncfsa
06etA	Josh.22.28	וְ/לֹ֣א	c/3808	HC/Tn
06DcB	Josh.22.28	לְ/זֶ֔בַח	l/2077	HR/Ncmsa
06pEu	Josh.22.28	כִּי	3588 a	HC
06Xoa	Josh.22.28	עֵ֣ד	5707	HNcmsa
06EWC	Josh.22.28	ה֔וּא	1931	HPp3ms
06yDn	Josh.22.28	בֵּינֵ֖י/נוּ	996	HR/Sp1cp
06bJ2	Josh.22.28	וּ/בֵינֵי/כֶֽם	c/996	HC/R/Sp2mp
06YKT	Josh.22.29	חָלִילָ/ה֩	2486	HTj/Sd
06URj	Josh.22.29	לָּ֨/נוּ	l	HR/Sp1cp
066mo	Josh.22.29	מִמֶּ֜/נּוּ	4480 a	HR/Sp1cp
06yxJ	Josh.22.29	לִ/מְרֹ֣ד	l/4775	HR/Vqc
06NM4	Josh.22.29	בַּֽ/יהוָ֗ה	b/3068	HR/Np
06fhU	Josh.22.29	וְ/לָ/שׁ֤וּב	c/l/7725	HC/R/Vqc
06xuo	Josh.22.29	הַ/יּוֹם֙	d/3117	HTd/Ncmsa
06UEp	Josh.22.29	מֵ/אַחֲרֵ֣י	m/310 a	HR/R
06MDn	Josh.22.29	יְהוָ֔ה	3068	HNp
06ju9	Josh.22.29	לִ/בְנ֣וֹת	l/1129	HR/Vqc
06YEm	Josh.22.29	מִזְבֵּ֔חַ	4196	HNcmsa
063xG	Josh.22.29	לְ/עֹלָ֖ה	l/5930 a	HR/Ncfsa
06ZgR	Josh.22.29	לְ/מִנְחָ֣ה	l/4503	HR/Ncfsa
063qk	Josh.22.29	וּ/לְ/זָ֑בַח	c/l/2077	HC/R/Ncmsa
06pGx	Josh.22.29	מִ/לְּ/בַ֗ד	m/l/905	HR/R/Ncmsc
06hv5	Josh.22.29	מִזְבַּח֙	4196	HNcmsc
06QGv	Josh.22.29	יְהוָ֣ה	3068	HNp
06L7y	Josh.22.29	אֱלֹהֵ֔י/נוּ	430	HNcmpc/Sp1cp
06nu8	Josh.22.29	אֲשֶׁ֖ר	834 a	HTr
06n1y	Josh.22.29	לִ/פְנֵ֥י	l/6440	HR/Ncbpc
06Zkm	Josh.22.29	מִשְׁכָּנֽ/וֹ	4908	HNcmsc/Sp3ms
06qVK	Josh.22.30	וַ/יִּשְׁמַ֞ע	c/8085	HC/Vqw3ms
06jBr	Josh.22.30	פִּֽינְחָ֣ס	6372	HNp
06cgK	Josh.22.30	הַ/כֹּהֵ֗ן	d/3548	HTd/Ncmsa
06Nqr	Josh.22.30	וּ/נְשִׂיאֵ֨י	c/5387 a	HC/Ncmpc
06LxX	Josh.22.30	הָ/עֵדָ֜ה	d/5712	HTd/Ncfsa
06Ljx	Josh.22.30	וְ/רָאשֵׁ֨י	c/7218 a	HC/Ncmpc
06bus	Josh.22.30	אַלְפֵ֤י	505	HAcbpc
06NNv	Josh.22.30	יִשְׂרָאֵל֙	3478	HNp
06M37	Josh.22.30	אֲשֶׁ֣ר	834 a	HTr
06f1x	Josh.22.30	אִתּ֔/וֹ	854	HR/Sp3ms
063r7	Josh.22.30	אֶת	853	HTo
06Zw5	Josh.22.30	הַ֨/דְּבָרִ֔ים	d/1697	HTd/Ncmpa
06nu3	Josh.22.30	אֲשֶׁ֧ר	834 a	HTr
06VNP	Josh.22.30	דִּבְּר֛וּ	1696	HVpp3cp
06jsx	Josh.22.30	בְּנֵי	1121 a	HNcmpc
06JD3	Josh.22.30	רְאוּבֵ֥ן	7205	HNp
064eU	Josh.22.30	וּ/בְנֵי	c/1121 a	HC/Ncmpc
06ypB	Josh.22.30	גָ֖ד	1410	HNp
06svx	Josh.22.30	וּ/בְנֵ֣י	c/1121 a	HC/Ncmpc
06mrL	Josh.22.30	מְנַשֶּׁ֑ה	4519	HNp
06d8S	Josh.22.30	וַ/יִּיטַ֖ב	c/3190	HC/Vqw3ms
06tSP	Josh.22.30	בְּ/עֵינֵי/הֶֽם	b/5869 a	HR/Ncbdc/Sp3mp
06bjP	Josh.22.31	וַ/יֹּ֣אמֶר	c/559	HC/Vqw3ms
06aKU	Josh.22.31	פִּֽינְחָ֣ס	6372	HNp
06iBY	Josh.22.31	בֶּן	1121 a	HNcmsc
06gw3	Josh.22.31	אֶלְעָזָ֣ר	499	HNp
06Wee	Josh.22.31	הַ/כֹּהֵ֡ן	d/3548	HTd/Ncmsa
06Zc7	Josh.22.31	אֶל	413	HR
06Ee2	Josh.22.31	בְּנֵי	1121 a	HNcmpc
06ZHm	Josh.22.31	רְאוּבֵ֨ן	7205	HNp
06ofL	Josh.22.31	וְ/אֶל	c/413	HC/R
06GhY	Josh.22.31	בְּנֵי	1121 a	HNcmpc
069n6	Josh.22.31	גָ֜ד	1410	HNp
06TPj	Josh.22.31	וְ/אֶל	c/413	HC/R
06rvH	Josh.22.31	בְּנֵ֣י	1121 a	HNcmpc
06nVc	Josh.22.31	מְנַשֶּׁ֗ה	4519	HNp
06Yqo	Josh.22.31	הַ/יּ֤וֹם	d/3117	HTd/Ncmsa
06uKG	Josh.22.31	יָדַ֨עְנוּ֙	3045	HVqp1cp
06KoS	Josh.22.31	כִּֽי	3588 a	HC
06y1v	Josh.22.31	בְ/תוֹכֵ֣/נוּ	b/8432	HR/Ncmsc/Sp1cp
06nD3	Josh.22.31	יְהוָ֔ה	3068	HNp
06aDh	Josh.22.31	אֲשֶׁ֛ר	834 a	HTr
06XXA	Josh.22.31	לֹֽא	3808	HTn
06BRn	Josh.22.31	מְעַלְתֶּ֥ם	4603	HVqp2mp
06BCo	Josh.22.31	בַּֽ/יהוָ֖ה	b/3068	HR/Np
06jY8	Josh.22.31	הַ/מַּ֣עַל	d/4604	HTd/Ncmsa
06ANE	Josh.22.31	הַ/זֶּ֑ה	d/2088	HTd/Pdxms
06ss1	Josh.22.31	אָ֗ז	227 a	HD
06kyF	Josh.22.31	הִצַּלְתֶּ֛ם	5337	HVhp2mp
06AkE	Josh.22.31	אֶת	853	HTo
06cyn	Josh.22.31	בְּנֵ֥י	1121 a	HNcmpc
06TX5	Josh.22.31	יִשְׂרָאֵ֖ל	3478	HNp
06awA	Josh.22.31	מִ/יַּ֥ד	m/3027	HR/Ncbsc
065Ga	Josh.22.31	יְהוָֽה	3068	HNp
06jvj	Josh.22.32	וַ/יָּ֣שָׁב	c/7725	HC/Vqw3ms
06bfj	Josh.22.32	פִּֽינְחָ֣ס	6372	HNp
06ZMA	Josh.22.32	בֶּן	1121 a	HNcmsc
06mWA	Josh.22.32	אֶלְעָזָ֣ר	499	HNp
06rm7	Josh.22.32	הַ/כֹּהֵ֣ן	d/3548	HTd/Ncmsa
06yug	Josh.22.32	וְ/הַ/נְּשִׂיאִ֡ים	c/d/5387 a	HC/Td/Ncmpa
06Bpi	Josh.22.32	מֵ/אֵ֣ת	m/854	HR/R
06HGn	Josh.22.32	בְּנֵֽי	1121 a	HNcmpc
061u6	Josh.22.32	רְאוּבֵן֩	7205	HNp
06jE7	Josh.22.32	וּ/מֵ/אֵ֨ת	c/m/853	HC/R/To
067Ws	Josh.22.32	בְּנֵי	1121 a	HNcmpc
06WPv	Josh.22.32	גָ֜ד	1410	HNp
06and	Josh.22.32	מֵ/אֶ֧רֶץ	m/776	HR/Ncbsc
06q86	Josh.22.32	הַ/גִּלְעָ֛ד	d/1568	HTd/Np
06JYX	Josh.22.32	אֶל	413	HR
06dzt	Josh.22.32	אֶ֥רֶץ	776	HNcbsc
06Wat	Josh.22.32	כְּנַ֖עַן	3667 a	HNp
06cpA	Josh.22.32	אֶל	413	HR
06RUY	Josh.22.32	בְּנֵ֣י	1121 a	HNcmpc
06h1u	Josh.22.32	יִשְׂרָאֵ֑ל	3478	HNp
06Zs6	Josh.22.32	וַ/יָּשִׁ֥בוּ	c/7725	HC/Vhw3mp
06yap	Josh.22.32	אוֹתָ֖/ם	853	HTo/Sp3mp
06ioT	Josh.22.32	דָּבָֽר	1697	HNcmsa
06bLg	Josh.22.33	וַ/יִּיטַ֣ב	c/3190	HC/Vqw3ms
06WPW	Josh.22.33	הַ/דָּבָ֗ר	d/1697	HTd/Ncmsa
06p3p	Josh.22.33	בְּ/עֵינֵי֙	b/5869 a	HR/Ncbdc
06ehS	Josh.22.33	בְּנֵ֣י	1121 a	HNcmpc
06Rwe	Josh.22.33	יִשְׂרָאֵ֔ל	3478	HNp
06RFg	Josh.22.33	וַ/יְבָרֲכ֥וּ	c/1288	HC/Vpw3mp
06x37	Josh.22.33	אֱלֹהִ֖ים	430	HNcmpa
06Sni	Josh.22.33	בְּנֵ֣י	1121 a	HNcmpc
06KYM	Josh.22.33	יִשְׂרָאֵ֑ל	3478	HNp
06138	Josh.22.33	וְ/לֹ֣א	c/3808	HC/Tn
06t9r	Josh.22.33	אָמְר֗וּ	559	HVqp3cp
06A87	Josh.22.33	לַ/עֲל֤וֹת	l/5927	HR/Vqc
06Qfw	Josh.22.33	עֲלֵי/הֶם֙	5921 a	HR/Sp3mp
06Ny9	Josh.22.33	לַ/צָּבָ֔א	l/6635 a	HRd/Ncbsa
06kpB	Josh.22.33	לְ/שַׁחֵת֙	l/7843	HR/Vpc
06Gka	Josh.22.33	אֶת	853	HTo
065s2	Josh.22.33	הָ/אָ֔רֶץ	d/776	HTd/Ncbsa
06oD3	Josh.22.33	אֲשֶׁ֛ר	834 a	HTr
06FpP	Josh.22.33	בְּנֵי	1121 a	HNcmpc
06T11	Josh.22.33	רְאוּבֵ֥ן	7205	HNp
06Kt2	Josh.22.33	וּ/בְנֵי	c/1121 a	HC/Ncmpc
06pVF	Josh.22.33	גָ֖ד	1410	HNp
0646N	Josh.22.33	יֹשְׁבִ֥ים	3427	HVqrmpa
06g7R	Josh.22.33	בָּֽ/הּ	b	HR/Sp3fs
06hVa	Josh.22.34	וַֽ/יִּקְרְא֛וּ	c/7121	HC/Vqw3mp
06gaf	Josh.22.34	בְּנֵי	1121 a	HNcmpc
06MGb	Josh.22.34	רְאוּבֵ֥ן	7205	HNp
06BsP	Josh.22.34	וּ/בְנֵי	c/1121 a	HC/Ncmpc
06x9n	Josh.22.34	גָ֖ד	1410	HNp
06e4W	Josh.22.34	לַ/מִּזְבֵּ֑חַ	l/4196	HRd/Ncmsa
06ukG	Josh.22.34	כִּ֣י	3588 a	HC
06P19	Josh.22.34	עֵ֥ד	5707	HNcmsa
06YBg	Josh.22.34	הוּא֙	1931	HPp3ms
06tJt	Josh.22.34	בֵּֽינֹתֵ֔י/נוּ	996	HR/Sp1cp
06T3b	Josh.22.34	כִּ֥י	3588 a	HC
06zpd	Josh.22.34	יְהוָ֖ה	3068	HNp
06fo4	Josh.22.34	הָ/אֱלֹהִֽים	d/430	HTd/Ncmpa
06JcQ	Josh.23.1	וַֽ/יְהִי֙	c/1961	HC/Vqw3ms
06nsG	Josh.23.1	מִ/יָּמִ֣ים	m/3117	HR/Ncmpa
06gsU	Josh.23.1	רַבִּ֔ים	7227 a	HAampa
067qg	Josh.23.1	אַ֠חֲרֵי	310 a	HR
06e5s	Josh.23.1	אֲשֶׁר	834 a	HTr
06W55	Josh.23.1	הֵנִ֨יחַ	5117	HVhp3ms
06M2X	Josh.23.1	יְהוָ֧ה	3068	HNp
06n34	Josh.23.1	לְ/יִשְׂרָאֵ֛ל	l/3478	HR/Np
06mvp	Josh.23.1	מִ/כָּל	m/3605	HR/Ncmsc
06sxM	Josh.23.1	אֹיְבֵי/הֶ֖ם	341	HVqrmpc/Sp3mp
06DwN	Josh.23.1	מִ/סָּבִ֑יב	m/5439	HR/Ncbsa
06geR	Josh.23.1	וִ/יהוֹשֻׁ֣עַ	c/3091	HC/Np
06XSs	Josh.23.1	זָקֵ֔ן	2204	HVqp3ms
06gF9	Josh.23.1	בָּ֖א	935	HVqp3ms
06jPg	Josh.23.1	בַּ/יָּמִֽים	b/3117	HRd/Ncmpa
06fmE	Josh.23.2	וַ/יִּקְרָ֤א	c/7121	HC/Vqw3ms
068Jb	Josh.23.2	יְהוֹשֻׁ֨עַ֙	3091	HNp
06ow7	Josh.23.2	לְ/כָל	l/3605	HR/Ncmsc
06FpJ	Josh.23.2	יִשְׂרָאֵ֔ל	3478	HNp
06oHD	Josh.23.2	לִ/זְקֵנָי/ו֙	l/2205	HR/Aampc/Sp3ms
06Gyh	Josh.23.2	וּ/לְ/רָאשָׁ֔י/ו	c/l/7218 a	HC/R/Ncmpc/Sp3ms
06uZa	Josh.23.2	וּ/לְ/שֹׁפְטָ֖י/ו	c/l/8199	HC/R/Vqrmpc/Sp3ms
06Y9V	Josh.23.2	וּ/לְ/שֹֽׁטְרָ֑י/ו	c/l/7860	HC/R/Vqrmpc/Sp3ms
06n71	Josh.23.2	וַ/יֹּ֣אמֶר	c/559	HC/Vqw3ms
06qj9	Josh.23.2	אֲלֵ/הֶ֔ם	413	HR/Sp3mp
06Yip	Josh.23.2	אֲנִ֣י	589	HPp1cs
06Bjm	Josh.23.2	זָקַ֔נְתִּי	2204	HVqp1cs
06LJT	Josh.23.2	בָּ֖אתִי	935	HVqp1cs
067Tg	Josh.23.2	בַּ/יָּמִֽים	b/3117	HRd/Ncmpa
06owQ	Josh.23.3	וְ/אַתֶּ֣ם	c/859 d	HC/Pp2mp
06G3J	Josh.23.3	רְאִיתֶ֗ם	7200	HVqp2mp
06WoZ	Josh.23.3	אֵת֩	853	HTo
06W2r	Josh.23.3	כָּל	3605	HNcmsc
06KPR	Josh.23.3	אֲשֶׁ֨ר	834 a	HTr
06cee	Josh.23.3	עָשָׂ֜ה	6213 a	HVqp3ms
06tND	Josh.23.3	יְהוָ֧ה	3068	HNp
06eZx	Josh.23.3	אֱלֹהֵי/כֶ֛ם	430	HNcmpc/Sp2mp
06nbw	Josh.23.3	לְ/כָל	l/3605	HR/Ncmsc
06Ucv	Josh.23.3	הַ/גּוֹיִ֥ם	d/1471 a	HTd/Ncmpa
061j8	Josh.23.3	הָ/אֵ֖לֶּה	d/428	HTd/Pdxcp
06Vh8	Josh.23.3	מִ/פְּנֵי/כֶ֑ם	m/6440	HR/Ncbpc/Sp2mp
06eFt	Josh.23.3	כִּ֚י	3588 a	HC
06Mgt	Josh.23.3	יְהוָ֣ה	3068	HNp
06tCS	Josh.23.3	אֱלֹהֵי/כֶ֔ם	430	HNcmpc/Sp2mp
06PrL	Josh.23.3	ה֖וּא	1931	HPp3ms
06q8X	Josh.23.3	הַ/נִּלְחָ֥ם	d/3898 a	HTd/VNrmsa
06VGa	Josh.23.3	לָ/כֶֽם	l	HR/Sp2mp
06bMM	Josh.23.4	רְאוּ֩	7200	HVqv2mp
06GSx	Josh.23.4	הִפַּ֨לְתִּי	5307	HVhp1cs
069dP	Josh.23.4	לָ/כֶ֜ם	l	HR/Sp2mp
06dvk	Josh.23.4	אֶֽת	853	HTo
06uUS	Josh.23.4	הַ֠/גּוֹיִם	d/1471 a	HTd/Ncmpa
06EjV	Josh.23.4	הַ/נִּשְׁאָרִ֥ים	d/7604	HTd/VNrmpa
06Sps	Josh.23.4	הָ/אֵ֛לֶּה	d/428	HTd/Pdxcp
06keq	Josh.23.4	בְּ/נַחֲלָ֖ה	b/5159	HR/Ncfsa
06BSE	Josh.23.4	לְ/שִׁבְטֵי/כֶ֑ם	l/7626	HR/Ncmpc/Sp2mp
06JVW	Josh.23.4	מִן	4480 a	HR
06u6J	Josh.23.4	הַ/יַּרְדֵּ֗ן	d/3383	HTd/Np
063Hq	Josh.23.4	וְ/כָל	c/3605	HC/Ncmsc
06Unp	Josh.23.4	הַ/גּוֹיִם֙	d/1471 a	HTd/Ncmpa
06oNu	Josh.23.4	אֲשֶׁ֣ר	834 a	HTr
062ZC	Josh.23.4	הִכְרַ֔תִּי	3772	HVhp1cs
062Pn	Josh.23.4	וְ/הַ/יָּ֥ם	c/d/3220	HC/Td/Ncmsa
06Jw6	Josh.23.4	הַ/גָּד֖וֹל	d/1419 a	HTd/Aamsa
06qYt	Josh.23.4	מְב֥וֹא	3996	HNcmsc
06BnB	Josh.23.4	הַ/שָּֽׁמֶשׁ	d/8121	HTd/Ncbsa
06Vap	Josh.23.5	וַ/יהוָ֣ה	c/3068	HC/Np
06tB6	Josh.23.5	אֱלֹֽהֵי/כֶ֗ם	430	HNcmpc/Sp2mp
06oC1	Josh.23.5	ה֚וּא	1931	HPp3ms
06bst	Josh.23.5	יֶהְדֳּפֵ֣/ם	1920	HVqi3ms/Sp3mp
065iT	Josh.23.5	מִ/פְּנֵי/כֶ֔ם	m/6440	HR/Ncbpc/Sp2mp
06Jmq	Josh.23.5	וְ/הוֹרִ֥ישׁ	c/3423	HC/Vhq3ms
06z9m	Josh.23.5	אֹתָ֖/ם	853	HTo/Sp3mp
06XNh	Josh.23.5	מִ/לִּ/פְנֵי/כֶ֑ם	m/l/6440	HR/R/Ncbpc/Sp2mp
06Xxb	Josh.23.5	וִֽ/ירִשְׁתֶּם֙	c/3423	HC/Vqq2mp
06j3N	Josh.23.5	אֶת	853	HTo
06KhX	Josh.23.5	אַרְצָ֔/ם	776	HNcbsc/Sp3mp
06WPh	Josh.23.5	כַּ/אֲשֶׁ֥ר	k/834 d	HR/Tr
06K6n	Josh.23.5	דִּבֶּ֛ר	1696	HVpp3ms
0678e	Josh.23.5	יְהוָ֥ה	3068	HNp
06Xdw	Josh.23.5	אֱלֹהֵי/כֶ֖ם	430	HNcmpc/Sp2mp
06EPY	Josh.23.5	לָ/כֶֽם	l	HR/Sp2mp
06FRd	Josh.23.6	וַ/חֲזַקְתֶּ֣ם	c/2388	HC/Vqq2mp
06k4p	Josh.23.6	מְאֹ֔ד	3966	HD
06ZJp	Josh.23.6	לִ/שְׁמֹ֣ר	l/8104	HR/Vqc
06TTa	Josh.23.6	וְ/לַ/עֲשׂ֔וֹת	c/l/6213 a	HC/R/Vqc
06sCD	Josh.23.6	אֵ֚ת	853	HTo
06hCJ	Josh.23.6	כָּל	3605	HNcmsc
06siM	Josh.23.6	הַ/כָּת֔וּב	d/3789	HTd/Vqsmsa
0612P	Josh.23.6	בְּ/סֵ֖פֶר	b/5612 a	HR/Ncmsc
06yb4	Josh.23.6	תּוֹרַ֣ת	8451	HNcfsc
06Qer	Josh.23.6	מֹשֶׁ֑ה	4872	HNp
06LfY	Josh.23.6	לְ/בִלְתִּ֥י	l/1115	HR/C
06ENP	Josh.23.6	סוּר	5493	HVqc
06ZoA	Josh.23.6	מִמֶּ֖/נּוּ	4480 a	HR/Sp1cp
06Suu	Josh.23.6	יָמִ֥ין	3225	HNcfsa
06oPW	Josh.23.6	וּ/שְׂמֹֽאול	c/8040	HC/Ncmsa
06iAu	Josh.23.7	לְ/בִלְתִּי	l/1115	HR/C
06oPN	Josh.23.7	בוֹא֙	935	HVqc
06pDT	Josh.23.7	בַּ/גּוֹיִ֣ם	b/1471 a	HRd/Ncmpa
06HJm	Josh.23.7	הָ/אֵ֔לֶּה	d/428	HTd/Pdxcp
06fTU	Josh.23.7	הַ/נִּשְׁאָרִ֥ים	d/7604	HTd/VNrmpa
06t8B	Josh.23.7	הָ/אֵ֖לֶּה	d/428	HTd/Pdxcp
06eaq	Josh.23.7	אִתְּ/כֶ֑ם	854	HR/Sp2mp
06azR	Josh.23.7	וּ/בְ/שֵׁ֨ם	c/b/8034	HC/R/Ncmsc
06jQQ	Josh.23.7	אֱלֹהֵי/הֶ֤ם	430	HNcmpc/Sp3mp
06sDb	Josh.23.7	לֹא	3808	HTn
06s1w	Josh.23.7	תַזְכִּ֨ירוּ֙	2142	HVhi2mp
06DPf	Josh.23.7	וְ/לֹ֣א	c/3808	HC/Tn
06rWo	Josh.23.7	תַשְׁבִּ֔יעוּ	7650	HVhi2mp
06sKc	Josh.23.7	וְ/לֹ֣א	c/3808	HC/Tn
066fn	Josh.23.7	תַעַבְד֔וּ/ם	5647	HVqi2mp/Sp3mp
06Cf5	Josh.23.7	וְ/לֹ֥א	c/3808	HC/Tn
06WAB	Josh.23.7	תִֽשְׁתַּחֲו֖וּ	7812	HVvi2mp
06jth	Josh.23.7	לָ/הֶֽם	l	HR/Sp3mp
06Rbd	Josh.23.8	כִּ֛י	3588 b	HC
06XCe	Josh.23.8	אִם	518 b	HC
0697G	Josh.23.8	בַּ/יהוָ֥ה	b/3068	HR/Np
065qf	Josh.23.8	אֱלֹהֵי/כֶ֖ם	430	HNcmpc/Sp2mp
06UBZ	Josh.23.8	תִּדְבָּ֑קוּ	1692	HVqi2mp
069h4	Josh.23.8	כַּ/אֲשֶׁ֣ר	k/834 d	HR/Tr
06axx	Josh.23.8	עֲשִׂיתֶ֔ם	6213 a	HVqp2mp
06jdG	Josh.23.8	עַ֖ד	5704	HR
06J4J	Josh.23.8	הַ/יּ֥וֹם	d/3117	HTd/Ncmsa
06PWn	Josh.23.8	הַ/זֶּֽה	d/2088	HTd/Pdxms
06HsD	Josh.23.9	וַ/יּ֤וֹרֶשׁ	c/3423	HC/Vhw3ms
06ph7	Josh.23.9	יְהוָה֙	3068	HNp
06XFJ	Josh.23.9	מִ/פְּנֵי/כֶ֔ם	m/6440	HR/Ncbpc/Sp2mp
063iH	Josh.23.9	גּוֹיִ֖ם	1471 a	HNcmpa
06uY4	Josh.23.9	גְּדֹלִ֣ים	1419 a	HAampa
06H5C	Josh.23.9	וַ/עֲצוּמִ֑ים	c/6099	HC/Aampa
06gut	Josh.23.9	וְ/אַתֶּ֗ם	c/859 d	HC/Pp2mp
066rs	Josh.23.9	לֹא	3808	HTn
06iU2	Josh.23.9	עָ֤מַד	5975	HVqp3ms
06KDJ	Josh.23.9	אִישׁ֙	376	HNcmsa
06Yko	Josh.23.9	בִּ/פְנֵי/כֶ֔ם	b/6440	HR/Ncbpc/Sp2mp
06TbR	Josh.23.9	עַ֖ד	5704	HR
06ytT	Josh.23.9	הַ/יּ֥וֹם	d/3117	HTd/Ncmsa
06ATb	Josh.23.9	הַ/זֶּֽה	d/2088	HTd/Pdxms
06ETp	Josh.23.10	אִישׁ	376	HNcmsa
06VmE	Josh.23.10	אֶחָ֥ד	259	HAcmsa
06UNE	Josh.23.10	מִ/כֶּ֖ם	m/4480 a	HR/Sp2mp
06uJA	Josh.23.10	יִרְדָּף	7291	HVqi3ms
0628S	Josh.23.10	אָ֑לֶף	505	HAcbsa
06cLf	Josh.23.10	כִּ֣י	3588 a	HC
069FC	Josh.23.10	יְהוָ֣ה	3068	HNp
06vyf	Josh.23.10	אֱלֹהֵי/כֶ֗ם	430	HNcmpc/Sp2mp
06joM	Josh.23.10	ה֚וּא	1931	HPp3ms
0616u	Josh.23.10	הַ/נִּלְחָ֣ם	d/3898 a	HTd/VNrmsa
06Sac	Josh.23.10	לָ/כֶ֔ם	l	HR/Sp2mp
06UsZ	Josh.23.10	כַּ/אֲשֶׁ֖ר	k/834 d	HR/Tr
065AU	Josh.23.10	דִּבֶּ֥ר	1696	HVpp3ms
061ZY	Josh.23.10	לָ/כֶֽם	l	HR/Sp2mp
06e8V	Josh.23.11	וְ/נִשְׁמַרְתֶּ֥ם	c/8104	HC/VNq2mp
06XGf	Josh.23.11	מְאֹ֖ד	3966	HD
063kn	Josh.23.11	לְ/נַפְשֹֽׁתֵי/כֶ֑ם	l/5315	HR/Ncbpc/Sp2mp
067pC	Josh.23.11	לְ/אַהֲבָ֖ה	l/157	HR/Vqc
06CY7	Josh.23.11	אֶת	853	HTo
06opR	Josh.23.11	יְהוָ֥ה	3068	HNp
06VdB	Josh.23.11	אֱלֹהֵי/כֶֽם	430	HNcmpc/Sp2mp
06Qwa	Josh.23.12	כִּ֣י	3588 b	HC
06FaZ	Josh.23.12	אִם	518 b	HC
06XSd	Josh.23.12	שׁ֣וֹב	7725	HVqa
06SgK	Josh.23.12	תָּשׁ֗וּבוּ	7725	HVqi2mp
06VX4	Josh.23.12	וּ/דְבַקְתֶּם֙	c/1692	HC/Vqq2mp
06KjA	Josh.23.12	בְּ/יֶ֨תֶר֙	b/3499 a	HR/Ncmsc
06N2F	Josh.23.12	הַ/גּוֹיִ֣ם	d/1471 a	HTd/Ncmpa
06bfN	Josh.23.12	הָ/אֵ֔לֶּה	d/428	HTd/Pdxcp
06Bkn	Josh.23.12	הַ/נִּשְׁאָרִ֥ים	d/7604	HTd/VNrmpa
06KyM	Josh.23.12	הָ/אֵ֖לֶּה	d/428	HTd/Pdxcp
066D5	Josh.23.12	אִתְּ/כֶ֑ם	854	HR/Sp2mp
06mrF	Josh.23.12	וְ/הִֽתְחַתַּנְתֶּ֥ם	c/2859 b	HC/Vtq2mp
06fKs	Josh.23.12	בָּ/הֶ֛ם	b	HR/Sp3mp
06vsB	Josh.23.12	וּ/בָאתֶ֥ם	c/935	HC/Vqq2mp
061TK	Josh.23.12	בָּ/הֶ֖ם	b	HR/Sp3mp
06JSH	Josh.23.12	וְ/הֵ֥ם	c/1992	HC/Pp3mp
06hTk	Josh.23.12	בָּ/כֶֽם	b	HR/Sp2mp
06buz	Josh.23.13	יָד֨וֹעַ֙	3045	HVqa
06Le9	Josh.23.13	תֵּֽדְע֔וּ	3045	HVqi2mp
06RkQ	Josh.23.13	כִּי֩	3588 a	HC
06Z5v	Josh.23.13	לֹ֨א	3808	HTn
06ajx	Josh.23.13	יוֹסִ֜יף	3254	HVhi3ms
06vVb	Josh.23.13	יְהוָ֣ה	3068	HNp
06SPW	Josh.23.13	אֱלֹהֵי/כֶ֗ם	430	HNcmpc/Sp2mp
06Y3a	Josh.23.13	לְ/הוֹרִ֛ישׁ	l/3423	HR/Vhc
06T6R	Josh.23.13	אֶת	853	HTo
06h5B	Josh.23.13	הַ/גּוֹיִ֥ם	d/1471 a	HTd/Ncmpa
06ABc	Josh.23.13	הָ/אֵ֖לֶּה	d/428	HTd/Pdxcp
06hAZ	Josh.23.13	מִ/לִּ/פְנֵי/כֶ֑ם	m/l/6440	HR/R/Ncbpc/Sp2mp
06VjZ	Josh.23.13	וְ/הָי֨וּ	c/1961	HC/Vqq3cp
06XCY	Josh.23.13	לָ/כֶ֜ם	l	HR/Sp2mp
06Q6t	Josh.23.13	לְ/פַ֣ח	l/6341 a	HR/Ncmsa
06CNu	Josh.23.13	וּ/לְ/מוֹקֵ֗שׁ	c/l/4170	HC/R/Ncmsa
06bNQ	Josh.23.13	וּ/לְ/שֹׁטֵ֤ט	c/l/7850	HC/R/Ncmsa
06YTX	Josh.23.13	בְּ/צִדֵּי/כֶם֙	b/6654	HR/Ncmpc/Sp2mp
06yK8	Josh.23.13	וְ/לִ/צְנִנִ֣ים	c/l/6796	HC/R/Ncmpa
06F7i	Josh.23.13	בְּ/עֵינֵי/כֶ֔ם	b/5869 a	HR/Ncbdc/Sp2mp
06x1o	Josh.23.13	עַד	5704	HR
06Ju6	Josh.23.13	אֲבָדְ/כֶ֗ם	6	HVqc/Sp2mp
06iac	Josh.23.13	מֵ֠/עַל	m/5921 a	HR/R
06KGC	Josh.23.13	הָ/אֲדָמָ֤ה	d/127	HTd/Ncfsa
069p6	Josh.23.13	הַ/טּוֹבָה֙	d/2896 a	HTd/Aafsa
06cBd	Josh.23.13	הַ/זֹּ֔את	d/2063	HTd/Pdxfs
06mi6	Josh.23.13	אֲשֶׁר֙	834 a	HTr
06xQQ	Josh.23.13	נָתַ֣ן	5414	HVqp3ms
06piH	Josh.23.13	לָ/כֶ֔ם	l	HR/Sp2mp
06wZ1	Josh.23.13	יְהוָ֖ה	3068	HNp
06Gog	Josh.23.13	אֱלֹהֵי/כֶֽם	430	HNcmpc/Sp2mp
06wpw	Josh.23.14	וְ/הִנֵּ֨ה	c/2009	HC/Tm
06dQ2	Josh.23.14	אָנֹכִ֤י	595	HPp1cs
06rq5	Josh.23.14	הוֹלֵךְ֙	1980	HVqrmsa
06TKr	Josh.23.14	הַ/יּ֔וֹם	d/3117	HTd/Ncmsa
06KZ6	Josh.23.14	בְּ/דֶ֖רֶךְ	b/1870	HR/Ncbsc
06gGN	Josh.23.14	כָּל	3605	HNcmsc
06LF1	Josh.23.14	הָ/אָ֑רֶץ	d/776	HTd/Ncbsa
06os3	Josh.23.14	וִ/ידַעְתֶּ֞ם	c/3045	HC/Vqq2mp
06bZo	Josh.23.14	בְּ/כָל	b/3605	HR/Ncmsc
0637i	Josh.23.14	לְבַבְ/כֶ֣ם	3824	HNcmsc/Sp2mp
06WkH	Josh.23.14	וּ/בְ/כָל	c/b/3605	HC/R/Ncmsc
06oxo	Josh.23.14	נַפְשְׁ/כֶ֗ם	5315	HNcbsc/Sp2mp
06xrs	Josh.23.14	כִּ֣י	3588 a	HC
062Yq	Josh.23.14	לֹֽא	3808	HTn
0626h	Josh.23.14	נָפַל֩	5307	HVqp3ms
06v8s	Josh.23.14	דָּבָ֨ר	1697	HNcmsa
069V6	Josh.23.14	אֶחָ֜ד	259	HAcmsa
06hN7	Josh.23.14	מִ/כֹּ֣ל	m/3605	HR/Ncmsc
06p9V	Josh.23.14	הַ/דְּבָרִ֣ים	d/1697	HTd/Ncmpa
06cdq	Josh.23.14	הַ/טּוֹבִ֗ים	d/2896 a	HTd/Aampa
06VtC	Josh.23.14	אֲשֶׁ֨ר	834 a	HTr
06epZ	Josh.23.14	דִּבֶּ֜ר	1696	HVpp3ms
061xJ	Josh.23.14	יְהוָ֤ה	3068	HNp
06XbU	Josh.23.14	אֱלֹהֵי/כֶם֙	430	HNcmpc/Sp2mp
06ou6	Josh.23.14	עֲלֵי/כֶ֔ם	5921 a	HR/Sp2mp
06kMS	Josh.23.14	הַ/כֹּל֙	d/3605	HTd/Ncmsa
06NAE	Josh.23.14	בָּ֣אוּ	935	HVqp3cp
06xRx	Josh.23.14	לָ/כֶ֔ם	l	HR/Sp2mp
06252	Josh.23.14	לֹֽא	3808	HTn
06Unw	Josh.23.14	נָפַ֥ל	5307	HVqp3ms
06u7Y	Josh.23.14	מִמֶּ֖/נּוּ	4480 a	HR/Sp1cp
062Eo	Josh.23.14	דָּבָ֥ר	1697	HNcmsa
06mbv	Josh.23.14	אֶחָֽד	259	HAcmsa
06vVi	Josh.23.15	וְ/הָיָ֗ה	c/1961	HC/Vqq3ms
06iaN	Josh.23.15	כַּ/אֲשֶׁר	k/834 d	HR/Tr
062EZ	Josh.23.15	בָּ֤א	935	HVqp3ms
06yTw	Josh.23.15	עֲלֵי/כֶם֙	5921 a	HR/Sp2mp
062hV	Josh.23.15	כָּל	3605	HNcmsc
06BrS	Josh.23.15	הַ/דָּבָ֣ר	d/1697	HTd/Ncmsa
06RC3	Josh.23.15	הַ/טּ֔וֹב	d/2896 a	HTd/Aamsa
066NZ	Josh.23.15	אֲשֶׁ֥ר	834 a	HTr
06WEx	Josh.23.15	דִּבֶּ֛ר	1696	HVpp3ms
06ew1	Josh.23.15	יְהוָ֥ה	3068	HNp
06Bo9	Josh.23.15	אֱלֹהֵי/כֶ֖ם	430	HNcmpc/Sp2mp
06HfX	Josh.23.15	אֲלֵי/כֶ֑ם	413	HR/Sp2mp
06RCH	Josh.23.15	כֵּן֩	3651 c	HTm
06YUj	Josh.23.15	יָבִ֨יא	935	HVhi3ms
06ykU	Josh.23.15	יְהוָ֜ה	3068	HNp
06qFt	Josh.23.15	עֲלֵי/כֶ֗ם	5921 a	HR/Sp2mp
06njs	Josh.23.15	אֵ֚ת	853	HTo
06zi5	Josh.23.15	כָּל	3605	HNcmsc
06ce6	Josh.23.15	הַ/דָּבָ֣ר	d/1697	HTd/Ncmsa
0655V	Josh.23.15	הָ/רָ֔ע	d/7451 a	HTd/Aamsa
06SQT	Josh.23.15	עַד	5704	HR
06bba	Josh.23.15	הַשְׁמִיד֣/וֹ	8045	HVhc/Sp3ms
06WaL	Josh.23.15	אוֹתְ/כֶ֗ם	853	HTo/Sp2mp
06huJ	Josh.23.15	מֵ֠/עַל	m/5921 a	HR/R
06nnW	Josh.23.15	הָ/אֲדָמָ֤ה	d/127	HTd/Ncfsa
061Sg	Josh.23.15	הַ/טּוֹבָה֙	d/2896 a	HTd/Aafsa
06Pka	Josh.23.15	הַ/זֹּ֔את	d/2063	HTd/Pdxfs
06tvr	Josh.23.15	אֲשֶׁר֙	834 a	HTr
0669q	Josh.23.15	נָתַ֣ן	5414	HVqp3ms
06qn3	Josh.23.15	לָ/כֶ֔ם	l	HR/Sp2mp
06Am6	Josh.23.15	יְהוָ֖ה	3068	HNp
0663o	Josh.23.15	אֱלֹהֵי/כֶֽם	430	HNcmpc/Sp2mp
06u1x	Josh.23.16	בְּ֠/עָבְרְ/כֶם	b/5674 a	HR/Vqc/Sp2mp
06jKB	Josh.23.16	אֶת	853	HTo
06GPt	Josh.23.16	בְּרִ֨ית	1285	HNcfsc
06bCn	Josh.23.16	יְהוָ֥ה	3068	HNp
06a55	Josh.23.16	אֱלֹהֵי/כֶם֮	430	HNcmpc/Sp2mp
06AqG	Josh.23.16	אֲשֶׁ֣ר	834 a	HTr
06Syq	Josh.23.16	צִוָּ֣ה	6680	HVpp3ms
06pqU	Josh.23.16	אֶתְ/כֶם֒	853	HTo/Sp2mp
06c7F	Josh.23.16	וַ/הֲלַכְתֶּ֗ם	c/1980	HC/Vqq2mp
06jKd	Josh.23.16	וַ/עֲבַדְתֶּם֙	c/5647	HC/Vqq2mp
069Bt	Josh.23.16	אֱלֹהִ֣ים	430	HNcmpa
06uvE	Josh.23.16	אֲחֵרִ֔ים	312	HAampa
06WNh	Josh.23.16	וְ/הִשְׁתַּחֲוִיתֶ֖ם	c/7812	HC/Vvq2mp
06jWN	Josh.23.16	לָ/הֶ֑ם	l	HR/Sp3mp
061QH	Josh.23.16	וְ/חָרָ֤ה	c/2734	HC/Vqq3ms
06sKq	Josh.23.16	אַף	639	HTa
06xYX	Josh.23.16	יְהוָה֙	3068	HNp
06YGC	Josh.23.16	בָּ/כֶ֔ם	b	HR/Sp2mp
06YiZ	Josh.23.16	וַ/אֲבַדְתֶּ֣ם	c/6	HC/Vqq2mp
06v4S	Josh.23.16	מְהֵרָ֔ה	4120	HNcfsa
06ixP	Josh.23.16	מֵ/עַל֙	m/5921 a	HR/R
0672Q	Josh.23.16	הָ/אָ֣רֶץ	d/776	HTd/Ncbsa
06yNu	Josh.23.16	הַ/טּוֹבָ֔ה	d/2896 a	HTd/Aafsa
06ywz	Josh.23.16	אֲשֶׁ֖ר	834 a	HTr
06eEP	Josh.23.16	נָתַ֥ן	5414	HVqp3ms
06KTK	Josh.23.16	לָ/כֶֽם	l	HR/Sp2mp
06cFs	Josh.24.1	וַ/יֶּאֶסֹ֧ף	c/622	HC/Vqw3ms
06Aox	Josh.24.1	יְהוֹשֻׁ֛עַ	3091	HNp
06cAM	Josh.24.1	אֶת	853	HTo
06bHj	Josh.24.1	כָּל	3605	HNcmsc
06aPQ	Josh.24.1	שִׁבְטֵ֥י	7626	HNcmpc
064WN	Josh.24.1	יִשְׂרָאֵ֖ל	3478	HNp
06RRf	Josh.24.1	שְׁכֶ֑מָ/ה	7927	HNp/Sd
06nVC	Josh.24.1	וַ/יִּקְרָא֩	c/7121	HC/Vqw3ms
06Bcy	Josh.24.1	לְ/זִקְנֵ֨י	l/2205	HR/Aampc
06P5c	Josh.24.1	יִשְׂרָאֵ֜ל	3478	HNp
06W37	Josh.24.1	וּ/לְ/רָאשָׁ֗י/ו	c/l/7218 a	HC/R/Ncmpc/Sp3ms
068F5	Josh.24.1	וּ/לְ/שֹֽׁפְטָי/ו֙	c/l/8199	HC/R/Vqrmpc/Sp3ms
06enF	Josh.24.1	וּ/לְ/שֹׁ֣טְרָ֔י/ו	c/l/7860	HC/R/Vqrmpc/Sp3ms
06npz	Josh.24.1	וַ/יִּֽתְיַצְּב֖וּ	c/3320	HC/Vtw3mp
06jFk	Josh.24.1	לִ/פְנֵ֥י	l/6440	HR/Ncbpc
06aad	Josh.24.1	הָ/אֱלֹהִֽים	d/430	HTd/Ncmpa
06kTe	Josh.24.2	וַ/יֹּ֨אמֶר	c/559	HC/Vqw3ms
065Vw	Josh.24.2	יְהוֹשֻׁ֜עַ	3091	HNp
06GqA	Josh.24.2	אֶל	413	HR
06Nhq	Josh.24.2	כָּל	3605	HNcmsc
06LLK	Josh.24.2	הָ/עָ֗ם	d/5971 a	HTd/Ncmsa
06VUz	Josh.24.2	כֹּֽה	3541	HD
06xTu	Josh.24.2	אָמַ֣ר	559	HVqp3ms
06hya	Josh.24.2	יְהוָה֮	3068	HNp
06yiC	Josh.24.2	אֱלֹהֵ֣י	430	HNcmpc
06DCf	Josh.24.2	יִשְׂרָאֵל֒	3478	HNp
06SHs	Josh.24.2	בְּ/עֵ֣בֶר	b/5676	HR/Ncmsc
06FE8	Josh.24.2	הַ/נָּהָ֗ר	d/5104	HTd/Ncmsa
06NwY	Josh.24.2	יָשְׁב֤וּ	3427	HVqp3cp
06YtK	Josh.24.2	אֲבֽוֹתֵי/כֶם֙	1	HNcmpc/Sp2mp
068yx	Josh.24.2	מֵֽ/עוֹלָ֔ם	m/5769	HR/Ncmsa
06CJy	Josh.24.2	תֶּ֛רַח	8646	HNp
06shv	Josh.24.2	אֲבִ֥י	1	HNcmsc
06xJC	Josh.24.2	אַבְרָהָ֖ם	85	HNp
06XH9	Josh.24.2	וַ/אֲבִ֣י	c/1	HC/Ncmsc
06kx4	Josh.24.2	נָח֑וֹר	5152	HNp
06Qv7	Josh.24.2	וַ/יַּעַבְד֖וּ	c/5647	HC/Vqw3mp
065SQ	Josh.24.2	אֱלֹהִ֥ים	430	HNcmpa
064Wf	Josh.24.2	אֲחֵרִֽים	312	HAampa
064P8	Josh.24.3	וָ֠/אֶקַּח	c/3947	HC/Vqw1cs
06VEq	Josh.24.3	אֶת	853	HTo
06Lpu	Josh.24.3	אֲבִי/כֶ֤ם	1	HNcmsc/Sp2mp
06nMq	Josh.24.3	אֶת	853	HTo
06tPt	Josh.24.3	אַבְרָהָם֙	85	HNp
06nAY	Josh.24.3	מֵ/עֵ֣בֶר	m/5676	HR/Ncmsc
062iL	Josh.24.3	הַ/נָּהָ֔ר	d/5104	HTd/Ncmsa
06t4y	Josh.24.3	וָ/אוֹלֵ֥ךְ	c/3212	HC/Vhw1cs
06UF7	Josh.24.3	אוֹת֖/וֹ	853	HTo/Sp3ms
06jvH	Josh.24.3	בְּ/כָל	b/3605	HR/Ncmsc
06EZh	Josh.24.3	אֶ֣רֶץ	776	HNcbsc
06GNQ	Josh.24.3	כְּנָ֑עַן	3667 a	HNp
06csG	Josh.24.3	ו/ארב	c/7235 a	HC/Vhw1cs
06SCo	Josh.24.3	וָ/אַרְבֶּה֙	c/7235 a	HC/Vhw1cs
06okV	Josh.24.3	אֶת	853	HTo
06Paf	Josh.24.3	זַרְע֔/וֹ	2233	HNcmsc/Sp3ms
06VDs	Josh.24.3	וָֽ/אֶתֶּן	c/5414	HC/Vqw1cs
06HKK	Josh.24.3	ל֖/וֹ	l	HR/Sp3ms
067Gj	Josh.24.3	אֶת	853	HTo
06SGr	Josh.24.3	יִצְחָֽק	3327	HNp
06uo7	Josh.24.4	וָ/אֶתֵּ֣ן	c/5414	HC/Vqw1cs
06CVH	Josh.24.4	לְ/יִצְחָ֔ק	l/3327	HR/Np
06syj	Josh.24.4	אֶֽת	853	HTo
06o59	Josh.24.4	יַעֲקֹ֖ב	3290	HNp
06g86	Josh.24.4	וְ/אֶת	c/853	HC/To
06fvv	Josh.24.4	עֵשָׂ֑ו	6215	HNp
06ZbA	Josh.24.4	וָ/אֶתֵּ֨ן	c/5414	HC/Vqw1cs
06SU6	Josh.24.4	לְ/עֵשָׂ֜ו	l/6215	HR/Np
06A7F	Josh.24.4	אֶת	853	HTo
06qvD	Josh.24.4	הַ֤ר	2022	HNcmsc
0675H	Josh.24.4	שֵׂעִיר֙	8165 a	HNp
06wax	Josh.24.4	לָ/רֶ֣שֶׁת	l/3423	HR/Vqc
06zBH	Josh.24.4	אוֹת֔/וֹ	853	HTo/Sp3ms
069wJ	Josh.24.4	וְ/יַעֲקֹ֥ב	c/3290	HC/Np
06gj3	Josh.24.4	וּ/בָנָ֖י/ו	c/1121 a	HC/Ncmpc/Sp3ms
06dJx	Josh.24.4	יָרְד֥וּ	3381	HVqp3cp
06WBR	Josh.24.4	מִצְרָֽיִם	4714	HNp
06uB9	Josh.24.5	וָ/אֶשְׁלַ֞ח	c/7971	HC/Vqw1cs
06UW8	Josh.24.5	אֶת	853	HTo
06rzJ	Josh.24.5	מֹשֶׁ֤ה	4872	HNp
066Sa	Josh.24.5	וְ/אֶֽת	c/853	HC/To
066Dm	Josh.24.5	אַהֲרֹן֙	175	HNp
06z6r	Josh.24.5	וָ/אֶגֹּ֣ף	c/5062	HC/Vqw1cs
06R8k	Josh.24.5	אֶת	853	HTo
06YYk	Josh.24.5	מִצְרַ֔יִם	4714	HNp
06C3M	Josh.24.5	כַּ/אֲשֶׁ֥ר	k/834 d	HR/Tr
06Yqe	Josh.24.5	עָשִׂ֖יתִי	6213 a	HVqp1cs
068UA	Josh.24.5	בְּ/קִרְבּ֑/וֹ	b/7130	HR/Ncmsc/Sp3ms
061Yr	Josh.24.5	וְ/אַחַ֖ר	c/310 a	HC/D
0622K	Josh.24.5	הוֹצֵ֥אתִי	3318	HVhp1cs
06nkg	Josh.24.5	אֶתְ/כֶֽם	853	HTo/Sp2mp
06bfa	Josh.24.6	וָֽ/אוֹצִ֤יא	c/3318	HC/Vhw1cs
06kcM	Josh.24.6	אֶת	853	HTo
06xy3	Josh.24.6	אֲבֽוֹתֵי/כֶם֙	1	HNcmpc/Sp2mp
06xFB	Josh.24.6	מִ/מִּצְרַ֔יִם	m/4714	HR/Np
06Xob	Josh.24.6	וַ/תָּבֹ֖אוּ	c/935	HC/Vqw2mp
06q44	Josh.24.6	הַ/יָּ֑מָּ/ה	d/3220	HTd/Ncmsa/Sd
06fiU	Josh.24.6	וַ/יִּרְדְּפ֨וּ	c/7291	HC/Vqw3mp
06U1v	Josh.24.6	מִצְרַ֜יִם	4713	HNp
06uR9	Josh.24.6	אַחֲרֵ֧י	310 a	HR
06fSv	Josh.24.6	אֲבוֹתֵי/כֶ֛ם	1	HNcmpc/Sp2mp
06RW8	Josh.24.6	בְּ/רֶ֥כֶב	b/7393	HR/Ncmsa
06B4r	Josh.24.6	וּ/בְ/פָרָשִׁ֖ים	c/b/6571 b	HC/R/Ncmpa
06qJg	Josh.24.6	יַם	3220	HNcmsc
06u3u	Josh.24.6	סֽוּף	5488	HNcmsa
06Sbb	Josh.24.7	וַ/יִּצְעֲק֣וּ	c/6817	HC/Vqw3mp
06DTC	Josh.24.7	אֶל	413	HR
06Z4W	Josh.24.7	יְהוָ֗ה	3068	HNp
06ULz	Josh.24.7	וַ/יָּ֨שֶׂם	c/7760 a	HC/Vqw3ms
06423	Josh.24.7	מַֽאֲפֵ֜ל	3990	HNcmsa
06x3A	Josh.24.7	בֵּינֵי/כֶ֣ם	996	HR/Sp2mp
06uR1	Josh.24.7	וּ/בֵ֣ין	c/996	HC/R
06RBt	Josh.24.7	הַ/מִּצְרִ֗ים	d/4713	HTd/Ngmpa
06sPD	Josh.24.7	וַ/יָּבֵ֨א	c/935	HC/Vhw3ms
06ngQ	Josh.24.7	עָלָ֤י/ו	5921 a	HR/Sp3ms
066FS	Josh.24.7	אֶת	853	HTo
066U7	Josh.24.7	הַ/יָּם֙	d/3220	HTd/Ncmsa
0675S	Josh.24.7	וַ/יְכַסֵּ֔/הוּ	c/3680	HC/Vpw3ms/Sp3ms
06Fo2	Josh.24.7	וַ/תִּרְאֶ֨ינָה֙	c/7200	HC/Vqw3fp
06Cb1	Josh.24.7	עֵינֵי/כֶ֔ם	5869 a	HNcbdc/Sp2mp
06z1M	Josh.24.7	אֵ֥ת	853	HTo
06e7f	Josh.24.7	אֲשֶׁר	834 a	HTr
06pst	Josh.24.7	עָשִׂ֖יתִי	6213 a	HVqp1cs
06THR	Josh.24.7	בְּ/מִצְרָ֑יִם	b/4714	HR/Np
06aXS	Josh.24.7	וַ/תֵּשְׁב֥וּ	c/3427	HC/Vqw2mp
06JeL	Josh.24.7	בַ/מִּדְבָּ֖ר	b/4057 b	HRd/Ncmsa
06Kff	Josh.24.7	יָמִ֥ים	3117	HNcmpa
06YxZ	Josh.24.7	רַבִּֽים	7227 a	HAampa
06jf2	Josh.24.8	ו/אבא/ה	c/935	HC/Vhw1cs/Sh
06cuN	Josh.24.8	וָ/אָבִ֣יא	c/935	HC/Vhw1cs
069eN	Josh.24.8	אֶתְ/כֶ֗ם	853	HTo/Sp2mp
06rVU	Josh.24.8	אֶל	413	HR
063wq	Josh.24.8	אֶ֤רֶץ	776	HNcbsc
06aNE	Josh.24.8	הָ/אֱמֹרִי֙	d/567	HTd/Ngmsa
065nE	Josh.24.8	הַ/יּוֹשֵׁב֙	d/3427	HTd/Vqrmsa
064P3	Josh.24.8	בְּ/עֵ֣בֶר	b/5676	HR/Ncmsc
062PP	Josh.24.8	הַ/יַּרְדֵּ֔ן	d/3383	HTd/Np
06nn6	Josh.24.8	וַ/יִּֽלָּחֲמ֖וּ	c/3898 a	HC/VNw3mp
06srQ	Josh.24.8	אִתְּ/כֶ֑ם	854	HR/Sp2mp
06gnL	Josh.24.8	וָ/אֶתֵּ֨ן	c/5414	HC/Vqw1cs
06u2Q	Josh.24.8	אוֹתָ֤/ם	853	HTo/Sp3mp
06Dcb	Josh.24.8	בְּ/יֶדְ/כֶם֙	b/3027	HR/Ncbsc/Sp2mp
06iUb	Josh.24.8	וַ/תִּֽירְשׁ֣וּ	c/3423	HC/Vqw2mp
06oaE	Josh.24.8	אֶת	853	HTo
06obW	Josh.24.8	אַרְצָ֔/ם	776	HNcbsc/Sp3mp
064zD	Josh.24.8	וָ/אַשְׁמִידֵ֖/ם	c/8045	HC/Vhw1cs/Sp3mp
06KUn	Josh.24.8	מִ/פְּנֵי/כֶֽם	m/6440	HR/Ncbpc/Sp2mp
06FxF	Josh.24.9	וַ/יָּ֨קָם	c/6965 b	HC/Vqw3ms
062Q3	Josh.24.9	בָּלָ֤ק	1111	HNp
06wuo	Josh.24.9	בֶּן	1121 a	HNcmsc
06yM6	Josh.24.9	צִפּוֹר֙	6834	HNp
06tm1	Josh.24.9	מֶ֣לֶךְ	4428	HNcmsc
06NiH	Josh.24.9	מוֹאָ֔ב	4124	HNp
06KAR	Josh.24.9	וַ/יִּלָּ֖חֶם	c/3898 a	HC/VNw3ms
06nHu	Josh.24.9	בְּ/יִשְׂרָאֵ֑ל	b/3478	HR/Np
06BP8	Josh.24.9	וַ/יִּשְׁלַ֗ח	c/7971	HC/Vqw3ms
06cVb	Josh.24.9	וַ/יִּקְרָ֛א	c/7121	HC/Vqw3ms
0663a	Josh.24.9	לְ/בִלְעָ֥ם	l/1109 a	HR/Np
06jqf	Josh.24.9	בֶּן	1121 a	HNcmsc
06b3r	Josh.24.9	בְּע֖וֹר	1160	HNp
06GuX	Josh.24.9	לְ/קַלֵּ֥ל	l/7043	HR/Vpc
06gg9	Josh.24.9	אֶתְ/כֶֽם	853	HTo/Sp2mp
06oR8	Josh.24.10	וְ/לֹ֥א	c/3808	HC/Tn
06j2Y	Josh.24.10	אָבִ֖יתִי	14	HVqp1cs
06dHk	Josh.24.10	לִ/שְׁמֹ֣עַ	l/8085	HR/Vqc
06ydd	Josh.24.10	לְ/בִלְעָ֑ם	l/1109 a	HR/Np
06kL7	Josh.24.10	וַ/יְבָ֤רֶךְ	c/1288	HC/Vpw3ms
06mHz	Josh.24.10	בָּרוֹךְ֙	1288	HVpa
06Eb6	Josh.24.10	אֶתְ/כֶ֔ם	853	HTo/Sp2mp
06EtY	Josh.24.10	וָ/אַצִּ֥ל	c/5337	HC/Vhw1cs
06Q7b	Josh.24.10	אֶתְ/כֶ֖ם	853	HTo/Sp2mp
06Cpc	Josh.24.10	מִ/יָּדֽ/וֹ	m/3027	HR/Ncbsc/Sp3ms
06PyF	Josh.24.11	וַ/תַּעַבְר֣וּ	c/5674 a	HC/Vqw2mp
06h7X	Josh.24.11	אֶת	853	HTo
069bc	Josh.24.11	הַ/יַּרְדֵּן֮	d/3383	HTd/Np
06fXq	Josh.24.11	וַ/תָּבֹ֣אוּ	c/935	HC/Vqw2mp
06eqC	Josh.24.11	אֶל	413	HR
06ya6	Josh.24.11	יְרִיחוֹ֒	3405	HNp
06vRc	Josh.24.11	וַ/יִּלָּחֲמ֣וּ	c/3898 a	HC/VNw3mp
06kYz	Josh.24.11	בָ/כֶ֣ם	b	HR/Sp2mp
067v5	Josh.24.11	בַּעֲלֵֽי	1167	HNcmpc
06iKp	Josh.24.11	יְ֠רִיחוֹ	3405	HNp
062WG	Josh.24.11	הָֽ/אֱמֹרִ֨י	d/567	HTd/Ngmsa
067mg	Josh.24.11	וְ/הַ/פְּרִזִּ֜י	c/d/6522	HC/Td/Ngmsa
063Sf	Josh.24.11	וְ/הַֽ/כְּנַעֲנִ֗י	c/d/3669 a	HC/Td/Ngmsa
06CwR	Josh.24.11	וְ/הַֽ/חִתִּי֙	c/d/2850	HC/Td/Ngmsa
06S6e	Josh.24.11	וְ/הַ/גִּרְגָּשִׁ֔י	c/d/1622	HC/Td/Ngmsa
06dmo	Josh.24.11	הַֽ/חִוִּ֖י	d/2340	HTd/Ngmsa
065zx	Josh.24.11	וְ/הַ/יְבוּסִ֑י	c/d/2983	HC/Td/Ngmsa
06PLr	Josh.24.11	וָ/אֶתֵּ֥ן	c/5414	HC/Vqw1cs
06Ykn	Josh.24.11	אוֹתָ֖/ם	853	HTo/Sp3mp
06fNQ	Josh.24.11	בְּ/יֶדְ/כֶֽם	b/3027	HR/Ncbsc/Sp2mp
06yf8	Josh.24.12	וָ/אֶשְׁלַ֤ח	c/7971	HC/Vqw1cs
06127	Josh.24.12	לִ/פְנֵי/כֶם֙	l/6440	HR/Ncbpc/Sp2mp
06wA6	Josh.24.12	אֶת	853	HTo
061Xd	Josh.24.12	הַ/צִּרְעָ֔ה	d/6880	HTd/Ncfsa
06t1J	Josh.24.12	וַ/תְּגָ֤רֶשׁ	c/1644	HC/Vpw3fs
06vAz	Josh.24.12	אוֹתָ/ם֙	853	HTo/Sp3mp
0679S	Josh.24.12	מִ/פְּנֵי/כֶ֔ם	m/6440	HR/Ncbpc/Sp2mp
06qij	Josh.24.12	שְׁנֵ֖י	8147	HAcmdc
06nzF	Josh.24.12	מַלְכֵ֣י	4428	HNcmpc
06bme	Josh.24.12	הָ/אֱמֹרִ֑י	d/567	HTd/Ngmsa
068Bh	Josh.24.12	לֹ֥א	3808	HTn
06vZf	Josh.24.12	בְ/חַרְבְּ/ךָ֖	b/2719	HR/Ncfsc/Sp2ms
06B7r	Josh.24.12	וְ/לֹ֥א	c/3808	HC/Tn
06AD6	Josh.24.12	בְ/קַשְׁתֶּֽ/ךָ	b/7198	HR/Ncfsc/Sp2ms
0695X	Josh.24.13	וָ/אֶתֵּ֨ן	c/5414	HC/Vqw1cs
06HLu	Josh.24.13	לָ/כֶ֜ם	l	HR/Sp2mp
06cmp	Josh.24.13	אֶ֣רֶץ	776	HNcbsa
06zaG	Josh.24.13	אֲשֶׁ֧ר	834 a	HTr
06zG6	Josh.24.13	לֹֽא	3808	HTn
06xpy	Josh.24.13	יָגַ֣עְתָּ	3021	HVqp2ms
06QQj	Josh.24.13	בָּ֗/הּ	b	HR/Sp3fs
06fPe	Josh.24.13	וְ/עָרִים֙	c/5892 b	HC/Ncfpa
06Rk4	Josh.24.13	אֲשֶׁ֣ר	834 a	HTr
06m8F	Josh.24.13	לֹא	3808	HTn
06XSc	Josh.24.13	בְנִיתֶ֔ם	1129	HVqp2mp
065qi	Josh.24.13	וַ/תֵּשְׁב֖וּ	c/3427	HC/Vqw2mp
069bH	Josh.24.13	בָּ/הֶ֑ם	b	HR/Sp3mp
06BJ3	Josh.24.13	כְּרָמִ֤ים	3754	HNcbpa
06ivp	Josh.24.13	וְ/זֵיתִים֙	c/2132	HC/Ncmpa
06KFK	Josh.24.13	אֲשֶׁ֣ר	834 a	HTr
06Ssv	Josh.24.13	לֹֽא	3808	HTn
068SP	Josh.24.13	נְטַעְתֶּ֔ם	5193	HVqp2mp
06mJF	Josh.24.13	אַתֶּ֖ם	859 d	HPp2mp
06LUU	Josh.24.13	אֹכְלִֽים	398	HVqrmpa
06AxS	Josh.24.14	וְ/עַתָּ֞ה	c/6258	HC/D
06GNx	Josh.24.14	יְר֧אוּ	3372	HVqv2mp
06Aue	Josh.24.14	אֶת	853	HTo
06BXp	Josh.24.14	יְהוָ֛ה	3068	HNp
06Jzb	Josh.24.14	וְ/עִבְד֥וּ	c/5647	HC/Vqv2mp
0643V	Josh.24.14	אֹת֖/וֹ	853	HTo/Sp3ms
06oXA	Josh.24.14	בְּ/תָמִ֣ים	b/8549	HR/Aamsa
062vn	Josh.24.14	וּ/בֶֽ/אֱמֶ֑ת	c/b/571	HC/R/Ncfsa
06uUg	Josh.24.14	וְ/הָסִ֣ירוּ	c/5493	HC/Vhv2mp
06Rdv	Josh.24.14	אֶת	853	HTo
06gWa	Josh.24.14	אֱלֹהִ֗ים	430	HNcmpa
06FNo	Josh.24.14	אֲשֶׁר֩	834 a	HTr
065HU	Josh.24.14	עָבְד֨וּ	5647	HVqp3cp
06Lsb	Josh.24.14	אֲבוֹתֵי/כֶ֜ם	1	HNcmpc/Sp2mp
06giK	Josh.24.14	בְּ/עֵ֤בֶר	b/5676	HR/Ncmsc
06XTv	Josh.24.14	הַ/נָּהָר֙	d/5104	HTd/Ncmsa
06tEP	Josh.24.14	וּ/בְ/מִצְרַ֔יִם	c/b/4714	HC/R/Np
0662a	Josh.24.14	וְ/עִבְד֖וּ	c/5647	HC/Vqv2mp
0611V	Josh.24.14	אֶת	853	HTo
06JY8	Josh.24.14	יְהוָֽה	3068	HNp
06mpW	Josh.24.15	וְ/אִם֩	c/518 a	HC/C
06Dzw	Josh.24.15	רַ֨ע	7451 a	HAamsa
06VdU	Josh.24.15	בְּֽ/עֵינֵי/כֶ֜ם	b/5869 a	HR/Ncbdc/Sp2mp
06vhf	Josh.24.15	לַ/עֲבֹ֣ד	l/5647	HR/Vqc
06Ywb	Josh.24.15	אֶת	853	HTo
063qC	Josh.24.15	יְהוָ֗ה	3068	HNp
06Dxs	Josh.24.15	בַּחֲר֨וּ	977	HVqv2mp
06G7M	Josh.24.15	לָ/כֶ֣ם	l	HR/Sp2mp
061Mo	Josh.24.15	הַ/יּוֹם֮	d/3117	HTd/Ncmsa
06DKw	Josh.24.15	אֶת	853	HTo
06JzG	Josh.24.15	מִ֣י	4310	HTi
067iD	Josh.24.15	תַעֲבֹדוּ/ן֒	5647	HVqi2mp/Sn
06vN5	Josh.24.15	אִ֣ם	518 a	HC
06r2K	Josh.24.15	אֶת	853	HTo
06dfs	Josh.24.15	אֱלֹהִ֞ים	430	HNcmpa
06EtH	Josh.24.15	אֲשֶׁר	834 a	HTr
065KR	Josh.24.15	עָבְד֣וּ	5647	HVqp3cp
06rum	Josh.24.15	אֲבוֹתֵי/כֶ֗ם	1	HNcmpc/Sp2mp
06R73	Josh.24.15	אֲשֶׁר֙	834 a	HTr
06r8Z	Josh.24.15	ב/עבר	b/5676	HR/Ncmsc
06Fzq	Josh.24.15	מֵ/עֵ֣בֶר	m/5676	HR/Ncmsc
06gPK	Josh.24.15	הַ/נָּהָ֔ר	d/5104	HTd/Ncmsa
06K8b	Josh.24.15	וְ/אִם֙	c/518 a	HC/C
06bBS	Josh.24.15	אֶת	853	HTo
06rPV	Josh.24.15	אֱלֹהֵ֣י	430	HNcmpc
06tM6	Josh.24.15	הָ/אֱמֹרִ֔י	d/567	HTd/Ngmsa
06HQy	Josh.24.15	אֲשֶׁ֥ר	834 a	HTr
06N4G	Josh.24.15	אַתֶּ֖ם	859 d	HPp2mp
06BMM	Josh.24.15	יֹשְׁבִ֣ים	3427	HVqrmpa
06rhp	Josh.24.15	בְּ/אַרְצָ֑/ם	b/776	HR/Ncbsc/Sp3mp
06vtD	Josh.24.15	וְ/אָנֹכִ֣י	c/595	HC/Pp1cs
06JWe	Josh.24.15	וּ/בֵיתִ֔/י	c/1004 b	HC/Ncmsc/Sp1cs
06CZN	Josh.24.15	נַעֲבֹ֖ד	5647	HVqi1cp
06Yh5	Josh.24.15	אֶת	853	HTo
06CBW	Josh.24.15	יְהוָֽה	3068	HNp
06Xsp	Josh.24.16	וַ/יַּ֤עַן	c/6030 b	HC/Vqw3ms
063JX	Josh.24.16	הָ/עָם֙	d/5971 a	HTd/Ncmsa
06EbA	Josh.24.16	וַ/יֹּ֔אמֶר	c/559	HC/Vqw3ms
06obf	Josh.24.16	חָלִ֣ילָ/ה	2486	HTj/Sh
06YzW	Josh.24.16	לָּ֔/נוּ	l	HR/Sp1cp
06FaA	Josh.24.16	מֵ/עֲזֹ֖ב	m/5800 a	HR/Vqc
06E6Y	Josh.24.16	אֶת	853	HTo
06twK	Josh.24.16	יְהוָ֑ה	3068	HNp
06xXA	Josh.24.16	לַ/עֲבֹ֖ד	l/5647	HR/Vqc
06BZb	Josh.24.16	אֱלֹהִ֥ים	430	HNcmpa
06gs8	Josh.24.16	אֲחֵרִֽים	312	HAampa
065eB	Josh.24.17	כִּ֚י	3588 a	HC
064Zt	Josh.24.17	יְהוָ֣ה	3068	HNp
06kPr	Josh.24.17	אֱלֹהֵ֔י/נוּ	430	HNcmpc/Sp1cp
06Z6v	Josh.24.17	הוּא֩	1931	HPp3ms
06M9m	Josh.24.17	הַ/מַּעֲלֶ֨ה	d/5927	HTd/Vhrmsa
069fx	Josh.24.17	אֹתָ֧/נוּ	853	HTo/Sp1cp
064gn	Josh.24.17	וְ/אֶת	c/853	HC/To
06Uvg	Josh.24.17	אֲבוֹתֵ֛י/נוּ	1	HNcmpc/Sp1cp
06boM	Josh.24.17	מֵ/אֶ֥רֶץ	m/776	HR/Ncbsc
06Dza	Josh.24.17	מִצְרַ֖יִם	4714	HNp
06X3B	Josh.24.17	מִ/בֵּ֣ית	m/1004 b	HR/Ncmsc
06St2	Josh.24.17	עֲבָדִ֑ים	5650	HNcmpa
06VKr	Josh.24.17	וַ/אֲשֶׁ֧ר	c/834 a	HC/Tr
06Pjg	Josh.24.17	עָשָׂ֣ה	6213 a	HVqp3ms
06wJx	Josh.24.17	לְ/עֵינֵ֗י/נוּ	l/5869 a	HR/Ncbdc/Sp1cp
063y6	Josh.24.17	אֶת	853	HTo
06xas	Josh.24.17	הָ/אֹת֤וֹת	d/226	HTd/Ncbpa
06K2P	Josh.24.17	הַ/גְּדֹלוֹת֙	d/1419 a	HTd/Aafpa
06jRn	Josh.24.17	הָ/אֵ֔לֶּה	d/428	HTd/Pdxcp
06QrB	Josh.24.17	וַֽ/יִּשְׁמְרֵ֗/נוּ	c/8104	HC/Vqw3ms/Sp1cp
06rc3	Josh.24.17	בְּ/כָל	b/3605	HR/Ncmsc
06ZuC	Josh.24.17	הַ/דֶּ֨רֶךְ֙	d/1870	HTd/Ncbsa
06ftE	Josh.24.17	אֲשֶׁ֣ר	834 a	HTr
06gXP	Josh.24.17	הָלַ֣כְנוּ	1980	HVqp1cp
068oS	Josh.24.17	בָ֔/הּ	b	HR/Sp3fs
065jD	Josh.24.17	וּ/בְ/כֹל֙	c/b/3605	HC/R/Ncmsc
06nts	Josh.24.17	הָֽ/עַמִּ֔ים	d/5971 a	HTd/Ncmpa
06LBK	Josh.24.17	אֲשֶׁ֥ר	834 a	HTr
06QAB	Josh.24.17	עָבַ֖רְנוּ	5674 a	HVqp1cp
06Bjt	Josh.24.17	בְּ/קִרְבָּֽ/ם	b/7130	HR/Ncmsc/Sp3mp
064H2	Josh.24.18	וַ/יְגָ֨רֶשׁ	c/1644	HC/Vpw3ms
06MmJ	Josh.24.18	יְהוָ֜ה	3068	HNp
06rWR	Josh.24.18	אֶת	853	HTo
06EVJ	Josh.24.18	כָּל	3605	HNcmsc
067Kc	Josh.24.18	הָ/עַמִּ֗ים	d/5971 a	HTd/Ncmpa
06Wij	Josh.24.18	וְ/אֶת	c/853	HC/To
06DSB	Josh.24.18	הָ/אֱמֹרִ֛י	d/567	HTd/Ngmsa
06oAR	Josh.24.18	יֹשֵׁ֥ב	3427	HVqrmsa
06Pib	Josh.24.18	הָ/אָ֖רֶץ	d/776	HTd/Ncbsa
061aY	Josh.24.18	מִ/פָּנֵ֑י/נוּ	m/6440	HR/Ncbpc/Sp1cp
062Mj	Josh.24.18	גַּם	1571	HTa
06YVq	Josh.24.18	אֲנַ֨חְנוּ֙	587	HPp1cp
06r5m	Josh.24.18	נַעֲבֹ֣ד	5647	HVqi1cp
062oJ	Josh.24.18	אֶת	853	HTo
06Ev1	Josh.24.18	יְהוָ֔ה	3068	HNp
0698F	Josh.24.18	כִּי	3588 a	HC
0674y	Josh.24.18	ה֖וּא	1931	HPp3ms
0652H	Josh.24.18	אֱלֹהֵֽי/נוּ	430	HNcmpc/Sp1cp
06xAC	Josh.24.19	וַ/יֹּ֨אמֶר	c/559	HC/Vqw3ms
068JG	Josh.24.19	יְהוֹשֻׁ֜עַ	3091	HNp
06nzC	Josh.24.19	אֶל	413	HR
06nLz	Josh.24.19	הָ/עָ֗ם	d/5971 a	HTd/Ncmsa
06yHH	Josh.24.19	לֹ֤א	3808	HTn
067my	Josh.24.19	תֽוּכְלוּ֙	3201	HVqi2mp
06t1k	Josh.24.19	לַ/עֲבֹ֣ד	l/5647	HR/Vqc
06YQA	Josh.24.19	אֶת	853	HTo
06b5H	Josh.24.19	יְהוָ֔ה	3068	HNp
06G7D	Josh.24.19	כִּֽי	3588 a	HC
06wAJ	Josh.24.19	אֱלֹהִ֥ים	430	HNcmpa
06oje	Josh.24.19	קְדֹשִׁ֖ים	6918	HAampa
06fWJ	Josh.24.19	ה֑וּא	1931	HPp3ms
06fpQ	Josh.24.19	אֵֽל	410	HNcmsa
06Ygv	Josh.24.19	קַנּ֣וֹא	7072	HAamsa
06Nge	Josh.24.19	ה֔וּא	1931	HPp3ms
06Yp9	Josh.24.19	לֹֽא	3808	HTn
06wLi	Josh.24.19	יִשָּׂ֥א	5375	HVqi3ms
0688S	Josh.24.19	לְ/פִשְׁעֲ/כֶ֖ם	l/6588	HR/Ncmsc/Sp2mp
06KAU	Josh.24.19	וּ/לְ/חַטֹּאותֵי/כֶֽם	c/l/2403 b	HC/R/Ncfpc/Sp2mp
06Xxi	Josh.24.20	כִּ֤י	3588 a	HC
06xb7	Josh.24.20	תַֽעַזְבוּ֙	5800 a	HVqi2mp
06DtU	Josh.24.20	אֶת	853	HTo
06poL	Josh.24.20	יְהוָ֔ה	3068	HNp
06KEx	Josh.24.20	וַ/עֲבַדְתֶּ֖ם	c/5647	HC/Vqq2mp
06YMD	Josh.24.20	אֱלֹהֵ֣י	430	HNcmpc
06TF6	Josh.24.20	נֵכָ֑ר	5236	HNcmsa
06YB7	Josh.24.20	וְ/שָׁ֨ב	c/7725	HC/Vqq3ms
06hR3	Josh.24.20	וְ/הֵרַ֤ע	c/7489 a	HC/Vhq3ms
06kGQ	Josh.24.20	לָ/כֶם֙	l	HR/Sp2mp
06jYh	Josh.24.20	וְ/כִלָּ֣ה	c/3615	HC/Vpq3ms
06jtu	Josh.24.20	אֶתְ/כֶ֔ם	853	HTo/Sp2mp
06EBN	Josh.24.20	אַחֲרֵ֖י	310 a	HR
06PYi	Josh.24.20	אֲשֶׁר	834 a	HTr
06KSQ	Josh.24.20	הֵיטִ֥יב	3190	HVhp3ms
06yN8	Josh.24.20	לָ/כֶֽם	l	HR/Sp2mp
06AVR	Josh.24.21	וַ/יֹּ֥אמֶר	c/559	HC/Vqw3ms
06fjn	Josh.24.21	הָ/עָ֖ם	d/5971 a	HTd/Ncmsa
06CTb	Josh.24.21	אֶל	413	HR
06k9N	Josh.24.21	יְהוֹשֻׁ֑עַ	3091	HNp
061M5	Josh.24.21	לֹ֕א	3808	HTn
06Mcv	Josh.24.21	כִּ֥י	3588 a	HC
06Jkx	Josh.24.21	אֶת	853	HTo
06bzS	Josh.24.21	יְהוָ֖ה	3068	HNp
06VrM	Josh.24.21	נַעֲבֹֽד	5647	HVqi1cp
06TCd	Josh.24.22	וַ/יֹּ֨אמֶר	c/559	HC/Vqw3ms
06acR	Josh.24.22	יְהוֹשֻׁ֜עַ	3091	HNp
0688f	Josh.24.22	אֶל	413	HR
06zKH	Josh.24.22	הָ/עָ֗ם	d/5971 a	HTd/Ncmsa
06EkC	Josh.24.22	עֵדִ֤ים	5707	HNcmpa
06XXd	Josh.24.22	אַתֶּם֙	859 d	HPp2mp
06v2Y	Josh.24.22	בָּ/כֶ֔ם	b	HR/Sp2mp
06w1p	Josh.24.22	כִּֽי	3588 a	HC
06MPM	Josh.24.22	אַתֶּ֞ם	859 d	HPp2mp
06TLb	Josh.24.22	בְּחַרְתֶּ֥ם	977	HVqp2mp
06hPU	Josh.24.22	לָ/כֶ֛ם	l	HR/Sp2mp
06Qrn	Josh.24.22	אֶת	853	HTo
06ttx	Josh.24.22	יְהוָ֖ה	3068	HNp
06izd	Josh.24.22	לַ/עֲבֹ֣ד	l/5647	HR/Vqc
06GNT	Josh.24.22	אוֹת֑/וֹ	853	HTo/Sp3ms
06BW1	Josh.24.22	וַ/יֹּאמְר֖וּ	c/559	HC/Vqw3mp
06XHh	Josh.24.22	עֵדִֽים	5707	HNcmpa
06d51	Josh.24.23	וְ/עַתָּ֕ה	c/6258	HC/D
06M9Z	Josh.24.23	הָסִ֛ירוּ	5493	HVhv2mp
06EZY	Josh.24.23	אֶת	853	HTo
06zaH	Josh.24.23	אֱלֹהֵ֥י	430	HNcmpc
06tqU	Josh.24.23	הַ/נֵּכָ֖ר	d/5236	HTd/Ncmsa
06sL7	Josh.24.23	אֲשֶׁ֣ר	834 a	HTr
0662z	Josh.24.23	בְּ/קִרְבְּ/כֶ֑ם	b/7130	HR/Ncmsc/Sp2mp
06p4B	Josh.24.23	וְ/הַטּוּ֙	c/5186	HC/Vhv2mp
06QVp	Josh.24.23	אֶת	853	HTo
06ERj	Josh.24.23	לְבַבְ/כֶ֔ם	3824	HNcmsc/Sp2mp
06zLy	Josh.24.23	אֶל	413	HR
061Qm	Josh.24.23	יְהוָ֖ה	3068	HNp
06PWq	Josh.24.23	אֱלֹהֵ֥י	430	HNcmpc
06tdk	Josh.24.23	יִשְׂרָאֵֽל	3478	HNp
06jqe	Josh.24.24	וַ/יֹּאמְר֥וּ	c/559	HC/Vqw3mp
06heh	Josh.24.24	הָ/עָ֖ם	d/5971 a	HTd/Ncmsa
06mnk	Josh.24.24	אֶל	413	HR
06GDi	Josh.24.24	יְהוֹשֻׁ֑עַ	3091	HNp
064kY	Josh.24.24	אֶת	853	HTo
06SP6	Josh.24.24	יְהוָ֤ה	3068	HNp
06Uf2	Josh.24.24	אֱלֹהֵ֨י/נוּ֙	430	HNcmpc/Sp1cp
062yh	Josh.24.24	נַעֲבֹ֔ד	5647	HVqi1cp
06b44	Josh.24.24	וּ/בְ/קוֹל֖/וֹ	c/b/6963 a	HC/R/Ncmsc/Sp3ms
06T19	Josh.24.24	נִשְׁמָֽע	8085	HVqi1cp
06h46	Josh.24.25	וַ/יִּכְרֹ֨ת	c/3772	HC/Vqw3ms
06SrF	Josh.24.25	יְהוֹשֻׁ֧עַ	3091	HNp
06qdx	Josh.24.25	בְּרִ֛ית	1285	HNcfsa
06Wbq	Josh.24.25	לָ/עָ֖ם	l/5971 a	HRd/Ncmsa
061Ku	Josh.24.25	בַּ/יּ֣וֹם	b/3117	HRd/Ncmsa
06g1S	Josh.24.25	הַ/ה֑וּא	d/1931	HTd/Pp3ms
067SA	Josh.24.25	וַ/יָּ֥שֶׂם	c/7760 a	HC/Vqw3ms
062Q5	Josh.24.25	ל֛/וֹ	l	HR/Sp3ms
06rRg	Josh.24.25	חֹ֥ק	2706	HNcmsa
06rGq	Josh.24.25	וּ/מִשְׁפָּ֖ט	c/4941	HC/Ncmsa
06JHg	Josh.24.25	בִּ/שְׁכֶֽם	b/7927	HR/Np
06Qew	Josh.24.26	וַ/יִּכְתֹּ֤ב	c/3789	HC/Vqw3ms
06anf	Josh.24.26	יְהוֹשֻׁ֨עַ֙	3091	HNp
06J27	Josh.24.26	אֶת	853	HTo
06NmU	Josh.24.26	הַ/דְּבָרִ֣ים	d/1697	HTd/Ncmpa
06h9C	Josh.24.26	הָ/אֵ֔לֶּה	d/428	HTd/Pdxcp
06GDr	Josh.24.26	בְּ/סֵ֖פֶר	b/5612 a	HR/Ncmsc
06vF8	Josh.24.26	תּוֹרַ֣ת	8451	HNcfsc
06DVe	Josh.24.26	אֱלֹהִ֑ים	430	HNcmpa
06E3T	Josh.24.26	וַ/יִּקַּח֙	c/3947	HC/Vqw3ms
067v8	Josh.24.26	אֶ֣בֶן	68	HNcfsa
06HxH	Josh.24.26	גְּדוֹלָ֔ה	1419 a	HAafsa
06F8P	Josh.24.26	וַ/יְקִימֶ֣/הָ	c/6965 b	HC/Vhw3ms/Sp3fs
063Ed	Josh.24.26	שָּׁ֔ם	8033	HD
06km3	Josh.24.26	תַּ֚חַת	8478	HR
06xjC	Josh.24.26	הָֽ/אַלָּ֔ה	d/427	HTd/Ncfsa
06qun	Josh.24.26	אֲשֶׁ֖ר	834 a	HTr
065kJ	Josh.24.26	בְּ/מִקְדַּ֥שׁ	b/4720	HR/Ncmsc
06ezp	Josh.24.26	יְהוָֽה	3068	HNp
06sfU	Josh.24.27	וַ/יֹּ֨אמֶר	c/559	HC/Vqw3ms
06RQw	Josh.24.27	יְהוֹשֻׁ֜עַ	3091	HNp
06FDq	Josh.24.27	אֶל	413	HR
06vbV	Josh.24.27	כָּל	3605	HNcmsc
06dtZ	Josh.24.27	הָ/עָ֗ם	d/5971 a	HTd/Ncmsa
06oGC	Josh.24.27	הִנֵּ֨ה	2009	HTm
06zVE	Josh.24.27	הָ/אֶ֤בֶן	d/68	HTd/Ncfsa
0663D	Josh.24.27	הַ/זֹּאת֙	d/2063	HTd/Pdxfs
06aVU	Josh.24.27	תִּֽהְיֶה	1961	HVqi3fs
06RiQ	Josh.24.27	בָּ֣/נוּ	b	HR/Sp1cp
06A4d	Josh.24.27	לְ/עֵדָ֔ה	l/5713 a	HR/Ncfsa
069G4	Josh.24.27	כִּֽי	3588 a	HC
06vJQ	Josh.24.27	הִ֣יא	1931	HPp3fs
06Svx	Josh.24.27	שָׁמְעָ֗ה	8085	HVqp3fs
06fdR	Josh.24.27	אֵ֚ת	853	HTo
06QnD	Josh.24.27	כָּל	3605	HNcmsc
06Np6	Josh.24.27	אִמְרֵ֣י	561	HNcmpc
069D7	Josh.24.27	יְהוָ֔ה	3068	HNp
06Zzo	Josh.24.27	אֲשֶׁ֥ר	834 a	HTr
06kr3	Josh.24.27	דִּבֶּ֖ר	1696	HVpp3ms
06wiP	Josh.24.27	עִמָּ֑/נוּ	5973 a	HR/Sp1cp
06MA8	Josh.24.27	וְ/הָיְתָ֤ה	c/1961	HC/Vqq3fs
06DTM	Josh.24.27	בָ/כֶם֙	b	HR/Sp2mp
06pcc	Josh.24.27	לְ/עֵדָ֔ה	l/5713 a	HR/Ncfsa
06HG2	Josh.24.27	פֶּֽן	6435	HC
06A13	Josh.24.27	תְּכַחֲשׁ֖וּ/ן	3584	HVpi2mp/Sn
06vHy	Josh.24.27	בֵּ/אלֹהֵי/כֶֽם	b/430	HR/Ncmpc/Sp2mp
06717	Josh.24.28	וַ/יְשַׁלַּ֤ח	c/7971	HC/Vpw3ms
06k6g	Josh.24.28	יְהוֹשֻׁ֨עַ֙	3091	HNp
06eGQ	Josh.24.28	אֶת	853	HTo
06Pk7	Josh.24.28	הָ/עָ֔ם	d/5971 a	HTd/Ncmsa
06R3Z	Josh.24.28	אִ֖ישׁ	376	HNcmsa
06Ky7	Josh.24.28	לְ/נַחֲלָתֽ/וֹ	l/5159	HR/Ncfsc/Sp3ms
067pW	Josh.24.29	וַ/יְהִ֗י	c/1961	HC/Vqw3ms
06ubK	Josh.24.29	אַֽחֲרֵי֙	310 a	HR
06weN	Josh.24.29	הַ/דְּבָרִ֣ים	d/1697	HTd/Ncmpa
06oFq	Josh.24.29	הָ/אֵ֔לֶּה	d/428	HTd/Pdxcp
06pDi	Josh.24.29	וַ/יָּ֛מָת	c/4191	HC/Vqw3ms
06NHC	Josh.24.29	יְהוֹשֻׁ֥עַ	3091	HNp
066Cr	Josh.24.29	בִּן	1121 a	HNcmsc
06NUj	Josh.24.29	נ֖וּן	5126	HNp
06PJg	Josh.24.29	עֶ֣בֶד	5650	HNcmsc
06E7S	Josh.24.29	יְהוָ֑ה	3068	HNp
06KKi	Josh.24.29	בֶּן	1121 a	HNcmsc
06uCx	Josh.24.29	מֵאָ֥ה	3967	HAcbsa
06K9C	Josh.24.29	וָ/עֶ֖שֶׂר	c/6235	HC/Acfsa
06nZx	Josh.24.29	שָׁנִֽים	8141	HNcfpa
06KVG	Josh.24.30	וַ/יִּקְבְּר֤וּ	c/6912	HC/Vqw3mp
06gtm	Josh.24.30	אֹת/וֹ֙	853	HTo/Sp3ms
06KY7	Josh.24.30	בִּ/גְב֣וּל	b/1366	HR/Ncmsc
06uJV	Josh.24.30	נַחֲלָת֔/וֹ	5159	HNcfsc/Sp3ms
06EYJ	Josh.24.30	בְּ/תִמְנַת	b/8556 b	HR/Np
06fzq	Josh.24.30	סֶ֖רַח	8556 b	HNp
06Zpp	Josh.24.30	אֲשֶׁ֣ר	834 a	HTr
06GvP	Josh.24.30	בְּ/הַר	b/2022	HR/Ncmsc
06xb5	Josh.24.30	אֶפְרָ֑יִם	669	HNp
06xSy	Josh.24.30	מִ/צְּפ֖וֹן	m/6828	HR/Ncfsc
06z29	Josh.24.30	לְ/הַר	l/2022	HR/Ncmsc
066ip	Josh.24.30	גָּֽעַשׁ	1608	HNp
06Dv2	Josh.24.31	וַ/יַּעֲבֹ֤ד	c/5647	HC/Vqw3ms
06GCo	Josh.24.31	יִשְׂרָאֵל֙	3478	HNp
06tFN	Josh.24.31	אֶת	853	HTo
06pf3	Josh.24.31	יְהוָ֔ה	3068	HNp
069LD	Josh.24.31	כֹּ֖ל	3605	HNcmsc
06MnJ	Josh.24.31	יְמֵ֣י	3117	HNcmpc
06a4D	Josh.24.31	יְהוֹשֻׁ֑עַ	3091	HNp
06yxF	Josh.24.31	וְ/כֹ֣ל	c/3605	HC/Ncmsc
06Rb8	Josh.24.31	יְמֵ֣י	3117	HNcmpc
06CN5	Josh.24.31	הַ/זְּקֵנִ֗ים	d/2205	HTd/Aampa
06u25	Josh.24.31	אֲשֶׁ֨ר	834 a	HTr
06qSq	Josh.24.31	הֶאֱרִ֤יכוּ	748	HVhp3cp
06AMc	Josh.24.31	יָמִים֙	3117	HNcmpa
06Adu	Josh.24.31	אַחֲרֵ֣י	310 a	HR
06sh6	Josh.24.31	יְהוֹשֻׁ֔עַ	3091	HNp
06Az8	Josh.24.31	וַ/אֲשֶׁ֣ר	c/834 a	HC/Tr
06z7z	Josh.24.31	יָדְע֗וּ	3045	HVqp3cp
06Gyr	Josh.24.31	אֵ֚ת	853	HTo
069AQ	Josh.24.31	כָּל	3605	HNcmsc
06FMj	Josh.24.31	מַעֲשֵׂ֣ה	4639	HNcmsc
06VET	Josh.24.31	יְהוָ֔ה	3068	HNp
06pwL	Josh.24.31	אֲשֶׁ֥ר	834 a	HTr
06Ap2	Josh.24.31	עָשָׂ֖ה	6213 a	HVqp3ms
06ZZu	Josh.24.31	לְ/יִשְׂרָאֵֽל	l/3478	HR/Np
06Gw5	Josh.24.32	וְ/אֶת	c/853	HC/To
064uN	Josh.24.32	עַצְמ֣וֹת	6106	HNcfpc
06Tau	Josh.24.32	י֠וֹסֵף	3130	HNp
06tv5	Josh.24.32	אֲשֶׁר	834 a	HTr
06zV6	Josh.24.32	הֶעֱל֨וּ	5927	HVhp3cp
06DF1	Josh.24.32	בְנֵי	1121 a	HNcmpc
06UwN	Josh.24.32	יִשְׂרָאֵ֥ל	3478	HNp
06wi6	Josh.24.32	מִ/מִּצְרַיִם֮	m/4714	HR/Np
06p3S	Josh.24.32	קָבְר֣וּ	6912	HVqp3cp
06eBV	Josh.24.32	בִ/שְׁכֶם֒	b/7927	HR/Np
06xzL	Josh.24.32	בְּ/חֶלְקַ֣ת	b/2513 a	HR/Ncfsc
06khJ	Josh.24.32	הַ/שָּׂדֶ֗ה	d/7704 b	HTd/Ncmsa
06ftY	Josh.24.32	אֲשֶׁ֨ר	834 a	HTr
06opc	Josh.24.32	קָנָ֧ה	7069	HVqp3ms
06oMo	Josh.24.32	יַעֲקֹ֛ב	3290	HNp
06dqs	Josh.24.32	מֵ/אֵ֛ת	m/854	HR/R
064Bp	Josh.24.32	בְּנֵֽי	1121 a	HNcmpc
06G2P	Josh.24.32	חֲמ֥וֹר	2544	HNp
0616d	Josh.24.32	אֲבִֽי	1	HNcmsc
064RU	Josh.24.32	שְׁכֶ֖ם	7927	HNp
06uUK	Josh.24.32	בְּ/מֵאָ֣ה	b/3967	HR/Acbsa
06Tyx	Josh.24.32	קְשִׂיטָ֑ה	7192	HNcfsa
06eU2	Josh.24.32	וַ/יִּֽהְי֥וּ	c/1961	HC/Vqw3mp
06CCe	Josh.24.32	לִ/בְנֵֽי	l/1121 a	HR/Ncmpc
06fFD	Josh.24.32	יוֹסֵ֖ף	3130	HNp
06dpH	Josh.24.32	לְ/נַחֲלָֽה	l/5159	HR/Ncfsa
06wBW	Josh.24.33	וְ/אֶלְעָזָ֥ר	c/499	HC/Np
06JYr	Josh.24.33	בֶּֽן	1121 a	HNcmsc
06hNG	Josh.24.33	אַהֲרֹ֖ן	175	HNp
06tbb	Josh.24.33	מֵ֑ת	4191	HVqp3ms
06Ve8	Josh.24.33	וַ/יִּקְבְּר֣וּ	c/6912	HC/Vqw3mp
06qLd	Josh.24.33	אֹת֗/וֹ	853	HTo/Sp3ms
067Jc	Josh.24.33	בְּ/גִבְעַת֙	b/1389	HR/Ncfsc
06p5E	Josh.24.33	פִּֽינְחָ֣ס	6372	HNp
068nB	Josh.24.33	בְּנ֔/וֹ	1121 a	HNcmsc/Sp3ms
06EvJ	Josh.24.33	אֲשֶׁ֥ר	834 a	HTr
0647G	Josh.24.33	נִתַּן	5414	HVNp3ms
06QcW	Josh.24.33	ל֖/וֹ	l	HR/Sp3ms
06TMj	Josh.24.33	בְּ/הַ֥ר	b/2022	HR/Ncmsc
06g4h	Josh.24.33	אֶפְרָֽיִם	669	HNp
